,product_name,link, product_images,price,details,Colours,brand
0,PACK OF 2 STRIPED POPLIN BOXERS,https://www.zara.com/in/en/pack-of-2-striped-poplin-boxers-p01063301.html,"[{'https://static.zara.net/photos///2023/I/0/2/p/1063/301/401/2/w/448/1063301401_6_1_1.jpg?ts=1691411229580': 'Image 0 of PACK OF 2 STRIPED POPLIN BOXERS from Zara'}, {'https://static.zara.net/photos///2023/I/0/2/p/1063/301/401/2/w/448/1063301401_6_2_1.jpg?ts=1690363286583': 'Image 1 of PACK OF 2 STRIPED POPLIN BOXERS from Zara'}]",1990,Pack of 2 pairs of boxers made of poplin fabric. Elastic waistband.,black,nike
3,PACK OF 2 STRIPED POPLIN BOXERS,https://www.zara.com/in/en/pack-of-2-striped-poplin-boxers-p00775304.html,"[{'https://static.zara.net/photos///2023/I/0/2/p/0775/304/555/2/w/448/0775304555_6_1_1.jpg?ts=1685087981331': 'Image 0 of PACK OF 2 STRIPED POPLIN BOXERS from Zara'}, {'https://static.zara.net/photos///2023/I/0/2/p/0775/304/555/2/w/448/0775304555_6_2_1.jpg?ts=1685087980466': 'Image 1 of PACK OF 2 STRIPED POPLIN BOXERS from Zara'}]",1990,Pack of 2 pairs of boxers made of cotton poplin fabric. Elasticated waistband.,white,addidas
5,2-PACK OF SHORT POPLIN BOXERS,https://www.zara.com/in/en/2-pack-of-short-poplin-boxers-p01063308.html,"[{'https://static.zara.net/photos///2023/I/0/2/p/1063/308/555/2/w/448/1063308555_6_1_1.jpg?ts=1692953919685': 'Image 0 of 2-PACK OF SHORT POPLIN BOXERS from Zara'}, {'https://static.zara.net/photos///2023/I/0/2/p/1063/308/555/2/w/448/1063308555_6_2_1.jpg?ts=1692953919428': 'Image 1 of 2-PACK OF SHORT POPLIN BOXERS from Zara'}]",1990,Pack of 2 pairs of short boxers made of cotton poplin fabric. Elasticated waistband.,green,zara
7,2-PACK OF BOXERS WITH CUTWORK EMBROIDERY,https://www.zara.com/in/en/2-pack-of-boxers-with-cutwork-embroidery-p00775307.html,"[{'https://static.zara.net/photos///2023/I/0/2/p/0775/307/555/2/w/448/0775307555_6_1_1.jpg?ts=1688110429483': 'Image 0 of 2-PACK OF BOXERS WITH CUTWORK EMBROIDERY from Zara'}, {'https://static.zara.net/photos///2023/I/0/2/p/0775/307/555/2/w/448/0775307555_6_2_1.jpg?ts=1688110431990': 'Image 1 of 2-PACK OF BOXERS WITH CUTWORK EMBROIDERY from Zara'}]",2590,Pack of 2 pairs of boxers made of poplin. Elasticated waistband. Cutwork embroidery all over the garment.,white,puma
8,3-PACK OF BASIC BOXERS,https://www.zara.com/in/en/3-pack-of-basic-boxers-p04442405.html,"[{'https://static.zara.net/photos///2023/I/0/2/p/4442/405/250/2/w/448/4442405250_6_1_1.jpg?ts=1691587305797': 'Image 0 of 3-PACK OF BASIC BOXERS from Zara'}, {'https://static.zara.net/photos///2023/I/0/2/p/4442/405/250/2/w/448/4442405250_6_2_1.jpg?ts=1691587305823': 'Image 1 of 3-PACK OF BASIC BOXERS from Zara'}]",1990,Pack of 3 pairs of boxers with an elastic waistband.,white,nike
10,3-PACK OF BASIC BOXERS,https://www.zara.com/in/en/3-pack-of-basic-boxers-p03661300.html,"[{'https://static.zara.net/photos///2023/V/0/2/p/3661/401/555/2/w/448/3661401555_6_1_1.jpg?ts=1680518949636': 'Image 0 of 3-PACK OF BASIC BOXERS from Zara'}, {'https://static.zara.net/photos///2023/V/0/2/p/3661/401/555/2/w/448/3661401555_6_2_1.jpg?ts=1680518949197': 'Image 1 of 3-PACK OF BASIC BOXERS from Zara'}]",1990,Pack of 3 pairs of boxers with an elasticated waistband.,white,addidas
16,PACK OF 3 SOFT BOXERS,https://www.zara.com/in/en/pack-of-3-soft-boxers-p04442307.html,"[{'https://static.zara.net/photos///2023/I/0/2/p/4442/307/555/2/w/448/4442307555_6_1_1.jpg?ts=1692953919902': 'Image 0 of PACK OF 3 SOFT BOXERS from Zara'}, {'https://static.zara.net/photos///2023/I/0/2/p/4442/307/555/2/w/448/4442307555_6_2_1.jpg?ts=1692953919307': 'Image 1 of PACK OF 3 SOFT BOXERS from Zara'}]",1990,Pack of three boxers with an elastic waistband. Fabric with a velvety finish.,red,zara
17,PACK OF 3 SOFT BOXERS,https://www.zara.com/in/en/pack-of-3-soft-boxers-p04442306.html,"[{'https://static.zara.net/photos///2023/I/0/2/p/4442/306/555/2/w/448/4442306555_6_1_1.jpg?ts=1691587306492': 'Image 0 of PACK OF 3 SOFT BOXERS from Zara'}, {'https://static.zara.net/photos///2023/I/0/2/p/4442/306/555/2/w/448/4442306555_6_2_1.jpg?ts=1691587306424': 'Image 1 of PACK OF 3 SOFT BOXERS from Zara'}]",1990,Pack of three boxers made of a velvety-finish fabric. Elastic waistband.,white,puma
18,3-PACK OF ASSORTED BOXERS,https://www.zara.com/in/en/3-pack-of-assorted-boxers-p04442311.html,"[{'https://static.zara.net/photos///2023/I/0/2/p/4442/311/555/2/w/448/4442311555_6_1_1.jpg?ts=1692790057824': 'Image 0 of 3-PACK OF ASSORTED BOXERS from Zara'}, {'https://static.zara.net/photos///2023/I/0/2/p/4442/311/555/2/w/448/4442311555_6_2_1.jpg?ts=1692790057662': 'Image 1 of 3-PACK OF ASSORTED BOXERS from Zara'}]",1990,Pack of three boxers with an elastic waistband. Fabric with a faded finish.,brown,nike
21,3-PACK OF ASSORTED BRIEFS,https://www.zara.com/in/en/3-pack-of-assorted-briefs-p03661304.html,"[{'https://static.zara.net/photos///2023/I/0/2/p/3661/304/555/2/w/448/3661304555_6_1_1.jpg?ts=1691752221311': 'Image 0 of 3-PACK OF ASSORTED BRIEFS from Zara'}, {'https://static.zara.net/photos///2023/I/0/2/p/3661/304/555/2/w/448/3661304555_6_2_1.jpg?ts=1691752221319': 'Image 1 of 3-PACK OF ASSORTED BRIEFS from Zara'}]",1990,Pack of 3 pairs of briefs with an elasticated waistband.,white,addidas
25,SMART LEATHER BELT,https://www.zara.com/in/en/smart-leather-belt-p02823407.html,"[{'https://static.zara.net/photos///2023/I/0/2/p/2823/407/800/32/w/448/2823407800_1_1_1.jpg?ts=1692806802807': 'Image 0 of SMART LEATHER BELT from Zara'}, {'https://static.zara.net/photos///2023/I/0/2/p/2823/407/800/2/w/448/2823407800_6_1_1.jpg?ts=1692883294436': 'Image 1 of SMART LEATHER BELT from Zara'}]",2990,Leather belt. Fastening with metal buckle and belt loop.,black,zara
33,LEATHER BELT,https://www.zara.com/in/en/leather-belt-p05717301.html,"[{'https://static.zara.net/photos///2023/I/0/2/p/5717/301/705/2/w/448/5717301705_6_1_1.jpg?ts=1689260306274': 'Image 0 of LEATHER BELT from Zara'}, {'https://static.zara.net/photos///2023/I/0/2/p/5717/301/705/2/w/448/5717301705_6_2_1.jpg?ts=1689260306523': 'Image 1 of LEATHER BELT from Zara'}]",2990,Leather belt with a nubuck finish. Fastening with metal buckle and loop.,brown,puma
34,FADED LEATHER BELT,https://www.zara.com/in/en/faded-leather-belt-p05919312.html,"[{'https://static.zara.net/photos///2023/I/0/2/p/5919/312/800/2/w/448/5919312800_6_1_1.jpg?ts=1690470215826': 'Image 0 of FADED LEATHER BELT from Zara'}, {'https://static.zara.net/photos///2023/I/0/2/p/5919/312/800/2/w/448/5919312800_6_2_1.jpg?ts=1690470215749': 'Image 1 of FADED LEATHER BELT from Zara'}]",2990,Faded leather belt with metal buckle fastening.,brown,nike
35,THIN LEATHER BELT,https://www.zara.com/in/en/thin-leather-belt-p06399403.html,"[{'https://static.zara.net/photos///2023/I/0/2/p/6399/403/832/2/w/448/6399403832_6_1_1.jpg?ts=1692350271232': 'Image 0 of THIN LEATHER BELT from Zara'}, {'https://static.zara.net/photos///2023/I/0/2/p/6399/403/832/2/w/448/6399403832_6_2_1.jpg?ts=1692350272296': 'Image 1 of THIN LEATHER BELT from Zara'}]",2990,Thin leather belt. Fastens with metal buckle and loop.,brown,addidas
36,SPLIT SUEDE BELT,https://www.zara.com/in/en/split-suede-belt-p06399401.html,"[{'https://static.zara.net/photos///2023/I/0/2/p/6399/401/737/2/w/448/6399401737_6_1_1.jpg?ts=1683819347036': 'Image 0 of SPLIT SUEDE BELT from Zara'}, {'https://static.zara.net/photos///2023/I/0/2/p/6399/401/737/2/w/448/6399401737_6_2_1.jpg?ts=1683819347068': 'Image 1 of SPLIT SUEDE BELT from Zara'}]",2590,Leather belt with a split suede finish. Topstitching detail. Fastening with a metal buckle and belt loop.,brown,zara
37,CONTRAST LEATHER BELT,https://www.zara.com/in/en/contrast-leather-belt-p02823303.html,"[{'https://static.zara.net/photos///2023/I/0/2/p/2823/303/746/2/w/448/2823303746_6_1_1.jpg?ts=1686123672080': 'Image 0 of CONTRAST LEATHER BELT from Zara'}, {'https://static.zara.net/photos///2023/I/0/2/p/2823/303/746/2/w/448/2823303746_6_2_1.jpg?ts=1686123672559': 'Image 1 of CONTRAST LEATHER BELT from Zara'}]",2990,Leather belt. Contrast topstitching detail. Fastens with a metal buckle and loop.,brown,puma
38,LEATHER BELT,https://www.zara.com/in/en/leather-belt-p02823307.html,"[{'https://static.zara.net/photos///2023/I/0/2/p/2823/307/800/2/w/448/2823307800_6_1_1.jpg?ts=1690187824999': 'Image 0 of LEATHER BELT from Zara'}, {'https://static.zara.net/photos///2023/I/0/2/p/2823/307/800/2/w/448/2823307800_6_2_1.jpg?ts=1690187825830': 'Image 1 of LEATHER BELT from Zara'}]",2990,Leather belt. Metallic eyelets. Fastening with metallic buckle and belt loop.,black,nike
40,LEATHER BELT,https://www.zara.com/in/en/leather-belt-p05919306.html,"[{'https://static.zara.net/photos///2023/I/0/2/p/5919/306/800/2/w/448/5919306800_6_1_1.jpg?ts=1689260306189': 'Image 0 of LEATHER BELT from Zara'}, {'https://static.zara.net/photos///2023/I/0/2/p/5919/306/800/2/w/448/5919306800_6_2_1.jpg?ts=1689260295796': 'Image 1 of LEATHER BELT from Zara'}]",2990,Leather belt. Metal loop and buckle fastening with embossed details.,black,addidas
41,LEATHER BELT,https://www.zara.com/in/en/leather-belt-p05919303.html,"[{'https://static.zara.net/photos///2023/I/0/2/p/5919/303/800/2/w/448/5919303800_6_1_1.jpg?ts=1688713056878': 'Image 0 of LEATHER BELT from Zara'}, {'https://static.zara.net/photos///2023/I/0/2/p/5919/303/800/2/w/448/5919303800_6_2_1.jpg?ts=1688713059394': 'Image 1 of LEATHER BELT from Zara'}]",2990,Thin leather belt with metal buckle fastening.,black,zara
42,SPLIT SUEDE BELT,https://www.zara.com/in/en/split-suede-belt-p02823409.html,"[{'https://static.zara.net/photos///2023/I/0/2/p/2823/409/702/2/w/448/2823409702_6_1_1.jpg?ts=1692790067427': 'Image 0 of SPLIT SUEDE BELT from Zara'}, {'https://static.zara.net/photos///2023/I/0/2/p/2823/409/702/2/w/448/2823409702_6_2_1.jpg?ts=1692790067424': 'Image 1 of SPLIT SUEDE BELT from Zara'}]",2990,Narrow leather belt with a split suede finish. Fastening with metal buckle and loop.,brown,puma
43,THIN LEATHER BELT,https://www.zara.com/in/en/thin-leather-belt-p05919307.html,"[{'https://static.zara.net/photos///2023/I/0/2/p/5919/307/700/2/w/448/5919307700_6_1_1.jpg?ts=1691739356850': 'Image 0 of THIN LEATHER BELT from Zara'}, {'https://static.zara.net/photos///2023/I/0/2/p/5919/307/700/2/w/448/5919307700_6_2_1.jpg?ts=1691739358288': 'Image 1 of THIN LEATHER BELT from Zara'}]",2990,Leather belt. Metal loop and buckle fastening.,brown,nike
46,BRAIDED STRETCH BELT,https://www.zara.com/in/en/braided-stretch-belt-p02823306.html,"[{'https://static.zara.net/photos///2023/I/0/2/p/2823/306/800/2/w/448/2823306800_6_1_1.jpg?ts=1689591106266': 'Image 0 of BRAIDED STRETCH BELT from Zara'}, {'https://static.zara.net/photos///2023/I/0/2/p/2823/306/800/2/w/448/2823306800_6_2_1.jpg?ts=1689591106205': 'Image 1 of BRAIDED STRETCH BELT from Zara'}]",2990,Elastic belt. Leather trims. Fastens with metal buckle and loop.,black,addidas
47,EMBOSSED LEATHER BELT,https://www.zara.com/in/en/embossed-leather-belt-p02823304.html,"[{'https://static.zara.net/photos///2023/I/0/2/p/2823/304/702/2/w/448/2823304702_6_1_1.jpg?ts=1689924373743': 'Image 0 of EMBOSSED LEATHER BELT from Zara'}, {'https://static.zara.net/photos///2023/I/0/2/p/2823/304/702/2/w/448/2823304702_6_2_1.jpg?ts=1689924374043': 'Image 1 of EMBOSSED LEATHER BELT from Zara'}]",2990,Leather belt. Embossed geometric detail. Fastening with metallic buckle and belt loop.,brown,zara
48,BRAIDED BELT,https://www.zara.com/in/en/braided-belt-p02823305.html,"[{'https://static.zara.net/photos///2023/I/0/2/p/2823/305/500/2/w/448/2823305500_6_1_1.jpg?ts=1689924373698': 'Image 0 of BRAIDED BELT from Zara'}, {'https://static.zara.net/photos///2023/I/0/2/p/2823/305/500/2/w/448/2823305500_6_2_1.jpg?ts=1689924373846': 'Image 1 of BRAIDED BELT from Zara'}]",2590,Plaited cotton belt. Fastening with metallic buckle and belt loop.,green,puma
49,STRETCH REVERSIBLE BELT,https://www.zara.com/in/en/stretch-reversible-belt-p02823302.html,"[{'https://static.zara.net/photos///2023/I/0/2/p/2823/302/800/2/w/448/2823302800_6_1_1.jpg?ts=1688714104398': 'Image 0 of STRETCH REVERSIBLE BELT from Zara'}, {'https://static.zara.net/photos///2023/I/0/2/p/2823/302/800/2/w/448/2823302800_6_2_1.jpg?ts=1688714104679': 'Image 1 of STRETCH REVERSIBLE BELT from Zara'}]",2990,Reversible stretch belt. Leather trims. Buckle and loop fastening.,black,nike
50,REVERSIBLE LEATHER BELT,https://www.zara.com/in/en/reversible-leather-belt-p05919401.html,"[{'https://static.zara.net/photos///2023/V/0/2/p/5919/401/800/2/w/448/5919401800_6_1_1.jpg?ts=1675328793662': 'Image 0 of REVERSIBLE LEATHER BELT from Zara'}, {'https://static.zara.net/photos///2023/V/0/2/p/5919/401/800/2/w/448/5919401800_6_2_1.jpg?ts=1675328845528': 'Image 1 of REVERSIBLE LEATHER BELT from Zara'}]",2890,Reversible leather belt. Buckle and loop fastening.,black,addidas
52,REVERSIBLE LEATHER BELT,https://www.zara.com/in/en/reversible-leather-belt-p06907406.html,"[{'https://static.zara.net/photos///2023/V/0/2/p/6907/406/800/2/w/448/6907406800_6_1_1.jpg?ts=1674036216150': 'Image 0 of REVERSIBLE LEATHER BELT from Zara'}, {'https://static.zara.net/photos///2023/V/0/2/p/6907/406/800/2/w/448/6907406800_6_2_1.jpg?ts=1674036217196': 'Image 1 of REVERSIBLE LEATHER BELT from Zara'}]",2890,Reversible leather belt. Metal loop and buckle fastening.,black,zara
54,REVERSIBLE LEATHER BELT,https://www.zara.com/in/en/reversible-leather-belt-p05919302.html,"[{'https://static.zara.net/photos///2023/I/0/2/p/5919/302/746/2/w/448/5919302746_6_1_1.jpg?ts=1685693915753': 'Image 0 of REVERSIBLE LEATHER BELT from Zara'}, {'https://static.zara.net/photos///2023/I/0/2/p/5919/302/746/2/w/448/5919302746_6_2_1.jpg?ts=1685693915909': 'Image 1 of REVERSIBLE LEATHER BELT from Zara'}]",2990,Reversible leather belt. Metallic buckle and loop fastening.,brown,puma
55,PACK OF 3 RIBBED SOCKS,https://www.zara.com/in/en/pack-of-3-ribbed-socks-p03992300.html,"[{'https://static.zara.net/photos///2023/I/0/2/p/3992/300/800/2/w/448/3992300800_6_1_1.jpg?ts=1690803332071': 'Image 0 of PACK OF 3 RIBBED SOCKS from Zara'}, {'https://static.zara.net/photos///2023/I/0/2/p/3992/300/800/2/w/448/3992300800_6_2_1.jpg?ts=1690803332081': 'Image 1 of PACK OF 3 RIBBED SOCKS from Zara'}]",990,Pack of three pairs of ribbed knit socks with ribbed elasticated trims.,black,nike
59,3-PACK OF MERCERISED COTTON SOCKS,https://www.zara.com/in/en/3-pack-of-mercerised-cotton-socks-p06389400.html,"[{'https://static.zara.net/photos///2022/I/0/2/p/6389/400/800/2/w/448/6389400800_6_1_1.jpg?ts=1661175210049': 'Image 0 of 3-PACK OF MERCERISED COTTON SOCKS from Zara'}, {'https://static.zara.net/photos///2022/I/0/2/p/6389/400/800/2/w/448/6389400800_6_2_1.jpg?ts=1661175208319': 'Image 1 of 3-PACK OF MERCERISED COTTON SOCKS from Zara'}]",1590,Pack of 3 pairs of ribbed knit socks with a mercerised cotton finish and ribbed elastic trims.,black,addidas
61,3-PACK OF COMBINED SOCKS,https://www.zara.com/in/en/3-pack-of-combined-socks-p00348321.html,"[{'https://static.zara.net/photos///2023/I/0/2/p/0348/321/555/2/w/448/0348321555_6_1_1.jpg?ts=1692790067423': 'Image 0 of 3-PACK OF COMBINED SOCKS from Zara'}, {'https://static.zara.net/photos///2023/I/0/2/p/0348/321/555/2/w/448/0348321555_6_2_1.jpg?ts=1692790067419': 'Image 1 of 3-PACK OF COMBINED SOCKS from Zara'}]",990,Pack of 3 pairs of lightweight socks made of a spun cotton blend fabric. Ribbed trims.,brown,zara
62,3-PACK OF MATCHING SOCKS,https://www.zara.com/in/en/3-pack-of-matching-socks-p03992328.html,"[{'https://static.zara.net/photos///2023/I/0/2/p/3992/328/555/2/w/448/3992328555_6_1_1.jpg?ts=1688713058666': 'Image 0 of 3-PACK OF MATCHING SOCKS from Zara'}, {'https://static.zara.net/photos///2023/I/0/2/p/3992/328/555/2/w/448/3992328555_6_2_1.jpg?ts=1688713058342': 'Image 1 of 3-PACK OF MATCHING SOCKS from Zara'}]",990,Pack of 3 pairs of socks made of a spun cotton blend fabric. Ribbed trims.,blue,puma
64,PACK OF 3 RIBBED SOCKS,https://www.zara.com/in/en/pack-of-3-ribbed-socks-p03992309.html,"[{'https://static.zara.net/photos///2023/I/0/2/p/3992/309/555/2/w/448/3992309555_6_1_1.jpg?ts=1688111367562': 'Image 0 of PACK OF 3 RIBBED SOCKS from Zara'}, {'https://static.zara.net/photos///2023/I/0/2/p/3992/309/555/2/w/448/3992309555_6_2_1.jpg?ts=1688111368271': 'Image 1 of PACK OF 3 RIBBED SOCKS from Zara'}]",990,Pack of three pairs of knit socks with ribbed trims.,white,nike
65,SOCKS WITH STRIPE AND EMBROIDERY,https://www.zara.com/in/en/socks-with-stripe-and-embroidery-p00348319.html,"[{'https://static.zara.net/photos///2023/I/0/2/p/0348/319/507/2/w/448/0348319507_6_1_1.jpg?ts=1693207611797': 'Image 0 of SOCKS WITH STRIPE AND EMBROIDERY from Zara'}, {'https://static.zara.net/photos///2023/I/0/2/p/0348/319/507/2/w/0/0348319507_6_2_1.jpg?ts=1693207611731': 'Image 1 of SOCKS WITH STRIPE AND EMBROIDERY from Zara'}]",690,Socks made of a spun cotton blend. Matching embroidery detail. Ribbed trims.,green,addidas
69,PACK OF 4 ANKLE SOCKS,https://www.zara.com/in/en/pack-of-4-ankle-socks-p00348485.html,"[{'https://static.zara.net/photos///2023/V/0/2/p/0348/485/250/2/w/448/0348485250_6_1_1.jpg?ts=1676891337982': 'Image 0 of PACK OF 4 ANKLE SOCKS from Zara'}, {'https://static.zara.net/photos///2023/V/0/2/p/0348/485/250/2/w/448/0348485250_6_2_1.jpg?ts=1676891338281': 'Image 1 of PACK OF 4 ANKLE SOCKS from Zara'}]",990,Pack of four pairs of ankle socks made of a spun cotton blend fabric. Ribbed trims.,white,zara
72,4-PACK OF NO-SHOW SOCKS,https://www.zara.com/in/en/4-pack-of-no-show-socks-p00348407.html,"[{'https://static.zara.net/photos///2023/V/0/2/p/0348/407/250/2/w/448/0348407250_6_1_1.jpg?ts=1672908227874': 'Image 0 of 4-PACK OF NO-SHOW SOCKS from Zara'}, {'https://static.zara.net/photos///2023/V/0/2/p/0348/407/250/2/w/448/0348407250_6_2_1.jpg?ts=1672908230603': 'Image 1 of 4-PACK OF NO-SHOW SOCKS from Zara'}]",990,Pack of no-show ankle socks made of a cotton blend fabric. Ribbed trims.,white,puma
74,4-PACK OF NO-SHOW SOCKS,https://www.zara.com/in/en/4-pack-of-no-show-socks-p00348482.html,"[{'https://static.zara.net/photos///2023/V/0/2/p/0348/482/555/2/w/448/0348482555_6_1_1.jpg?ts=1675854282846': 'Image 0 of 4-PACK OF NO-SHOW SOCKS from Zara'}, {'https://static.zara.net/photos///2023/V/0/2/p/0348/482/555/2/w/448/0348482555_6_2_1.jpg?ts=1675854283511': 'Image 1 of 4-PACK OF NO-SHOW SOCKS from Zara'}]",990,Pack of four pairs of no-show ankle socks made of a spun cotton blend fabric. Ribbed trims.,white,nike
76,4-PACK OF NO-SHOW SOCKS,https://www.zara.com/in/en/4-pack-of-no-show-socks-p00348402.html,"[{'https://static.zara.net/photos///2023/V/0/2/p/0348/400/800/2/w/448/0348400800_6_1_1.jpg?ts=1672908228701': 'Image 0 of 4-PACK OF NO-SHOW SOCKS from Zara'}, {'https://static.zara.net/photos///2023/V/0/2/p/0348/400/800/2/w/448/0348400800_6_2_1.jpg?ts=1672908231482': 'Image 1 of 4-PACK OF NO-SHOW SOCKS from Zara'}]",990,Pack of four pairs of no-show socks made of a cotton blend fabric. Ribbed trims.,black,addidas
78,4-PACK OF NO-SHOW SOCKS,https://www.zara.com/in/en/4-pack-of-no-show-socks-p00348305.html,"[{'https://static.zara.net/photos///2023/I/0/2/p/0348/305/555/2/w/448/0348305555_6_1_1.jpg?ts=1686123672463': 'Image 0 of 4-PACK OF NO-SHOW SOCKS from Zara'}, {'https://static.zara.net/photos///2023/I/0/2/p/0348/305/555/2/w/448/0348305555_6_2_1.jpg?ts=1686123672856': 'Image 1 of 4-PACK OF NO-SHOW SOCKS from Zara'}]",990,Pack of 4 pairs of no-show socks made of a spun cotton blend fabric. Ribbed trims.,white,zara
87,PACK OF 3 STRIPED SOCKS,https://www.zara.com/in/en/pack-of-3-striped-socks-p03992416.html,"[{'https://static.zara.net/photos///2023/V/0/2/p/3992/416/250/2/w/448/3992416250_6_1_1.jpg?ts=1681310780550': 'Image 0 of PACK OF 3 STRIPED SOCKS from Zara'}, {'https://static.zara.net/photos///2023/V/0/2/p/3992/416/250/2/w/448/3992416250_6_2_1.jpg?ts=1681310780418': 'Image 1 of PACK OF 3 STRIPED SOCKS from Zara'}]",990,Ribbed knit socks with ribbed elastic trims. Contrast stripe detail.,white,puma
93,ROLLTOP SPORTS BACKPACK,https://www.zara.com/in/en/rolltop-sports-backpack-p13240220.html,"[{'https://static.zara.net/photos///2023/I/1/2/p/3240/220/800/2/w/448/3240220800_6_1_1.jpg?ts=1692268022274': 'Image 0 of ROLLTOP SPORTS BACKPACK from Zara'}, {'https://static.zara.net/photos///2023/I/1/2/p/3240/220/800/2/w/448/3240220800_6_2_1.jpg?ts=1692268022277': 'Image 1 of ROLLTOP SPORTS BACKPACK from Zara'}]",4990,"Multi-pocket backpack. Combination of materials on the exterior. The main compartment fastens with a zip and rolls up with clip buckles on both sides. It also opens from the front with a zip closure. Two small front pockets with thermo-sealed zip fastening. Featuring two adjustable mesh pockets on the sides. Top handle and two adjustable, breathable shoulder straps. Each compartment has a thermo-sealed zip closure. Ergonomic padded back for improved comfort during use. Adjustable chest with clip buckle fastening.Height x Length x Width 44 x 27 x 14 cm. / 17.3 x 10.6 x 5.5″View more",black,nike
94,TECHNICAL BUCKET HAT,https://www.zara.com/in/en/technical-bucket-hat-p05875301.html,"[{'https://static.zara.net/photos///2023/I/0/2/p/5875/301/250/2/w/448/5875301250_1_1_1.jpg?ts=1691052738297': 'Image 0 of TECHNICAL BUCKET HAT from Zara'}, {'https://static.zara.net/photos///2023/I/0/2/p/5875/301/250/2/w/448/5875301250_2_1_1.jpg?ts=1691052740048': 'Image 1 of TECHNICAL BUCKET HAT from Zara'}]",1990,Bucket hat made of breathable stretch fabric. Adjustable matching drawstring.Zara Athleticz.,white,addidas
95,NYLON BELT BAG,https://www.zara.com/in/en/nylon-belt-bag-p13640220.html,"[{'https://static.zara.net/photos///2023/I/1/2/p/3640/220/202/612/w/448/3640220202_6_1_1.jpg?ts=1692352453916': 'Image 0 of NYLON BELT BAG from Zara'}, {'https://static.zara.net/photos///2023/I/1/2/p/3640/220/202/612/w/448/3640220202_6_2_1.jpg?ts=1692352454902': 'Image 1 of NYLON BELT BAG from Zara'}]",2590,Soft belt bag. Technical fabric upper. Main compartment with zip closure. Front pocket with technical clasp. Adjustable handle with clip buckle. Height x Length: 18.5 x 37 cm. / 7.2 x 14.5″View more,brown,zara
96,ATHLETICZ LAKEN® 0.75L / 25 oz THERMOS BOTTLE,https://www.zara.com/in/en/athleticz-laken--0-75l---25-oz-thermos-bottle-p13907120.html,"[{'https://static.zara.net/photos///2023/I/1/2/p/3907/120/001/2/3907120001_16_1_1/w/448/poster.jpg?ts=1691142762736': 'Image 0 of ATHLETICZ LAKEN® 0.75L / 25\xa0oz THERMOS BOTTLE from Zara'}, {'https://static.zara.net/photos///2023/I/1/2/p/3907/120/001/612/w/448/3907120001_6_1_1.jpg?ts=1692352454311': 'Image 1 of ATHLETICZ LAKEN® 0.75L / 25\xa0oz THERMOS BOTTLE from Zara'}]",2890,"Thermos bottle made of LAKEN® brand stainless steel. It has a cap with a screw-type closure and an automatic button to drink through the mouthpiece. 0.75 litre capacity.- Free of BPA, phthalates or other harmful substances.- Internal coating of polyamide varnish, free of epoxy resin, totally safe and very resistant, which completely insulates thecontent and protects it. It does not break or crack due to dents or blows- Does not retain or impart flavours- Reusable and recyclable- Hermetic closureView more",white,puma
97,TECHNICAL BUCKET HAT,https://www.zara.com/in/en/technical-bucket-hat-p05875400.html,"[{'https://static.zara.net/photos///2023/I/0/2/p/5875/400/700/2/w/448/5875400700_1_1_1.jpg?ts=1687950698709': 'Image 0 of TECHNICAL BUCKET HAT from Zara'}, {'https://static.zara.net/photos///2023/I/0/2/p/5875/400/700/2/w/448/5875400700_6_1_1.jpg?ts=1687938652127': 'Image 1 of TECHNICAL BUCKET HAT from Zara'}]",2290,Hat made of lightweight technical fabric. Featuring a wide brim with topstitching detail and adjustable chin tie.Zara Athleticz.,brown,nike
98,TECHNICAL BACKPACK,https://www.zara.com/in/en/technical-backpack-p13241220.html,"[{'https://static.zara.net/photos///2023/I/1/2/p/3241/220/802/2/w/448/3241220802_6_1_1.jpg?ts=1692887333245': 'Image 0 of TECHNICAL BACKPACK from Zara'}, {'https://static.zara.net/photos///2023/I/1/2/p/3241/220/802/2/w/448/3241220802_6_2_1.jpg?ts=1692887333233': 'Image 1 of TECHNICAL BACKPACK from Zara'}]",4990,"Multi-pocket backpack. The main compartment has zip closure and its interior has three small pockets with zip closure. Featuring two large front pockets, one with zip and the other with adjustable fastening. Side pockets with adjustable fastening. Top handle and two adjustable shoulder straps. Ergonomic padded back for improved comfort during use. Adjustable strap on the chest with clip buckle fastening.Height x Length x Width 44 x 27 x 17 cm. / 17.3 x 10.6 x 6.6″View more",black,addidas
99,SPORTS BACKPACK,https://www.zara.com/in/en/sports-backpack-p13239220.html,"[{'https://static.zara.net/photos///2023/I/1/2/p/3239/220/400/2/w/448/3239220400_1_1_1.jpg?ts=1691052738259': 'Image 0 of SPORTS BACKPACK from Zara'}, {'https://static.zara.net/photos///2023/I/1/2/p/3239/220/400/2/w/448/3239220400_2_1_1.jpg?ts=1691052740641': 'Image 1 of SPORTS BACKPACK from Zara'}]",4990,Multi-pocket backpack. Combination of materials and colours on the exterior. The main compartment fastens with a zip and features an inside pocket without closure for electronic devices of up to 13 inches. On the front it has a flat pocket with zip closure. Adjustable mesh pockets on the sides. Top handle and two adjustable shoulder straps with zip pockets. Ergonomic padded back for improved comfort during use. Adjustable chest strap with clip buckle fastening. Height x Length x Width: 39 x 26 x 13 cm.View more,black,zara
100,BASEBALL TRAINING CAP,https://www.zara.com/in/en/baseball-training-cap-p03920312.html,"[{'https://static.zara.net/photos///2023/I/0/2/p/3920/312/706/2/w/448/3920312706_6_1_1.jpg?ts=1686640606920': 'Image 0 of BASEBALL TRAINING CAP from Zara'}, {'https://static.zara.net/photos///2023/I/0/2/p/3920/312/706/2/w/448/3920312706_6_2_1.jpg?ts=1686640606343': 'Image 1 of BASEBALL TRAINING CAP from Zara'}]",1890,Peak cap with an adjustable strap at the back.Zara Athleticz.,brown,puma
102,CAP,https://www.zara.com/in/en/cap-p02966306.html,"[{'https://static.zara.net/photos///2023/I/0/2/p/2966/306/001/2/w/448/2966306001_6_1_1.jpg?ts=1684420908929': 'Image 0 of CAP from Zara'}, {'https://static.zara.net/photos///2023/I/0/2/p/2966/306/001/2/w/448/2966306001_6_2_1.jpg?ts=1684420909062': 'Image 1 of CAP from Zara'}]",1890,"Cap made of stretchy, breathable fabric. Secure fit with inner elastic band.Zara Athleticz.",blue,nike
103,PACK OF 3 TRAINING SOCKS,https://www.zara.com/in/en/pack-of-3-training-socks-p02496300.html,"[{'https://static.zara.net/photos///2023/I/0/2/p/2496/300/803/2/w/448/2496300803_6_1_1.jpg?ts=1690965973334': 'Image 0 of PACK OF 3 TRAINING SOCKS from Zara'}, {'https://static.zara.net/photos///2023/I/0/2/p/2496/300/803/2/w/448/2496300803_6_2_1.jpg?ts=1690965973781': 'Image 1 of PACK OF 3 TRAINING SOCKS from Zara'}]",990,Pack of 3 pairs of socks made of a spun cotton blend fabric. Ribbed trims.Zara Athleticz.,white,addidas
107,PACK OF 2 TRAINING SOCKS,https://www.zara.com/in/en/pack-of-2-training-socks-p02496310.html,"[{'https://static.zara.net/photos///2023/I/0/2/p/2496/310/802/2/w/448/2496310802_6_1_1.jpg?ts=1690965973365': 'Image 0 of PACK OF 2 TRAINING SOCKS from Zara'}, {'https://static.zara.net/photos///2023/I/0/2/p/2496/310/802/2/w/448/2496310802_6_2_1.jpg?ts=1690965973553': 'Image 1 of PACK OF 2 TRAINING SOCKS from Zara'}]",990,Pack of 2 pairs of seamless socks with ribbed trims.Zara Athleticz.,brown,zara
109,TRAINING SOCKS,https://www.zara.com/in/en/training-socks-p02496309.html,"[{'https://static.zara.net/photos///2023/I/0/2/p/2496/309/121/2/w/448/2496309121_6_1_1.jpg?ts=1687938651972': 'Image 0 of TRAINING SOCKS from Zara'}, {'https://static.zara.net/photos///2023/I/0/2/p/2496/309/121/2/w/448/2496309121_6_2_1.jpg?ts=1687938652762': 'Image 1 of TRAINING SOCKS from Zara'}]",990,Pack of 2 pairs of seamless mesh socks with ribbed trims.,blue,puma
110,GEOMETRIC PRINT SWIMMING TRUNKS,https://www.zara.com/in/en/geometric-print-swimming-trunks-p02634306.html,"[{'https://static.zara.net/photos///2023/I/0/2/p/2634/306/401/2/w/448/2634306401_1_1_1.jpg?ts=1689157213064': 'Image 0 of GEOMETRIC PRINT SWIMMING TRUNKS from Zara'}, {'https://static.zara.net/photos///2023/I/0/2/p/2634/306/401/2/w/448/2634306401_2_1_1.jpg?ts=1689157212748': 'Image 1 of GEOMETRIC PRINT SWIMMING TRUNKS from Zara'}]",2990,Swimming trunks made of technical fabric with a velvety finish. Elasticated waistband with drawstrings. Front pockets and pocket detail at the waist. Rear welt pocket. Lining. Includes a bag in the same fabric.Length of inner leg seam: 13 cm. / 5.1″Length of outer leg seam: 36 cm. / 14.1″View more,blue,nike
112,LONG CARGO SWIMMING TRUNKS,https://www.zara.com/in/en/long-cargo-swimming-trunks-p08574371.html,"[{'https://static.zara.net/photos///2023/I/0/2/p/8574/371/400/2/w/448/8574371400_6_1_1.jpg?ts=1692790056945': 'Image 0 of LONG CARGO SWIMMING TRUNKS from Zara'}, {'https://static.zara.net/photos///2023/I/0/2/p/8574/371/400/2/w/448/8574371400_6_2_1.jpg?ts=1692790057628': 'Image 1 of LONG CARGO SWIMMING TRUNKS from Zara'}]",2590,Swimming trunks made of a velvety-finish technical fabric. Elasticated waistband and adjustable drawstring. Front pockets and a rear pocket. Patch pocket appliqué with a flap on the leg. Lining. Length of inner leg seam: 17 cm. / 6.6″Length of outer leg seam: 41 cm. / 16.1″View more,white,addidas
113,STRIPE PRINT SWIMMING TRUNKS,https://www.zara.com/in/en/stripe-print-swimming-trunks-p08574426.html,"[{'https://static.zara.net/photos///2023/I/0/2/p/8574/426/555/2/w/448/8574426555_6_1_1.jpg?ts=1692790057286': 'Image 0 of STRIPE PRINT SWIMMING TRUNKS from Zara'}, {'https://static.zara.net/photos///2023/I/0/2/p/8574/426/555/2/w/448/8574426555_6_2_1.jpg?ts=1692790057437': 'Image 1 of STRIPE PRINT SWIMMING TRUNKS from Zara'}]",2590,Swimming trunks made of a technical fabric. Elasticated waistband and adjustable drawstring. Side pockets and a rear pocket. Lining.Length of inner leg seam: 12 cm. / 4.7″Length of outer leg seam: 36 cm. / 14.1″View more,blue,zara
116,BASIC SWIMMING TRUNKS,https://www.zara.com/in/en/basic-swimming-trunks-p02634305.html,"[{'https://static.zara.net/photos///2023/I/0/2/p/2634/305/403/2/w/448/2634305403_1_1_1.jpg?ts=1687346680726': 'Image 0 of BASIC SWIMMING TRUNKS from Zara'}, {'https://static.zara.net/photos///2023/I/0/2/p/2634/305/403/2/w/448/2634305403_2_1_1.jpg?ts=1687346682104': 'Image 1 of BASIC SWIMMING TRUNKS from Zara'}]",2290,Swimming trunks made of a technical fabric. Elasticated waistband and adjustable drawstrings. Side pockets and a back patch pocket. Lining.Length of inner leg seam: 11 cm. / 4.3″Length of outer leg seam: 31 cm. / 12.2″View more,black,puma
117,ACID WASH SWIMMING TRUNKS,https://www.zara.com/in/en/acid-wash-swimming-trunks-p02634309.html,"[{'https://static.zara.net/photos///2023/I/0/2/p/2634/309/802/2/w/448/2634309802_6_1_1.jpg?ts=1689162979852': 'Image 0 of ACID WASH SWIMMING TRUNKS from Zara'}, {'https://static.zara.net/photos///2023/I/0/2/p/2634/309/802/2/w/448/2634309802_6_2_1.jpg?ts=1689162979387': 'Image 1 of ACID WASH SWIMMING TRUNKS from Zara'}]",2590,Swimming trunks made of technical fabric. Adjustable elasticated drawstring waistband. Side pockets and back pocket detail. Lining. Side slits at the hems. Faded acid wash.Length of inner leg seam: 17 cm. / 6.6″Length of outer leg seam: 41 cm. / 16.1″View more,blue,nike
118,MOSAIC PRINT SWIMMING TRUNKS,https://www.zara.com/in/en/mosaic-print-swimming-trunks-p00495316.html,"[{'https://static.zara.net/photos///2023/I/0/2/p/0495/316/403/2/w/448/0495316403_6_1_1.jpg?ts=1689260267956': 'Image 0 of MOSAIC PRINT SWIMMING TRUNKS from Zara'}, {'https://static.zara.net/photos///2023/I/0/2/p/0495/316/403/2/w/448/0495316403_6_2_1.jpg?ts=1689260267947': 'Image 1 of MOSAIC PRINT SWIMMING TRUNKS from Zara'}]",2590,Swimming trunks made of technical fabric. Elasticated waistband with adjustable drawstring. Side pockets and a rear patch pocket with a flap. Lining.Length of inner leg seam: 12 cm. / 4.7″Length of outer leg seam: 33 cm. / 12.9″View more,blue,addidas
119,LONG SWIMMING TRUNKS WITH SUN DETAIL,https://www.zara.com/in/en/long-swimming-trunks-with-sun-detail-p08574388.html,"[{'https://static.zara.net/photos///2023/I/0/2/p/8574/388/402/2/w/448/8574388402_6_1_1.jpg?ts=1689260268015': 'Image 0 of LONG SWIMMING TRUNKS WITH SUN DETAIL from Zara'}, {'https://static.zara.net/photos///2023/I/0/2/p/8574/388/402/2/w/448/8574388402_6_2_1.jpg?ts=1689260269043': 'Image 1 of LONG SWIMMING TRUNKS WITH SUN DETAIL from Zara'}]",2590,Swimming trunks made of a velvety-finish technical fabric. Elasticated waistband with adjustable drawstring. Front pockets and a rear zip pocket. Lining. Length of inner leg seam: 17 cm. / 6.6″Length of outer leg seam: 41 cm. / 16.1″View more,blue,zara
120,FLORAL PRINT SWIMMING TRUNKS,https://www.zara.com/in/en/floral-print-swimming-trunks-p02634307.html,"[{'https://static.zara.net/photos///2023/I/0/2/p/2634/307/526/2/w/448/2634307526_6_1_1.jpg?ts=1689260268194': 'Image 0 of FLORAL PRINT SWIMMING TRUNKS from Zara'}, {'https://static.zara.net/photos///2023/I/0/2/p/2634/307/526/2/w/448/2634307526_6_2_1.jpg?ts=1689260268345': 'Image 1 of FLORAL PRINT SWIMMING TRUNKS from Zara'}]",2990,Swimming trunks made of technical fabric. Elasticated waistband with adjustable drawstring. Front pockets and rear welt pocket. Lining. Includes a bag in the same fabric.Length of inner leg seam: 12 cm. / 4.7″Length of outer leg seam: 33 cm. / 12.9″View more,blue,puma
121,STRIPE PRINT SWIMMING TRUNKS,https://www.zara.com/in/en/stripe-print-swimming-trunks-p00495321.html,"[{'https://static.zara.net/photos///2023/I/0/2/p/0495/321/712/2/w/448/0495321712_6_1_1.jpg?ts=1690976519493': 'Image 0 of STRIPE PRINT SWIMMING TRUNKS from Zara'}, {'https://static.zara.net/photos///2023/I/0/2/p/0495/321/712/2/w/0/0495321712_6_2_1.jpg?ts=1690976519464': 'Image 1 of STRIPE PRINT SWIMMING TRUNKS from Zara'}]",2590,Swimming trunks made of a technical fabric. Elasticated waistband and adjustable drawstring. Side pockets and a rear patch pocket. Lining.Length of inner leg seam: 12 cm. / 4.7″Length of outer leg seam: 33 cm. / 12.9″View more,brown,nike
122,LONG SWIMMING TRUNKS,https://www.zara.com/in/en/long-swimming-trunks-p00775400.html,"[{'https://static.zara.net/photos///2023/I/0/2/p/0775/303/514/2/w/448/0775303514_6_1_1.jpg?ts=1689782190044': 'Image 0 of LONG SWIMMING TRUNKS from Zara'}, {'https://static.zara.net/photos///2023/I/0/2/p/0775/303/514/2/w/448/0775303514_6_2_1.jpg?ts=1689782190017': 'Image 1 of LONG SWIMMING TRUNKS from Zara'}]",2290,Swimming trunks made of a technical fabric. Elastic waistband and adjustable drawstring. Side pockets and a back patch pocket. Lining.Length of inner leg seam: 18 cm. / 7.0″Length of outer leg seam: 42 cm. / 16.5″View more,pink,addidas
123,SEERSUCKER SWIMMING TRUNKS,https://www.zara.com/in/en/seersucker-swimming-trunks-p08574373.html,"[{'https://static.zara.net/photos///2023/I/0/2/p/8574/373/690/2/w/448/8574373690_6_1_1.jpg?ts=1689162981156': 'Image 0 of SEERSUCKER SWIMMING TRUNKS from Zara'}, {'https://static.zara.net/photos///2023/I/0/2/p/8574/373/690/2/w/448/8574373690_6_2_1.jpg?ts=1689162984274': 'Image 1 of SEERSUCKER SWIMMING TRUNKS from Zara'}]",2590,Swimming trunks made of a technical fabric. Elastic waistband and adjustable drawstring. Side pockets and a back patch pocket. Lining.Length of inner leg seam: 12 cm. / 4.7″Length of outer leg seam: 36 cm. / 14.1″View more,pink,zara
124,BASIC SWIMMING TRUNKS,https://www.zara.com/in/en/basic-swimming-trunks-p08574400.html,"[{'https://static.zara.net/photos///2023/I/0/1/p/8574/400/630/3/w/448/8574400630_1_1_1.jpg?ts=1691595916043': 'Image 0 of BASIC SWIMMING TRUNKS from Zara'}, {'https://static.zara.net/photos///2023/I/0/1/p/8574/400/630/3/w/448/8574400630_2_1_1.jpg?ts=1691595915030': 'Image 1 of BASIC SWIMMING TRUNKS from Zara'}]",2290,Swimming trunks made of a technical fabric. Elasticated waistband and adjustable drawstrings. Side pockets and a back patch pocket. Lining.Length of inner leg seam: 12 cm. / 4.7″Length of outer leg seam: 36 cm. / 14.1″View more,blue,puma
130,SEERSUCKER SWIMMING TRUNKS,https://www.zara.com/in/en/seersucker-swimming-trunks-p08574332.html,"[{'https://static.zara.net/photos///2023/I/0/2/p/8574/332/404/2/w/448/8574332404_1_1_1.jpg?ts=1686064963056': 'Image 0 of SEERSUCKER SWIMMING TRUNKS from Zara'}, {'https://static.zara.net/photos///2023/I/0/2/p/8574/332/404/2/w/448/8574332404_2_1_1.jpg?ts=1686064962922': 'Image 1 of SEERSUCKER SWIMMING TRUNKS from Zara'}]",2590,Swimming trunks made of a technical fabric. Elasticated waistband and adjustable drawstrings. Side pockets and a back patch pocket. Lining.Length of inner leg seam: 11 cm. / 4.3″Length of outer leg seam: 36 cm. / 14.1″View more,brown,nike
134,TECHNICAL CHECK TEXTURE SWIMMING TRUNKS,https://www.zara.com/in/en/technical-check-texture-swimming-trunks-p08574379.html,"[{'https://static.zara.net/photos///2023/I/0/2/p/8574/379/704/2/w/448/8574379704_1_1_1.jpg?ts=1689157208916': 'Image 0 of TECHNICAL CHECK TEXTURE SWIMMING TRUNKS from Zara'}, {'https://static.zara.net/photos///2023/I/0/2/p/8574/379/704/2/w/0/8574379704_2_1_1.jpg?ts=1689157208762': 'Image 1 of TECHNICAL CHECK TEXTURE SWIMMING TRUNKS from Zara'}]",2990,Swimming trunks made of technical fabric. Elasticated waistband. Side pockets and back patch pocket with flap. Lining.Length of inner leg seam: 12 cm. / 4.7″Length of outer leg seam: 34 cm. / 13.3″View more,brown,addidas
135,CHECKED TECHNICAL SWIMMING TRUNKS,https://www.zara.com/in/en/checked-technical-swimming-trunks-p08574387.html,"[{'https://static.zara.net/photos///2023/I/0/2/p/8574/387/712/2/w/448/8574387712_1_1_1.jpg?ts=1689157212496': 'Image 0 of CHECKED TECHNICAL SWIMMING TRUNKS from Zara'}, {'https://static.zara.net/photos///2023/I/0/2/p/8574/387/712/2/w/448/8574387712_2_1_1.jpg?ts=1689157211897': 'Image 1 of CHECKED TECHNICAL SWIMMING TRUNKS from Zara'}]",2590,Swimming trunks made of a technical fabric. Adjustable elasticated waistband with drawstring. Side pockets and back welt pocket. Lining.Length of inner leg seam: 7 cm. / 2.7″Length of outer leg seam: 29 cm. / 11.4″View more,red,zara
136,GEOMETRIC PRINT SWIMMING TRUNKS,https://www.zara.com/in/en/geometric-print-swimming-trunks-p00495303.html,"[{'https://static.zara.net/photos///2023/I/0/2/p/0495/303/555/2/w/448/0495303555_1_1_1.jpg?ts=1687346678282': 'Image 0 of GEOMETRIC PRINT SWIMMING TRUNKS from Zara'}, {'https://static.zara.net/photos///2023/I/0/2/p/0495/303/555/2/w/448/0495303555_2_1_1.jpg?ts=1687346677448': 'Image 1 of GEOMETRIC PRINT SWIMMING TRUNKS from Zara'}]",2590,Swimming trunks made of a technical fabric. Elasticated waistband and adjustable drawstring. Side pockets and a back patch pocket. Lining.Length of inner leg seam: 12 cm. / 4.7″Length of outer leg seam: 33 cm. / 12.9″View more,white,puma
137,LONG TIE-DYE SWIMMING TRUNKS,https://www.zara.com/in/en/long-tie-dye-swimming-trunks-p08574367.html,"[{'https://static.zara.net/photos///2023/I/0/2/p/8574/367/712/2/w/448/8574367712_6_1_1.jpg?ts=1689162979212': 'Image 0 of LONG TIE-DYE SWIMMING TRUNKS from Zara'}, {'https://static.zara.net/photos///2023/I/0/2/p/8574/367/712/2/w/448/8574367712_6_2_1.jpg?ts=1689162979395': 'Image 1 of LONG TIE-DYE SWIMMING TRUNKS from Zara'}]",2590,Swimming trunks made of technical fabric. Adjustable elasticated waistband. Front pockets and back zip pocket. Lining.Length of inner leg seam: 16 cm. / 6.2″Length of outer leg seam: 37 cm. / 14.5″View more,white,nike
139,ABSTRACT PRINT SWIMMING TRUNKS,https://www.zara.com/in/en/abstract-print-swimming-trunks-p00495307.html,"[{'https://static.zara.net/photos///2023/I/0/1/p/0495/307/712/2/w/448/0495307712_1_1_1.jpg?ts=1686064939700': 'Image 0 of ABSTRACT PRINT SWIMMING TRUNKS from Zara'}, {'https://static.zara.net/photos///2023/I/0/1/p/0495/307/712/2/w/448/0495307712_2_1_1.jpg?ts=1686064941973': 'Image 1 of ABSTRACT PRINT SWIMMING TRUNKS from Zara'}]",2590,Swimming trunks made of technical fabric. Elasticated waistband and adjustable drawstring. Front welt pockets and back patch pocket detail. Lining.Length of inner leg seam: 14 cm. / 5.5″Length of outer leg seam: 33 cm. / 12.9″View more,white,addidas
140,DIAMOND PRINT SWIMMING TRUNKS,https://www.zara.com/in/en/diamond-print-swimming-trunks-p00495311.html,[],2590,Swimming trunks made of a velvety-finish technical fabric. Elasticated waistband and adjustable drawstring. Side pockets and a back welt pocket. Lining.Length of inner leg seam: 14 cm. / 5.5″Length of outer leg seam: 36 cm. / 14.1″View more,pink,zara
142,FLORAL PRINT SWIMMING TRUNKS,https://www.zara.com/in/en/floral-print-swimming-trunks-p08574308.html,"[{'https://static.zara.net/photos///2023/I/0/2/p/8574/308/406/2/w/448/8574308406_1_1_1.jpg?ts=1687346680923': 'Image 0 of FLORAL PRINT SWIMMING TRUNKS from Zara'}, {'https://static.zara.net/photos///2023/I/0/2/p/8574/308/406/2/w/448/8574308406_2_1_1.jpg?ts=1687346683629': 'Image 1 of FLORAL PRINT SWIMMING TRUNKS from Zara'}]",2590,Swimming trunks made of technical fabric. Adjustable elasticated waistband with drawstring. Side pockets and back patch pocket with flap. Lining.Length of inner leg seam: 17 cm. / 6.6″Length of outer leg seam: 37 cm. / 14.5″View more,pink,puma
145,BLEND PRINT SWIMMING TRUNKS,https://www.zara.com/in/en/blend-print-swimming-trunks-p00495310.html,"[{'https://static.zara.net/photos///2023/I/0/2/p/0495/310/620/2/w/448/0495310620_6_1_1.jpg?ts=1684426407643': 'Image 0 of BLEND PRINT SWIMMING TRUNKS from Zara'}, {'https://static.zara.net/photos///2023/I/0/2/p/0495/310/620/2/w/448/0495310620_6_2_1.jpg?ts=1684426407807': 'Image 1 of BLEND PRINT SWIMMING TRUNKS from Zara'}]",2590,Swimming trunks made of a velvety-finish technical fabric. Elasticated waistband and adjustable drawstring. Side pockets and a back patch pocket. Lining.Length of inner leg seam: 14 cm. / 5.5″Length of outer leg seam: 36 cm. / 14.1″View more,white,nike
146,LONG PRINTED SWIMMING TRUNKS,https://www.zara.com/in/en/long-printed-swimming-trunks-p00495313.html,"[{'https://static.zara.net/photos///2023/I/0/2/p/0495/313/802/2/w/448/0495313802_1_1_1.jpg?ts=1687346678711': 'Image 0 of LONG PRINTED SWIMMING TRUNKS from Zara'}, {'https://static.zara.net/photos///2023/I/0/2/p/0495/313/802/2/w/448/0495313802_2_1_1.jpg?ts=1687346681529': 'Image 1 of LONG PRINTED SWIMMING TRUNKS from Zara'}]",2590,Swimming trunks made of a technical fabric. Elasticated waistband and adjustable drawstrings. Side pockets and a back patch pocket. Lining.Length of inner leg seam: 16 cm. / 6.2″Length of outer leg seam: 39 cm. / 15.3″View more,blue,addidas
147,PAISLEY PRINT SWIMMING TRUNKS,https://www.zara.com/in/en/paisley-print-swimming-trunks-p08574386.html,"[{'https://static.zara.net/photos///2023/I/0/2/p/8574/386/400/2/w/448/8574386400_1_1_1.jpg?ts=1689157211794': 'Image 0 of PAISLEY PRINT SWIMMING TRUNKS from Zara'}, {'https://static.zara.net/photos///2023/I/0/2/p/8574/386/400/2/w/448/8574386400_2_1_1.jpg?ts=1689157211018': 'Image 1 of PAISLEY PRINT SWIMMING TRUNKS from Zara'}]",2590,Swimming trunks made of a velvety-finish technical fabric. Elasticated waistband and adjustable drawstrings. Side pockets and a rear patch pocket. Lining. Length of inner leg seam: 13 cm. / 5.1″Length of outer leg seam: 37 cm. / 14.5″View more,blue,zara
148,LONG GEOMETRIC PRINT SWIMMING TRUNKS,https://www.zara.com/in/en/long-geometric-print-swimming-trunks-p08574375.html,"[{'https://static.zara.net/photos///2023/I/0/2/p/8574/375/400/2/w/448/8574375400_1_1_1.jpg?ts=1689157208773': 'Image 0 of LONG GEOMETRIC PRINT SWIMMING TRUNKS from Zara'}, {'https://static.zara.net/photos///2023/I/0/2/p/8574/375/400/2/w/448/8574375400_2_1_1.jpg?ts=1689157214334': 'Image 1 of LONG GEOMETRIC PRINT SWIMMING TRUNKS from Zara'}]",2590,Swimming trunks made of a velvety-finish technical fabric. Elasticated waistband and adjustable drawstrings. Side pockets and a rear patch pocket. Lining. Length of inner leg seam: 17 cm. / 6.6″Length of outer leg seam: 41 cm. / 16.1″View more,blue,puma
149,CARGO SWIM SHORTS,https://www.zara.com/in/en/cargo-swim-shorts-p08574309.html,"[{'https://static.zara.net/photos///2023/I/0/2/p/8574/309/401/2/w/448/8574309401_1_1_1.jpg?ts=1687346683692': 'Image 0 of CARGO SWIM SHORTS from Zara'}, {'https://static.zara.net/photos///2023/I/0/2/p/8574/309/401/2/w/448/8574309401_2_1_1.jpg?ts=1687346684016': 'Image 1 of CARGO SWIM SHORTS from Zara'}]",2590,Swimming trunks made of technical fabric with a velvety finish. Adjustable elasticated waist with drawstring. Contrast trim detail. Rear patch pocket. Patch pockets on the legs. Side vents at the hem. Lining.Length of inner leg seam: 13 cm. / 5.1″Length of outer leg seam: 37 cm. / 14.5″View more,black,nike
150,SEERSUCKER SWIMMING TRUNKS,https://www.zara.com/in/en/seersucker-swimming-trunks-p08574418.html,"[{'https://static.zara.net/photos///2023/V/0/2/p/8574/418/807/2/w/448/8574418807_6_1_1.jpg?ts=1678814850639': 'Image 0 of SEERSUCKER SWIMMING TRUNKS from Zara'}, {'https://static.zara.net/photos///2023/V/0/2/p/8574/418/807/2/w/448/8574418807_6_2_1.jpg?ts=1678814851889': 'Image 1 of SEERSUCKER SWIMMING TRUNKS from Zara'}]",2990,Swimming trunks made of technical fabric. Elasticated waistband. Front pockets and side zip pocket detail. Patch pocket at the back. Lining. Side vents at the hem. Zip fly and snap-button fastening.Length of inner leg seam: 18 cm. / 7.0″Length of outer leg seam: 38 cm. / 14.9″View more,black,addidas
151,SLOGAN PRINT SWIMMING TRUNKS,https://www.zara.com/in/en/slogan-print-swimming-trunks-p00495308.html,"[{'https://static.zara.net/photos///2023/I/0/2/p/0495/308/605/2/w/448/0495308605_1_1_1.jpg?ts=1687347056786': 'Image 0 of SLOGAN PRINT SWIMMING TRUNKS from Zara'}, {'https://static.zara.net/photos///2023/I/0/2/p/0495/308/605/2/w/448/0495308605_2_1_1.jpg?ts=1687347056414': 'Image 1 of SLOGAN PRINT SWIMMING TRUNKS from Zara'}]",2590,Swimming trunks made of a technical fabric. Elasticated waistband and adjustable drawstring. Side pockets and a back patch pocket. Lining.Length of inner leg seam: 12 cm. / 4.7″Length of outer leg seam: 34 cm. / 13.3″View more,white,zara
152,GEOMETRIC PRINT SWIMMING TRUNKS,https://www.zara.com/in/en/geometric-print-swimming-trunks-p02634301.html,"[{'https://static.zara.net/photos///2023/I/0/2/p/2634/301/611/2/w/448/2634301611_1_1_1.jpg?ts=1687346681920': 'Image 0 of GEOMETRIC PRINT SWIMMING TRUNKS from Zara'}, {'https://static.zara.net/photos///2023/I/0/2/p/2634/301/611/2/w/448/2634301611_2_1_1.jpg?ts=1687346681451': 'Image 1 of GEOMETRIC PRINT SWIMMING TRUNKS from Zara'}]",2590,Swimming trunks made of a technical fabric. Adjustable elasticated waistband with drawstring. Front pockets and rear welt pocket detail. Lining.Length of inner leg seam: 12 cm. / 4.7″Length of outer leg seam: 33 cm. / 12.9″View more,purple,puma
153,GEOMETRIC PRINT SWIMMING TRUNKS,https://www.zara.com/in/en/geometric-print-swimming-trunks-p08574427.html,"[{'https://static.zara.net/photos///2023/V/0/2/p/8574/427/306/2/w/448/8574427306_1_1_1.jpg?ts=1680521189654': 'Image 0 of GEOMETRIC PRINT SWIMMING TRUNKS from Zara'}, {'https://static.zara.net/photos///2023/V/0/2/p/8574/427/306/2/w/448/8574427306_2_1_1.jpg?ts=1680521190633': 'Image 1 of GEOMETRIC PRINT SWIMMING TRUNKS from Zara'}]",2590,Swimming trunks made of technical fabric. Elasticated waistband and adjustable drawstrings. Side pockets and a back patch pocket. Lining. Side vents at the hem.Length of inner leg seam: 12 cm. / 4.7″Length of outer leg seam: 35 cm. / 13.7″View more,yellow,nike
154,FISH PRINT SWIMMING TRUNKS,https://www.zara.com/in/en/fish-print-swimming-trunks-p08574328.html,"[{'https://static.zara.net/photos///2023/I/0/2/p/8574/328/626/2/w/448/8574328626_1_1_1.jpg?ts=1687346684393': 'Image 0 of FISH PRINT SWIMMING TRUNKS from Zara'}, {'https://static.zara.net/photos///2023/I/0/2/p/8574/328/626/2/w/448/8574328626_2_1_1.jpg?ts=1687346684597': 'Image 1 of FISH PRINT SWIMMING TRUNKS from Zara'}]",2590,Swimming trunks made of technical fabric. Adjustable elasticated waistband with drawstring. Side pockets and a back patch pocket. Lining.Length of inner leg seam: 12 cm. / 4.7″Length of outer leg seam: 33 cm. / 12.9″View more,red,addidas
155,LONG SWIMMING TRUNKS,https://www.zara.com/in/en/long-swimming-trunks-p08574384.html,"[{'https://static.zara.net/photos///2023/I/0/2/p/8574/384/611/2/w/448/8574384611_1_1_1.jpg?ts=1689157210723': 'Image 0 of LONG SWIMMING TRUNKS from Zara'}, {'https://static.zara.net/photos///2023/I/0/2/p/8574/384/611/2/w/448/8574384611_2_1_1.jpg?ts=1689157210328': 'Image 1 of LONG SWIMMING TRUNKS from Zara'}]",2590,Swimming trunks made of a technical fabric. Adjustable elasticated waistband with drawstring. Front pockets and back zip pocket. Lining.Length of inner leg seam: 17 cm. / 6.6″Length of outer leg seam: 40 cm. / 15.7″View more,purple,zara
157,TIE-DYE PRINT SWIMMING TRUNKS,https://www.zara.com/in/en/tie-dye-print-swimming-trunks-p00495320.html,"[{'https://static.zara.net/photos///2023/I/0/2/p/0495/320/555/2/w/448/0495320555_6_1_1.jpg?ts=1689162979201': 'Image 0 of TIE-DYE PRINT SWIMMING TRUNKS from Zara'}, {'https://static.zara.net/photos///2023/I/0/2/p/0495/320/555/2/w/448/0495320555_6_2_1.jpg?ts=1689162984061': 'Image 1 of TIE-DYE PRINT SWIMMING TRUNKS from Zara'}]",2590,Swimming trunks made of a technical fabric. Adjustable elasticated waistband. Side pockets and a rear patch pocket. Lining.Length of inner leg seam: 11 cm. / 4.3″Length of outer leg seam: 32 cm. / 12.5″View more,red,puma
158,LONG TIE-DYE SWIMMING TRUNKS,https://www.zara.com/in/en/long-tie-dye-swimming-trunks-p08574369.html,"[{'https://static.zara.net/photos///2023/I/0/1/p/8574/369/300/2/w/448/8574369300_6_1_1.jpg?ts=1689169420465': 'Image 0 of LONG TIE-DYE SWIMMING TRUNKS from Zara'}, {'https://static.zara.net/photos///2023/I/0/1/p/8574/369/300/2/w/448/8574369300_6_2_1.jpg?ts=1689169423294': 'Image 1 of LONG TIE-DYE SWIMMING TRUNKS from Zara'}]",2590,Swimming trunks made of technical fabric. Adjustable elasticated waistband. Front pockets and back zip pocket. Lining.Length of inner leg seam: 17 cm. / 6.6″Length of outer leg seam: 38 cm. / 14.9″View more,yellow,nike
159,STRIPED TECHNICAL SWIMMING TRUNKS,https://www.zara.com/in/en/striped-technical-swimming-trunks-p08574383.html,"[{'https://static.zara.net/photos///2023/I/0/2/p/8574/383/505/2/w/448/8574383505_1_1_1.jpg?ts=1689157410719': 'Image 0 of STRIPED TECHNICAL SWIMMING TRUNKS from Zara'}, {'https://static.zara.net/photos///2023/I/0/2/p/8574/383/505/2/w/448/8574383505_2_1_1.jpg?ts=1689157410766': 'Image 1 of STRIPED TECHNICAL SWIMMING TRUNKS from Zara'}]",2990,Swimming trunks made of a technical fabric. Adjustable elasticated waistband with side tabs. Front pockets and back patch pocket. Lining.Length of inner leg seam: 15 cm. / 5.9″Length of outer leg seam: 37 cm. / 14.5″View more,brown,addidas
160,100% LINEN PAREO,https://www.zara.com/in/en/100-linen-pareo-p09198301.html,"[{'https://static.zara.net/photos///2023/I/0/2/p/9198/301/712/2/w/448/9198301712_6_1_1.jpg?ts=1690451086349': 'Image 0 of 100% LINEN PAREO from Zara'}, {'https://static.zara.net/photos///2023/I/0/2/p/9198/301/712/2/w/448/9198301712_6_2_1.jpg?ts=1690451087223': 'Image 1 of 100% LINEN PAREO from Zara'}]",3290,Lightweight pareo made of linen. Featuring a contrast stripe and frayed trims.Measurements: 100 x 200 cm. / 39.3 x 78.7″,white,zara
161,GEOMETRIC JACQUARD BEACH TOWEL,https://www.zara.com/in/en/geometric-jacquard-beach-towel-p01027301.html,"[{'https://static.zara.net/photos///2023/I/0/2/p/1027/301/183/2/w/448/1027301183_6_1_1.jpg?ts=1688483860332': 'Image 0 of GEOMETRIC JACQUARD BEACH TOWEL from Zara'}, {'https://static.zara.net/photos///2023/I/0/2/p/1027/301/183/2/w/448/1027301183_6_2_1.jpg?ts=1688483860472': 'Image 1 of GEOMETRIC JACQUARD BEACH TOWEL from Zara'}]",2590,Beach towel made of terry cotton.Measurements: 91 x 180 cm / 35.8 x 70.8″,brown,puma
162,RECTANGULAR SUNGLASSES - LIMITED EDITION,https://www.zara.com/in/en/rectangular-sunglasses---limited-edition-p02750304.html,"[{'https://static.zara.net/photos///2023/I/0/2/p/2750/304/800/33/w/448/2750304800_1_1_1.jpg?ts=1692187656155': 'Image 0 of RECTANGULAR SUNGLASSES - LIMITED EDITION from Zara'}, {'https://static.zara.net/photos///2023/I/0/2/p/2750/304/800/2/w/448/2750304800_6_1_1.jpg?ts=1689169533620': 'Image 1 of RECTANGULAR SUNGLASSES - LIMITED EDITION from Zara'}]",4990,Sunglasses with a rectangular acetate frame. Case included.UV/UVA 400 protection. Category 1.,black,nike
164,OVAL SUNGLASSES - LIMITED EDITION,https://www.zara.com/in/en/oval-sunglasses---limited-edition-p02750303.html,"[{'https://static.zara.net/photos///2023/I/0/2/p/2750/303/700/2/w/448/2750303700_1_1_1.jpg?ts=1689577315538': 'Image 0 of OVAL SUNGLASSES - LIMITED EDITION from Zara'}, {'https://static.zara.net/photos///2023/I/0/1/p/2750/303/700/14/w/448/2750303700_2_1_1.jpg?ts=1689780428571': 'Image 1 of OVAL SUNGLASSES - LIMITED EDITION from Zara'}]",4990,Sunglasses with an oval acetate frame. Case included.UV/UVA 400 protection. Category 1.,brown,addidas
165,PREMIUM SQUARE SUNGLASSES,https://www.zara.com/in/en/premium-square-sunglasses-p02750308.html,"[{'https://static.zara.net/photos///2022/I/0/2/p/2750/308/555/2/w/448/2750308555_1_1_1.jpg?ts=1658214603209': 'Image 0 of PREMIUM SQUARE SUNGLASSES from Zara'}, {'https://static.zara.net/photos///2022/I/0/2/p/2750/308/555/2/w/448/2750308555_2_1_1.jpg?ts=1658214603585': 'Image 1 of PREMIUM SQUARE SUNGLASSES from Zara'}]",4990,Sunglasses with a square tortoiseshell-effect acetate frame. Polarised lenses. Case included.UV/UVA 400 protection. Category 1.,black,zara
166,PREMIUM SQUARE SUNGLASSES,https://www.zara.com/in/en/premium-square-sunglasses-p02750307.html,"[{'https://static.zara.net/photos///2022/I/0/2/p/2750/307/732/2/w/448/2750307732_2_1_1.jpg?ts=1658214624486': 'Image 0 of PREMIUM SQUARE SUNGLASSES from Zara'}, {'https://static.zara.net/photos///2023/I/0/2/p/2750/307/732/2/w/448/2750307732_6_1_1.jpg?ts=1686065165306': 'Image 1 of PREMIUM SQUARE SUNGLASSES from Zara'}]",4990,Sunglasses with a square acetate frame. Polarised lenses. Case included.UV/UVA 400 protection. Category 1.,yellow,puma
167,RECTANGULAR SUNGLASSES,https://www.zara.com/in/en/rectangular-sunglasses-p02750422.html,"[{'https://static.zara.net/photos///2023/V/0/2/p/2750/422/700/202/w/489/2750422700_6_1_1.jpg?ts=1678959020747': 'Image 0 of RECTANGULAR SUNGLASSES from Zara'}, {'https://static.zara.net/photos///2023/V/0/2/p/2750/422/700/202/w/489/2750422700_6_2_1.jpg?ts=1678959022651': 'Image 1 of RECTANGULAR SUNGLASSES from Zara'}]",5990,Sunglasses with an acetate frame. Polarised lenses. Case included.UV/UVA 400 protection. Category 3.Origins special collection.View more,brown,nike
168,100% SILK TEXTURED TIE,https://www.zara.com/in/en/100-silk-textured-tie-p05568401.html,"[{'https://static.zara.net/photos///2023/I/0/1/p/5568/401/800/82/w/448/5568401800_2_5_1.jpg?ts=1689784687317': 'Image 0 of 100% SILK TEXTURED TIE from Zara'}, {'https://static.zara.net/photos///2023/I/0/2/p/5568/401/800/2/w/448/5568401800_6_1_1.jpg?ts=1692874599454': 'Image 1 of 100% SILK TEXTURED TIE from Zara'}]",2590,Wide tie made of textured silk fabric.,black,addidas
172,100% SILK WIDE TIE,https://www.zara.com/in/en/100-silk-wide-tie-p07347380.html,"[{'https://static.zara.net/photos///2021/I/0/2/p/7347/380/800/2/w/448/7347380800_2_1_1.jpg?ts=1630050428039': 'Image 0 of 100% SILK WIDE TIE from Zara'}, {'https://static.zara.net/photos///2021/I/0/2/p/7347/380/800/2/w/448/7347380800_2_2_1.jpg?ts=1630050443876': 'Image 1 of 100% SILK WIDE TIE from Zara'}]",1990,Wide tie made of silk with diagonal texture.,black,zara
176,100% SILK SKINNY TIE,https://www.zara.com/in/en/100-silk-skinny-tie-p07347347.html,"[{'https://static.zara.net/photos///2023/I/0/1/p/7347/347/800/15/w/448/7347347800_2_4_1.jpg?ts=1689781607530': 'Image 0 of 100% SILK SKINNY TIE from Zara'}, {'https://static.zara.net/photos///2023/I/0/1/p/7347/347/800/15/w/448/7347347800_2_5_1.jpg?ts=1689781610336': 'Image 1 of 100% SILK SKINNY TIE from Zara'}]",2590,Skinny tie made of textured silk.,black,puma
178,100% SILK TEXTURED TIE,https://www.zara.com/in/en/100-silk-textured-tie-p09569112.html,"[{'https://static.zara.net/photos///2023/I/0/2/p/9569/112/450/2/w/448/9569112450_6_1_1.jpg?ts=1685432142187': 'Image 0 of 100% SILK TEXTURED TIE from Zara'}, {'https://static.zara.net/photos///2023/I/0/2/p/9569/112/450/2/w/448/9569112450_6_2_1.jpg?ts=1685432141936': 'Image 1 of 100% SILK TEXTURED TIE from Zara'}]",2590,Wide tie made of silk fabric.,brown,nike
181,JACQUARD TIE WITH CYCLIST,https://www.zara.com/in/en/jacquard-tie-with-cyclist-p02241301.html,"[{'https://static.zara.net/photos///2023/I/0/2/p/2241/301/400/2/w/448/2241301400_6_1_1.jpg?ts=1692350271967': 'Image 0 of JACQUARD TIE WITH CYCLIST from Zara'}, {'https://static.zara.net/photos///2023/I/0/2/p/2241/301/400/2/w/448/2241301400_6_2_1.jpg?ts=1692350271946': 'Image 1 of JACQUARD TIE WITH CYCLIST from Zara'}]",2590,Wide tie made of a silk and cotton blend.,blue,addidas
182,SILK - WOOL JACQUARD TIE,https://www.zara.com/in/en/silk---wool-jacquard-tie-p02241302.html,"[{'https://static.zara.net/photos///2023/I/0/2/p/2241/302/401/2/w/448/2241302401_6_1_1.jpg?ts=1692350272001': 'Image 0 of SILK - WOOL JACQUARD TIE from Zara'}, {'https://static.zara.net/photos///2023/I/0/2/p/2241/302/401/2/w/448/2241302401_6_2_1.jpg?ts=1692350272147': 'Image 1 of SILK - WOOL JACQUARD TIE from Zara'}]",2590,Wide tie made of a silk and wool blend.,blue,zara
190,SILK OTTOMAN BOW TIE,https://www.zara.com/in/en/silk-ottoman-bow-tie-p05213502.html,"[{'https://static.zara.net/photos///2021/I/0/2/p/5213/502/800/2/w/448/5213502800_6_1_1.jpg?ts=1637143495324': 'Image 0 of SILK OTTOMAN BOW TIE from Zara'}, {'https://static.zara.net/photos///2021/I/0/2/p/5213/502/800/2/w/448/5213502800_6_2_1.jpg?ts=1637143505277': 'Image 1 of SILK OTTOMAN BOW TIE from Zara'}]",1590,Bow tie made of silk. Adjustable elastic with metal hook.,black,puma
192,DENIM CAP,https://www.zara.com/in/en/denim-cap-p09065316.html,"[{'https://static.zara.net/photos///2023/I/0/1/p/9065/316/807/82/w/448/9065316807_1_1_1.jpg?ts=1692259614857': 'Image 0 of DENIM CAP from Zara'}, {'https://static.zara.net/photos///2023/I/0/2/p/9065/316/807/2/w/448/9065316807_6_1_1.jpg?ts=1690371232866': 'Image 1 of DENIM CAP from Zara'}]",1890,Faded peak cap. Adjustable at the back.,white,nike
193,SOFT CAP,https://www.zara.com/in/en/soft-cap-p09065300.html,"[{'https://static.zara.net/photos///2023/V/0/2/p/9065/300/712/2/w/448/9065300712_2_2_1.jpg?ts=1681397012740': 'Image 0 of SOFT CAP from Zara'}, {'https://static.zara.net/photos///2023/V/0/2/p/9065/300/712/2/w/448/9065300712_6_1_1.jpg?ts=1680518960572': 'Image 1 of SOFT CAP from Zara'}]",1590,Peak cap with an adjustable strap at the back.,white,addidas
200,FADED TEXTURED CAP,https://www.zara.com/in/en/faded-textured-cap-p09065319.html,"[{'https://static.zara.net/photos///2023/I/0/2/p/9065/319/806/2/w/448/9065319806_6_1_1.jpg?ts=1692008109598': 'Image 0 of FADED TEXTURED CAP from Zara'}, {'https://static.zara.net/photos///2023/I/0/2/p/9065/319/806/2/w/448/9065319806_6_2_1.jpg?ts=1690902033192': 'Image 1 of FADED TEXTURED CAP from Zara'}]",1890,Peak cap. Embroidered detail on the back. Adjustable drawstrings.,green,zara
203,TEXTURED CAP,https://www.zara.com/in/en/textured-cap-p09065321.html,"[{'https://static.zara.net/photos///2023/I/0/2/p/9065/321/639/2/w/448/9065321639_6_1_1.jpg?ts=1688713058835': 'Image 0 of TEXTURED CAP from Zara'}, {'https://static.zara.net/photos///2023/I/0/2/p/9065/321/639/2/w/448/9065321639_6_2_1.jpg?ts=1688713058674': 'Image 1 of TEXTURED CAP from Zara'}]",1890,Peak cap with an adjustable strap fastening in the back.,yellow,puma
204,TEXTURED PEAK CAP,https://www.zara.com/in/en/textured-peak-cap-p09065313.html,"[{'https://static.zara.net/photos///2023/I/0/2/p/9065/313/712/2/w/448/9065313712_6_1_1.jpg?ts=1690470215596': 'Image 0 of TEXTURED PEAK CAP from Zara'}, {'https://static.zara.net/photos///2023/I/0/2/p/9065/313/712/2/w/448/9065313712_6_2_1.jpg?ts=1690470215512': 'Image 1 of TEXTURED PEAK CAP from Zara'}]",1590,Visor with an adjustable strap at the back.,white,nike
205,CAP WITH CONTRAST PATCH,https://www.zara.com/in/en/cap-with-contrast-patch-p09065513.html,"[{'https://static.zara.net/photos///2023/I/0/1/p/9065/513/600/22/w/448/9065513600_1_1_1.jpg?ts=1688394110056': 'Image 0 of CAP WITH CONTRAST PATCH from Zara'}, {'https://static.zara.net/photos///2023/I/0/1/p/9065/513/600/22/w/448/9065513600_2_1_1.jpg?ts=1688394110538': 'Image 1 of CAP WITH CONTRAST PATCH from Zara'}]",1890,Peak cap with a contrast patch detail on the front. Adjustable at the back.,white,addidas
206,CAP WITH CONTRAST EMBROIDERY,https://www.zara.com/in/en/cap-with-contrast-embroidery-p09065302.html,"[{'https://static.zara.net/photos///2023/I/0/2/p/9065/302/700/2/w/448/9065302700_6_1_1.jpg?ts=1690371234507': 'Image 0 of CAP WITH CONTRAST EMBROIDERY from Zara'}, {'https://static.zara.net/photos///2023/I/0/2/p/9065/302/700/2/w/448/9065302700_6_2_1.jpg?ts=1690371234243': 'Image 1 of CAP WITH CONTRAST EMBROIDERY from Zara'}]",1890,Peak cap. Contrast embroidered detail on the front. Adjustable at the back.,brown,zara
207,CAP WITH EMBROIDERED SLOGAN,https://www.zara.com/in/en/cap-with-embroidered-slogan-p09065317.html,"[{'https://static.zara.net/photos///2023/I/0/2/p/9065/317/500/2/w/448/9065317500_6_1_1.jpg?ts=1688713059825': 'Image 0 of CAP WITH EMBROIDERED SLOGAN from Zara'}, {'https://static.zara.net/photos///2023/I/0/2/p/9065/317/500/2/w/448/9065317500_6_2_1.jpg?ts=1688713058500': 'Image 1 of CAP WITH EMBROIDERED SLOGAN from Zara'}]",1890,Peak cap with a matching embroidery slogan on the front. Adjustable fastening at the back.,green,puma
209,CAP WITH EMBROIDERED SLOGAN,https://www.zara.com/in/en/cap-with-embroidered-slogan-p09065320.html,"[{'https://static.zara.net/photos///2023/I/0/2/p/9065/320/506/2/w/448/9065320506_6_1_1.jpg?ts=1688713669140': 'Image 0 of CAP WITH EMBROIDERED SLOGAN from Zara'}, {'https://static.zara.net/photos///2023/I/0/2/p/9065/320/506/2/w/448/9065320506_6_2_1.jpg?ts=1688713669178': 'Image 1 of CAP WITH EMBROIDERED SLOGAN from Zara'}]",1890,Peak cap with a contrast embroidery slogan on the front. Adjustable fastening at the back.,brown,nike
214,2-PACK OF STONE RINGS,https://www.zara.com/in/en/2-pack-of-stone-rings-p01012306.html,"[{'https://static.zara.net/photos///2023/I/0/1/p/1012/306/808/22/w/448/1012306808_1_1_1.jpg?ts=1688393920863': 'Image 0 of 2-PACK OF STONE RINGS from Zara'}, {'https://static.zara.net/photos///2023/I/0/1/p/1012/306/808/22/w/448/1012306808_2_1_1.jpg?ts=1688393921254': 'Image 1 of 2-PACK OF STONE RINGS from Zara'}]",1890,Pack of two metal rings with contrast stone. 925 MM silver-plated finish.Measurements:Size M: Circumference: 61 mm. // Diameter: 19.4 mm.Size L: Circumference: 63 mm. // Diameter: 20 mm.View more,blue,addidas
215,SIGNET RING,https://www.zara.com/in/en/signet-ring-p08435333.html,"[{'https://static.zara.net/photos///2023/I/0/2/p/8435/333/800/2/w/448/8435333800_6_1_1.jpg?ts=1692350270541': 'Image 0 of SIGNET RING from Zara'}, {'https://static.zara.net/photos///2023/I/0/2/p/8435/333/800/2/w/448/8435333800_6_2_1.jpg?ts=1692350271080': 'Image 1 of SIGNET RING from Zara'}]",1590,Metal signet ring. Aged finish.Measurements:Size M: Circumference: 61 mm. // Diameter: 19.4 mm.Size L: Circumference: 63 mm. // Diameter: 20 mm.View more,black,zara
217,SIGNET RING,https://www.zara.com/in/en/signet-ring-p08435311.html,"[{'https://static.zara.net/photos///2023/I/0/2/p/8435/311/910/2/w/448/8435311910_6_1_1.jpg?ts=1692272919598': 'Image 0 of SIGNET RING from Zara'}, {'https://static.zara.net/photos///2023/I/0/2/p/8435/311/910/2/w/448/8435311910_6_2_1.jpg?ts=1689939256748': 'Image 1 of SIGNET RING from Zara'}]",1590,Metal signet ring. Measurements:Size M: Circumference: 61 mm. // Diameter: 19.4 mm.Size L: Circumference: 63 mm. // Diameter: 20 mm.View more,yellow,puma
218,BAND RING,https://www.zara.com/in/en/band-ring-p08435310.html,"[{'https://static.zara.net/photos///2023/I/0/2/p/8435/310/808/2/w/448/8435310808_6_1_1.jpg?ts=1689939256163': 'Image 0 of BAND RING from Zara'}, {'https://static.zara.net/photos///2023/I/0/2/p/8435/310/808/2/w/448/8435310808_6_2_1.jpg?ts=1689939256633': 'Image 1 of BAND RING from Zara'}]",1590,Metal ring. 925 MM silver-plated finish.Measurements:Size M: Circumference: 61 mm. // Diameter: 19.4 mm.Size L: Circumference: 63 mm. // Diameter: 20 mm.View more,white,nike
220,CONTRAST SIGNET RING,https://www.zara.com/in/en/contrast-signet-ring-p01012305.html,"[{'https://static.zara.net/photos///2023/I/0/2/p/1012/305/808/2/w/448/1012305808_6_1_1.jpg?ts=1692272919589': 'Image 0 of CONTRAST SIGNET RING from Zara'}, {'https://static.zara.net/photos///2023/I/0/2/p/1012/305/808/2/w/448/1012305808_6_2_1.jpg?ts=1688111365117': 'Image 1 of CONTRAST SIGNET RING from Zara'}]",1590,Metal contrast signet ring. 925 MM silver-plated finish.Measurements:Size M: Circumference: 61 mm. // Diameter: 19.4 mm.Size L: Circumference: 63 mm. // Diameter: 20 mm.View more,white,addidas
221,CHAIN WITH GEOMETRIC PENDANT,https://www.zara.com/in/en/chain-with-geometric-pendant-p08435329.html,"[{'https://static.zara.net/photos///2023/I/0/2/p/8435/329/808/2/w/448/8435329808_6_1_1.jpg?ts=1692350271137': 'Image 0 of CHAIN WITH GEOMETRIC PENDANT from Zara'}, {'https://static.zara.net/photos///2023/I/0/2/p/8435/329/808/2/w/0/8435329808_6_2_1.jpg?ts=1692350271626': 'Image 1 of CHAIN WITH GEOMETRIC PENDANT from Zara'}]",1990,Metal chain with matching geometric pendant. Lobster clasp fastening.Length: Medium.,white,zara
222,METAL LINK CHAIN,https://www.zara.com/in/en/metal-link-chain-p08435330.html,"[{'https://static.zara.net/photos///2023/I/0/2/p/8435/330/808/2/w/448/8435330808_6_1_1.jpg?ts=1692350271581': 'Image 0 of METAL LINK CHAIN from Zara'}, {'https://static.zara.net/photos///2023/I/0/2/p/8435/330/808/2/w/0/8435330808_6_2_1.jpg?ts=1692350272258': 'Image 1 of METAL LINK CHAIN from Zara'}]",1990,Chain comprising metal chain links. Bar closure.Length: Medium.,white,puma
223,CHAIN PENDANT,https://www.zara.com/in/en/chain-pendant-p01012300.html,"[{'https://static.zara.net/photos///2023/I/0/1/p/1012/300/808/22/w/448/1012300808_1_1_1.jpg?ts=1688393776124': 'Image 0 of CHAIN PENDANT from Zara'}, {'https://static.zara.net/photos///2023/I/0/1/p/1012/300/808/22/w/0/1012300808_2_1_1.jpg?ts=1688393774258': 'Image 1 of CHAIN PENDANT from Zara'}]",1890,Metal chain with matching pendant detail. 925 MM silver-plated finish. Lobster clasp fastening.Length: Medium.,yellow,nike
224,METAL LINK CHAIN,https://www.zara.com/in/en/metal-link-chain-p08435305.html,"[{'https://static.zara.net/photos///2023/I/0/2/p/8435/305/910/2/w/448/8435305910_6_1_1.jpg?ts=1689941559216': 'Image 0 of METAL LINK CHAIN from Zara'}, {'https://static.zara.net/photos///2023/I/0/2/p/8435/305/910/2/w/448/8435305910_6_2_1.jpg?ts=1689939255718': 'Image 1 of METAL LINK CHAIN from Zara'}]",1990,Chain comprising metal chain links. Lobster clasp closure.Length: Medium.,yellow,addidas
225,METAL LINK CHAIN,https://www.zara.com/in/en/metal-link-chain-p08435303.html,"[{'https://static.zara.net/photos///2023/I/0/2/p/8435/303/808/2/w/448/8435303808_6_1_1.jpg?ts=1689941559253': 'Image 0 of METAL LINK CHAIN from Zara'}, {'https://static.zara.net/photos///2023/I/0/2/p/8435/303/808/2/w/448/8435303808_6_2_1.jpg?ts=1689939255370': 'Image 1 of METAL LINK CHAIN from Zara'}]",1990,Chain comprising metal links with a 925 MM silver-plated finish. Lobster clasp fastening.Length: Medium.,white,zara
227,CONTRAST CHAIN WITH PEARL BEADS,https://www.zara.com/in/en/contrast-chain-with-pearl-beads-p01012301.html,"[{'https://static.zara.net/photos///2023/I/0/2/p/1012/301/808/2/w/448/1012301808_6_1_1.jpg?ts=1688111365684': 'Image 0 of CONTRAST CHAIN WITH PEARL BEADS from Zara'}, {'https://static.zara.net/photos///2023/I/0/2/p/1012/301/808/2/w/448/1012301808_6_2_1.jpg?ts=1688111365656': 'Image 1 of CONTRAST CHAIN WITH PEARL BEADS from Zara'}]",1990,Contrast metal chain with pearl beads. 925 MM silver-plated finish. Lobster clasp fastening.Length: Medium.,white,puma
228,ENGRAVED CHAIN LINK BRACELET,https://www.zara.com/in/en/engraved-chain-link-bracelet-p08435331.html,"[{'https://static.zara.net/photos///2023/I/0/2/p/8435/331/808/2/w/448/8435331808_6_1_1.jpg?ts=1692350271721': 'Image 0 of ENGRAVED CHAIN LINK BRACELET from Zara'}, {'https://static.zara.net/photos///2023/I/0/2/p/8435/331/808/2/w/448/8435331808_6_2_1.jpg?ts=1692350272340': 'Image 1 of ENGRAVED CHAIN LINK BRACELET from Zara'}]",1890,Bracelet comprising metal links with engraved slogan detail. Clasp fastening.,white,nike
229,CHAIN LINK BRACELET,https://www.zara.com/in/en/chain-link-bracelet-p08435306.html,"[{'https://static.zara.net/photos///2023/I/0/2/p/8435/306/808/2/w/448/8435306808_6_1_1.jpg?ts=1690447147351': 'Image 0 of CHAIN LINK BRACELET from Zara'}, {'https://static.zara.net/photos///2023/I/0/2/p/8435/306/808/2/w/448/8435306808_6_2_1.jpg?ts=1689939255770': 'Image 1 of CHAIN LINK BRACELET from Zara'}]",1890,Bracelet comprising metal links with a 925 MM silver-plated finish. Lobster clasp fastening.,white,addidas
230,BRACELET WITH METAL LINKS,https://www.zara.com/in/en/bracelet-with-metal-links-p08435308.html,"[{'https://static.zara.net/photos///2023/I/0/2/p/8435/308/910/2/w/448/8435308910_6_1_1.jpg?ts=1689939256884': 'Image 0 of BRACELET WITH METAL LINKS from Zara'}, {'https://static.zara.net/photos///2023/I/0/2/p/8435/308/910/2/w/448/8435308910_6_2_1.jpg?ts=1689939257089': 'Image 1 of BRACELET WITH METAL LINKS from Zara'}]",1890,Bracelet with metal chain links. Lobster clasp closure.,yellow,zara
231,IRREGULAR RIGID BRACELET,https://www.zara.com/in/en/irregular-rigid-bracelet-p01012304.html,"[{'https://static.zara.net/photos///2023/I/0/2/p/1012/304/808/2/w/448/1012304808_6_1_1.jpg?ts=1688111365318': 'Image 0 of IRREGULAR RIGID BRACELET from Zara'}, {'https://static.zara.net/photos///2023/I/0/2/p/1012/304/808/2/w/448/1012304808_6_2_1.jpg?ts=1688111365908': 'Image 1 of IRREGULAR RIGID BRACELET from Zara'}]",1890,Open metal bracelet. Irregular 925 MM silver-plated finish.,white,puma
232,MINI NYLON MESSENGER BAG,https://www.zara.com/in/en/mini-nylon-messenger-bag-p13902220.html,"[{'https://static.zara.net/photos///2023/I/1/2/p/3902/220/032/2/w/448/3902220032_6_1_1.jpg?ts=1688726746043': 'Image 0 of MINI NYLON MESSENGER BAG from Zara'}, {'https://static.zara.net/photos///2023/I/1/2/p/3902/220/032/2/w/448/3902220032_6_2_1.jpg?ts=1688726745996': 'Image 1 of MINI NYLON MESSENGER BAG from Zara'}]",1590,Crossbody bag. Soft design. The main compartment is under the flap and fastens with a metal hook. Adjustable strap.Height x Length x Width: 16.5 x 11.5 x 3 cm. / 6.4 x 4.5 x 1.1″View more,brown,nike
236,MINI CROSSBODY BAG WITH FLAP,https://www.zara.com/in/en/mini-crossbody-bag-with-flap-p13612220.html,"[{'https://static.zara.net/photos///2023/I/1/2/p/3612/220/800/2/w/448/3612220800_2_1_1.jpg?ts=1692627350574': 'Image 0 of MINI CROSSBODY BAG WITH FLAP from Zara'}, {'https://static.zara.net/photos///2023/I/1/2/p/3612/220/800/2/w/448/3612220800_2_2_1.jpg?ts=1692627348336': 'Image 1 of MINI CROSSBODY BAG WITH FLAP from Zara'}]",2590,Crossbody bag. Soft construction. The main compartment has zip closure and the inside has a small pocket without closure. Front pocket with magnetic closure and flap. Adjustable and detachable shoulder strap.Height x Length x Width 19 x 11 x 6 cm. / 7.4 x 4.3 x 2.3″View more,black,addidas
237,BAG WITH MULTIPLE POCKETS,https://www.zara.com/in/en/bag-with-multiple-pockets-p13905220.html,"[{'https://static.zara.net/photos///2023/I/1/2/p/3905/220/032/2/w/448/3905220032_6_1_1.jpg?ts=1688052334618': 'Image 0 of BAG WITH MULTIPLE POCKETS from Zara'}, {'https://static.zara.net/photos///2023/I/1/2/p/3905/220/032/2/w/448/3905220032_6_2_1.jpg?ts=1688052340223': 'Image 1 of BAG WITH MULTIPLE POCKETS from Zara'}]",2890,Handbag. Multiple detachable pockets on a central hoop. Main bag with zip closure. The inside has four small pockets without closures. Second small bucket bag with gathered drawstring closure. Third small bag that can be used as a purse or a case for headphones (compatible with AirPods® sizes). Adjustable shoulder strap.Main pocket: Length x height: 19 x 12 cm / 7.4 x 4.7″Bucket pocket: Length x height x width: 8 x 10 x 8 cm. / 3.1 x 3.9 x 3.1″Purse pocket: Height x Length: 7.5 x 7 cm / 2.9 x 2.7″View more,brown,zara
239,DENIM EARPHONE BAG,https://www.zara.com/in/en/denim-earphone-bag-p13907220.html,"[{'https://static.zara.net/photos///2023/I/1/2/p/3907/220/400/2/w/448/3907220400_6_1_1.jpg?ts=1688127031862': 'Image 0 of DENIM EARPHONE BAG from Zara'}, {'https://static.zara.net/photos///2023/I/1/2/p/3907/220/400/2/w/448/3907220400_6_2_1.jpg?ts=1688127032126': 'Image 1 of DENIM EARPHONE BAG from Zara'}]",1590,Earphone bag made of denim. Zip closure. Adjustable and detachable cord.Height x Length x Width 8 x 8 x 2.5 cm. / 3.1 x 3.1 x 0.9″,blue,puma
240,NYLON MULTI-POCKET BAG,https://www.zara.com/in/en/nylon-multi-pocket-bag-p13908120.html,"[{'https://static.zara.net/photos///2023/V/1/2/p/3908/120/800/2/w/448/3908120800_2_1_1.jpg?ts=1683289816763': 'Image 0 of NYLON MULTI-POCKET BAG from Zara'}, {'https://static.zara.net/photos///2023/V/1/2/p/3908/120/800/2/w/448/3908120800_2_2_1.jpg?ts=1683289817710': 'Image 1 of NYLON MULTI-POCKET BAG from Zara'}]",2890,Handbag. Multiple detachable pockets on a central hoop. Main bag with zip closure. The inside has four small pockets without closures. Second small bucket bag with gathered drawstring closure. Third small bag that can be used as a purse or a case for headphones (compatible with AirPods® sizes). Adjustable shoulder strap.Main pocket: Length x height: 19 x 12 cm / 7.4 x 4.7″Bucket pocket: Length x height x width: 8 x 10 x 8 cm / 3.1 x 3.9 x 3.1″Purse pocket: Height x Length: 7.5 x 7 cm / 2.9 x 2.7″View more,black,nike
241,HOOP EARRINGS,https://www.zara.com/in/en/hoop-earrings-p08435334.html,"[{'https://static.zara.net/photos///2023/I/0/2/p/8435/334/808/2/w/448/8435334808_6_1_1.jpg?ts=1692350270627': 'Image 0 of HOOP EARRINGS from Zara'}, {'https://static.zara.net/photos///2023/I/0/2/p/8435/334/808/2/w/448/8435334808_6_2_1.jpg?ts=1692350271751': 'Image 1 of HOOP EARRINGS from Zara'}]",1590,Metal earrings. Push-back closure.,white,addidas
242,IRREGULAR EARRINGS,https://www.zara.com/in/en/irregular-earrings-p01012307.html,"[{'https://static.zara.net/photos///2023/I/0/2/p/1012/307/800/2/w/448/1012307800_6_1_1.jpg?ts=1688111365866': 'Image 0 of IRREGULAR EARRINGS from Zara'}, {'https://static.zara.net/photos///2023/I/0/2/p/1012/307/800/2/w/448/1012307800_6_2_1.jpg?ts=1688111365110': 'Image 1 of IRREGULAR EARRINGS from Zara'}]",1590,Earrings with an irregular finish. Push-back fastening.,black,zara
243,EARRINGS,https://www.zara.com/in/en/earrings-p08435312.html,"[{'https://static.zara.net/photos///2023/I/0/2/p/8435/312/808/2/w/448/8435312808_6_1_1.jpg?ts=1689939257107': 'Image 0 of EARRINGS from Zara'}, {'https://static.zara.net/photos///2023/I/0/2/p/8435/312/808/2/w/448/8435312808_6_2_1.jpg?ts=1689939255074': 'Image 1 of EARRINGS from Zara'}]",1590,Metal earrings. 925 MM silver-plated finish. Push-back clasps.,white,puma
244,BUCKET HAT,https://www.zara.com/in/en/bucket-hat-p09065301.html,"[{'https://static.zara.net/photos///2023/I/0/1/p/9065/301/527/22/w/448/9065301527_2_4_1.jpg?ts=1688394236782': 'Image 0 of BUCKET HAT from Zara'}, {'https://static.zara.net/photos///2023/I/0/2/p/9065/301/527/2/w/0/9065301527_6_1_1.jpg?ts=1685087982069': 'Image 1 of BUCKET HAT from Zara'}]",1990,Hat made of cotton fabric. Wide brim with topstitching detail. Frayed trim. Faded effect.,green,nike
248,UTILITY HAT,https://www.zara.com/in/en/utility-hat-p03920314.html,"[{'https://static.zara.net/photos///2023/I/0/2/p/3920/314/727/2/w/448/3920314727_6_1_1.jpg?ts=1689162978248': 'Image 0 of UTILITY HAT from Zara'}, {'https://static.zara.net/photos///2023/I/0/2/p/3920/314/727/2/w/448/3920314727_6_2_1.jpg?ts=1689162981642': 'Image 1 of UTILITY HAT from Zara'}]",2290,Wide-brimmed hat with topstitching detail. Zip pocket. Adjustable drawstring.,white,addidas
251,STRIPED CROCHET HAT,https://www.zara.com/in/en/striped-crochet-hat-p03920362.html,"[{'https://static.zara.net/photos///2023/I/0/2/p/3920/362/712/2/w/448/3920362712_6_1_1.jpg?ts=1690902092632': 'Image 0 of STRIPED CROCHET HAT from Zara'}, {'https://static.zara.net/photos///2023/I/0/2/p/3920/362/712/2/w/448/3920362712_6_2_1.jpg?ts=1690363630970': 'Image 1 of STRIPED CROCHET HAT from Zara'}]",2590,Hat made of spun cotton fabric.,yellow,zara
253,WOVEN BUCKET HAT,https://www.zara.com/in/en/woven-bucket-hat-p03920343.html,"[{'https://static.zara.net/photos///2023/I/0/2/p/3920/343/746/2/w/448/3920343746_6_1_1.jpg?ts=1689260306578': 'Image 0 of WOVEN BUCKET HAT from Zara'}, {'https://static.zara.net/photos///2023/I/0/2/p/3920/343/746/2/w/448/3920343746_6_2_1.jpg?ts=1689260307015': 'Image 1 of WOVEN BUCKET HAT from Zara'}]",2590,Woven hat with an open texture.,brown,puma
255,CONTRAST CROCHET HAT,https://www.zara.com/in/en/contrast-crochet-hat-p03920344.html,"[{'https://static.zara.net/photos///2023/I/0/2/p/3920/344/800/2/w/448/3920344800_6_1_1.jpg?ts=1688483860408': 'Image 0 of CONTRAST CROCHET HAT from Zara'}, {'https://static.zara.net/photos///2023/I/0/2/p/3920/344/800/2/w/448/3920344800_6_2_1.jpg?ts=1688483860437': 'Image 1 of CONTRAST CROCHET HAT from Zara'}]",2590,Hat made of spun cotton thread. Contrast topstitching on the brim.,black,nike
256,TEXTURED BUCKET HAT,https://www.zara.com/in/en/textured-bucket-hat-p09065303.html,"[{'https://static.zara.net/photos///2023/I/0/1/p/9065/303/800/83/w/448/9065303800_2_4_1.jpg?ts=1689168830471': 'Image 0 of TEXTURED BUCKET HAT from Zara'}, {'https://static.zara.net/photos///2023/I/0/1/p/9065/303/800/83/w/0/9065303800_2_5_1.jpg?ts=1689168827885': 'Image 1 of TEXTURED BUCKET HAT from Zara'}]",1990,Hat made of textured ripstop fabric that is resistant to tearing. Wide brim with topstitching detail.,blue,addidas
260,BUCKET HAT WITH CONTRAST TOPSTITCHING,https://www.zara.com/in/en/bucket-hat-with-contrast-topstitching-p09065323.html,"[{'https://static.zara.net/photos///2023/I/0/2/p/9065/323/712/2/w/448/9065323712_6_1_1.jpg?ts=1689162981770': 'Image 0 of BUCKET HAT WITH CONTRAST TOPSTITCHING from Zara'}, {'https://static.zara.net/photos///2023/I/0/2/p/9065/323/712/2/w/448/9065323712_6_2_1.jpg?ts=1689162981917': 'Image 1 of BUCKET HAT WITH CONTRAST TOPSTITCHING from Zara'}]",2290,Hat made of cotton fabric. Wide brim with contrast topstitching detail and frayed trim.,white,zara
261,TEXTURED BUCKET HAT,https://www.zara.com/in/en/textured-bucket-hat-p09065311.html,"[{'https://static.zara.net/photos///2023/I/0/2/p/9065/311/506/2/w/448/9065311506_6_1_1.jpg?ts=1689162981491': 'Image 0 of TEXTURED BUCKET HAT from Zara'}, {'https://static.zara.net/photos///2023/I/0/2/p/9065/311/506/2/w/448/9065311506_6_2_1.jpg?ts=1689162982471': 'Image 1 of TEXTURED BUCKET HAT from Zara'}]",1990,Hat made of cotton fabric. Brim with topstitching detail. Faded effect.,brown,puma
263,DENIM BUCKET HAT,https://www.zara.com/in/en/denim-bucket-hat-p09065314.html,"[{'https://static.zara.net/photos///2023/I/0/2/p/9065/314/807/2/w/448/9065314807_6_1_1.jpg?ts=1690445057547': 'Image 0 of DENIM BUCKET HAT from Zara'}, {'https://static.zara.net/photos///2023/I/0/2/p/9065/314/807/2/w/448/9065314807_6_2_1.jpg?ts=1690445057481': 'Image 1 of DENIM BUCKET HAT from Zara'}]",1990,Hat made of denim fabric. Faded effect.,grey,nike
265,BUCKET HAT,https://www.zara.com/in/en/bucket-hat-p09065318.html,"[{'https://static.zara.net/photos///2023/I/0/2/p/9065/318/629/2/w/448/9065318629_6_1_1.jpg?ts=1690902033189': 'Image 0 of BUCKET HAT from Zara'}, {'https://static.zara.net/photos///2023/I/0/2/p/9065/318/629/2/w/448/9065318629_6_3_1.jpg?ts=1690902033458': 'Image 1 of BUCKET HAT from Zara'}]",1990,Hat made of cotton fabric. Wide brim with topstitching detail. Faded effect.,pink,addidas
267,SHORT BEANIE,https://www.zara.com/in/en/short-beanie-p09065512.html,"[{'https://static.zara.net/photos///2023/I/0/2/p/9065/512/506/2/w/448/9065512506_6_1_1.jpg?ts=1692028180826': 'Image 0 of SHORT BEANIE from Zara'}, {'https://static.zara.net/photos///2023/I/0/2/p/9065/512/506/2/w/448/9065512506_6_2_1.jpg?ts=1692028181446': 'Image 1 of SHORT BEANIE from Zara'}]",1890,Adjustable hat made of textured rip-stop fabric that is resistant to tearing. Turn-up brim.,green,zara
270,TEXTURED COTTON FLAT CAP,https://www.zara.com/in/en/textured-cotton-flat-cap-p09065324.html,"[{'https://static.zara.net/photos///2023/I/0/2/p/9065/324/505/2/w/448/9065324505_6_1_1.jpg?ts=1691136843305': 'Image 0 of TEXTURED COTTON FLAT CAP from Zara'}, {'https://static.zara.net/photos///2023/I/0/2/p/9065/324/505/2/w/448/9065324505_6_2_1.jpg?ts=1691136844948': 'Image 1 of TEXTURED COTTON FLAT CAP from Zara'}]",1990,Flat cap with visor. Adjustable elastic.,brown,puma
273,TIE-DYE PRINT BANDANA,https://www.zara.com/in/en/tie-dye-print-bandana-p01271317.html,"[{'https://static.zara.net/photos///2023/I/0/2/p/1271/317/555/2/w/448/1271317555_6_1_1.jpg?ts=1690187825500': 'Image 0 of TIE-DYE PRINT BANDANA from Zara'}, {'https://static.zara.net/photos///2023/I/0/2/p/1271/317/555/2/w/448/1271317555_6_2_1.jpg?ts=1690187825737': 'Image 1 of TIE-DYE PRINT BANDANA from Zara'}]",990,Bandana made of cotton.Measurements: 60 x 60 cm. / 23.6 x 23.6″,pink,nike
276,GEOMETRIC EMBROIDERY BANDANA,https://www.zara.com/in/en/geometric-embroidery-bandana-p01271306.html,"[{'https://static.zara.net/photos///2023/I/0/2/p/1271/306/800/2/w/448/1271306800_6_1_1.jpg?ts=1689259126539': 'Image 0 of GEOMETRIC EMBROIDERY BANDANA from Zara'}, {'https://static.zara.net/photos///2023/I/0/2/p/1271/306/800/2/w/448/1271306800_6_2_1.jpg?ts=1689259126558': 'Image 1 of GEOMETRIC EMBROIDERY BANDANA from Zara'}]",990,Bandana made of cotton. Contrast embroidery.Measurements: 60 x 60 cm. / 23.6 x 23.6″,black,addidas
282,ABSTRACT PRINT BANDANA,https://www.zara.com/in/en/abstract-print-bandana-p01271302.html,"[{'https://static.zara.net/photos///2023/I/0/2/p/1271/302/555/2/w/448/1271302555_6_1_1.jpg?ts=1690187824717': 'Image 0 of ABSTRACT PRINT BANDANA from Zara'}, {'https://static.zara.net/photos///2023/I/0/2/p/1271/302/555/2/w/448/1271302555_6_2_1.jpg?ts=1690187825082': 'Image 1 of ABSTRACT PRINT BANDANA from Zara'}]",990,Bandana made of cotton. Measurements: 60 x 60 cm. / 23.6 x 23.6″,white,zara
283,PAISLEY PRINT BANDANNA,https://www.zara.com/in/en/paisley-print-bandanna-p01271311.html,"[{'https://static.zara.net/photos///2023/I/0/2/p/1271/311/712/2/w/448/1271311712_6_1_1.jpg?ts=1690371232347': 'Image 0 of PAISLEY PRINT BANDANNA from Zara'}, {'https://static.zara.net/photos///2023/I/0/2/p/1271/311/712/2/w/448/1271311712_6_2_1.jpg?ts=1690371234098': 'Image 1 of PAISLEY PRINT BANDANNA from Zara'}]",990,Bandana made of cotton.Measurements: 60 x 60 cm / 23.6 x 23.6″,white,puma
