,product_name,link, product_images,price,details,color,brand
0,DENIM SNEAKERS,https://www.zara.com/in/en/denim-sneakers-p12216220.html,"[{'https://static.zara.net/photos///2023/I/1/2/p/2216/220/202/2/w/448/2216220202_2_1_1.jpg?ts=1690213159158': 'Image 0 of DENIM SNEAKERS from Zara'}, {'https://static.zara.net/photos///2023/I/1/2/p/2216/220/202/2/w/448/2216220202_2_2_1.jpg?ts=1690213160892': 'Image 1 of DENIM SNEAKERS from Zara'}]",3990,"Sneakers with a combination of materials, pieces and colours on the upper. Seven-eyelet facing. Contrast chunky sole.",white,nike
3,CHUNKY TRAINERS,https://www.zara.com/in/en/chunky-trainers-p12206120.html,"[{'https://static.zara.net/photos///2023/V/1/2/p/2206/120/802/2/w/448/2206120802_2_1_1.jpg?ts=1683033215969': 'Image 0 of CHUNKY TRAINERS from Zara'}, {'https://static.zara.net/photos///2023/V/1/2/p/2206/120/802/2/w/448/2206120802_2_2_1.jpg?ts=1683033216104': 'Image 1 of CHUNKY TRAINERS from Zara'}]",3990,"Monochrome trainers. Seven-eyelet facing. The laces are semi-hidden under two pieces, one on each side of the instep. Chunky sole with an irregular design.",grey,puma
4,CHUNKY TRAINERS,https://www.zara.com/in/en/chunky-trainers-p12245220.html,"[{'https://static.zara.net/photos///2023/I/1/2/p/2245/220/001/2/w/448/2245220001_6_1_1.jpg?ts=1692019633659': 'Image 0 of CHUNKY TRAINERS from Zara'}, {'https://static.zara.net/photos///2023/I/1/2/p/2245/220/001/2/w/448/2245220001_6_2_1.jpg?ts=1692019634278': 'Image 1 of CHUNKY TRAINERS from Zara'}]",3990,Sneakers. Plain upper. Seven-eyelet facing. Chunky sole with irregular design at the back.,white,adidas
6,MULTIPIECE TRAINERS,https://www.zara.com/in/en/multipiece-trainers-p12236220.html,"[{'https://static.zara.net/photos///2023/I/1/2/p/2236/220/202/2/w/448/2236220202_2_1_1.jpg?ts=1692608383106': 'Image 0 of MULTIPIECE TRAINERS from Zara'}, {'https://static.zara.net/photos///2023/I/1/2/p/2236/220/202/2/w/448/2236220202_2_2_1.jpg?ts=1692608383062': 'Image 1 of MULTIPIECE TRAINERS from Zara'}]",2990,"Trainers. Combination of materials, pieces and colours on the upper. Six-eyelet facing. Irregular and chunky sole.",white,zara
7,LEATHER MONK SHOES,https://www.zara.com/in/en/leather-monk-shoes-p12403220.html,"[{'https://static.zara.net/photos///2023/I/1/2/p/2403/220/800/2/w/448/2403220800_2_1_1.jpg?ts=1686234638400': 'Image 0 of LEATHER MONK SHOES from Zara'}, {'https://static.zara.net/photos///2023/I/1/2/p/2403/220/800/2/w/448/2403220800_2_2_1.jpg?ts=1686234636569': 'Image 1 of LEATHER MONK SHOES from Zara'}]",7990,Leather monk shoes. Two metal buckles. Leather insole. Semi-pointed toe. Classic design. Matching sole.,black,nike
11,SMART LEATHER SHOES,https://www.zara.com/in/en/smart-leather-shoes-p12407220.html,"[{'https://static.zara.net/photos///2023/I/1/1/p/2407/220/800/32/w/489/2407220800_1_1_1.jpg?ts=1692874273545': 'Image 0 of SMART LEATHER SHOES from Zara'}, {'https://static.zara.net/photos///2023/I/1/2/p/2407/221/800/2/w/448/2407221800_6_1_1.jpg?ts=1689609014789': 'Image 1 of SMART LEATHER SHOES from Zara'}]",6990,Oxford shoes. Plain upper with topstitching detail on the vamp and toecap. Five-eyelet facing. Classic style. Round toe.,black,puma
13,LEATHER SQUARE TOE ANKLE BOOTS,https://www.zara.com/in/en/leather-square-toe-ankle-boots-p12010220.html,"[{'https://static.zara.net/photos///2023/I/1/2/p/2010/220/800/2/w/448/2010220800_1_1_1.jpg?ts=1689577314802': 'Image 0 of LEATHER SQUARE TOE ANKLE BOOTS from Zara'}, {'https://static.zara.net/photos///2023/I/1/2/p/2010/220/800/2/w/448/2010220800_2_1_1.jpg?ts=1689577315623': 'Image 1 of LEATHER SQUARE TOE ANKLE BOOTS from Zara'}]",9590,Leather Chelsea boots. Elastic side gores for slipping on with ease. Square toe. Back pull tab for slipping on with ease. Thin sole.,black,adidas
15,CHELSEA BOOTS,https://www.zara.com/in/en/chelsea-boots-p12000220.html,"[{'https://static.zara.net/photos///2023/I/1/2/p/2000/220/800/2/w/448/2000220800_6_1_1.jpg?ts=1691592336024': 'Image 0 of CHELSEA BOOTS from Zara'}, {'https://static.zara.net/photos///2023/I/1/2/p/2000/220/800/2/w/448/2000220800_6_2_1.jpg?ts=1691592336044': 'Image 1 of CHELSEA BOOTS from Zara'}]",4590,Monochrome Chelsea boots. Two elastic side gores and pull tab at the back for slipping on with ease. Rounded toe. Welt with matching topstitching. Slightly chunky sole.,black,zara
16,CHELSEA BOOTS WITH POINTED TOES,https://www.zara.com/in/en/chelsea-boots-with-pointed-toes-p12009221.html,"[{'https://static.zara.net/photos///2023/I/1/2/p/2009/221/709/2/w/448/2009221709_6_1_1.jpg?ts=1692630744180': 'Image 0 of CHELSEA BOOTS WITH POINTED TOES from Zara'}, {'https://static.zara.net/photos///2023/I/1/2/p/2009/221/709/2/w/448/2009221709_6_2_1.jpg?ts=1692630744190': 'Image 1 of CHELSEA BOOTS WITH POINTED TOES from Zara'}]",4990,Monochrome Chelsea boots. Two elastic side gores and pull tab at the back for slipping on with ease. Pointed toe. Welt with matching topstitching. Slightly chunky sole.,brown,nike
17,CHELSEA BOOTS,https://www.zara.com/in/en/chelsea-boots-p12009220.html,"[{'https://static.zara.net/photos///2023/I/1/2/p/2009/220/800/2/w/448/2009220800_6_1_1.jpg?ts=1691135082187': 'Image 0 of CHELSEA BOOTS from Zara'}, {'https://static.zara.net/photos///2023/I/1/2/p/2009/220/800/2/w/448/2009220800_6_2_1.jpg?ts=1691135082197': 'Image 1 of CHELSEA BOOTS from Zara'}]",4990,Monochrome ankle boots. Matching side gores and back pull tab for slipping on with ease. Pointed toe. Classic style.,black,puma
18,CHELSEA BOOTS,https://www.zara.com/in/en/chelsea-boots-p12004220.html,"[{'https://static.zara.net/photos///2023/I/1/2/p/2004/220/800/2/w/448/2004220800_6_1_1.jpg?ts=1689867413313': 'Image 0 of CHELSEA BOOTS from Zara'}, {'https://static.zara.net/photos///2023/I/1/2/p/2004/220/800/2/w/448/2004220800_6_2_1.jpg?ts=1689867412840': 'Image 1 of CHELSEA BOOTS from Zara'}]",4590,Chelsea boots. Matching elastic side gores on both sides. Round toe. Back pull tab for slipping on with ease. Thin sole.,black,adidas
19,LACE-UP ANKLE BOOTS,https://www.zara.com/in/en/lace-up-ankle-boots-p12016220.html,"[{'https://static.zara.net/photos///2023/I/1/2/p/2016/220/800/2/w/448/2016220800_6_1_1.jpg?ts=1692631383668': 'Image 0 of LACE-UP ANKLE BOOTS from Zara'}, {'https://static.zara.net/photos///2023/I/1/2/p/2016/220/800/2/w/448/2016220800_6_2_1.jpg?ts=1692631383668': 'Image 1 of LACE-UP ANKLE BOOTS from Zara'}]",4990,"Lace-up boots. Seven-eyelet facing, the last two with a metal piece. Contrast-coloured rubberised detail around the upper. Back pull tab for slipping on with ease. Round toe. Slightly chunky track sole.",black,zara
20,CHUNKY TRACK SOLE SHOES,https://www.zara.com/in/en/chunky-track-sole-shoes-p12410220.html,"[{'https://static.zara.net/photos///2023/I/1/2/p/2410/220/800/2/w/448/2410220800_6_1_1.jpg?ts=1690537873492': 'Image 0 of CHUNKY TRACK SOLE SHOES from Zara'}, {'https://static.zara.net/photos///2023/I/1/2/p/2410/220/800/2/w/448/2410220800_6_2_1.jpg?ts=1690537875391': 'Image 1 of CHUNKY TRACK SOLE SHOES from Zara'}]",3990,Derby shoes. Four-eyelet facing. Round toe. Chunky track sole with an irregular design.,black,nike
21,TRACK SOLE PENNY LOAFERS,https://www.zara.com/in/en/track-sole-penny-loafers-p12621220.html,"[{'https://static.zara.net/photos///2023/I/1/2/p/2621/220/800/2/w/448/2621220800_6_1_1.jpg?ts=1687854348784': 'Image 0 of TRACK SOLE PENNY LOAFERS from Zara'}, {'https://static.zara.net/photos///2023/I/1/2/p/2621/220/800/2/w/448/2621220800_6_2_1.jpg?ts=1687854348788': 'Image 1 of TRACK SOLE PENNY LOAFERS from Zara'}]",3990,Plain loafers. Decorative penny strap on the instep. Black chunky track sole with welt.,black,puma
22,ROPE TRAINERS,https://www.zara.com/in/en/rope-trainers-p12201220.html,"[{'https://static.zara.net/photos///2023/I/1/2/p/2201/221/800/2/w/448/2201221800_2_1_1.jpg?ts=1692608381803': 'Image 0 of ROPE TRAINERS from Zara'}, {'https://static.zara.net/photos///2023/I/1/2/p/2201/221/800/2/w/448/2201221800_2_2_1.jpg?ts=1692608382877': 'Image 1 of ROPE TRAINERS from Zara'}]",3990,Trainers. Six-eyelet facing. Rope-style laces. Contrast piece on the heel. Irregular chunky sole.,black,adidas
29,MINIMALIST RETRO TRAINERS,https://www.zara.com/in/en/minimalist-retro-trainers-p12208120.html,"[{'https://static.zara.net/photos///2023/V/1/2/p/2208/120/120/2/w/448/2208120120_2_1_1.jpg?ts=1682001963314': 'Image 0 of MINIMALIST RETRO TRAINERS from Zara'}, {'https://static.zara.net/photos///2023/V/1/2/p/2208/120/120/2/w/448/2208120120_2_2_1.jpg?ts=1682001963720': 'Image 1 of MINIMALIST RETRO TRAINERS from Zara'}]",2890,Trainers. Monochrome upper with a combination of pieces. Seven-eyelet facing. Uneven chunky sole. Retro-inspired design.,white,zara
32,SNEAKERS WITH PIECES,https://www.zara.com/in/en/sneakers-with-pieces-p12213220.html,"[{'https://static.zara.net/photos///2023/I/1/2/p/2213/220/800/2/w/448/2213220800_2_1_1.jpg?ts=1691062145831': 'Image 0 of SNEAKERS WITH PIECES from Zara'}, {'https://static.zara.net/photos///2023/I/1/2/p/2213/220/800/2/w/448/2213220800_2_2_1.jpg?ts=1691062145754': 'Image 1 of SNEAKERS WITH PIECES from Zara'}]",3990,Monochrome sneakers. Contrast rubberised pieces on the upper. Seven-eyelet facing. Chunky sole.,black,nike
35,TRAINERS WITH TOPSTITCHING,https://www.zara.com/in/en/trainers-with-topstitching-p12222220.html,"[{'https://static.zara.net/photos///2023/I/1/2/p/2222/220/202/2/w/448/2222220202_2_1_1.jpg?ts=1692608383079': 'Image 0 of TRAINERS WITH TOPSTITCHING from Zara'}, {'https://static.zara.net/photos///2023/I/1/2/p/2222/220/202/2/w/448/2222220202_2_2_1.jpg?ts=1692608382882': 'Image 1 of TRAINERS WITH TOPSTITCHING from Zara'}]",2990,Trainers with a combination of pieces. Six-eyelet facing. Chunky sole with an irregular design.,white,puma
37,RUNNING TRAINERS WITH CHUNKY SOLES,https://www.zara.com/in/en/running-trainers-with-chunky-soles-p12341120.html,"[{'https://static.zara.net/photos///2023/I/1/2/p/2341/120/500/2/w/448/2341120500_2_1_1.jpg?ts=1690213160278': 'Image 0 of RUNNING TRAINERS WITH CHUNKY SOLES from Zara'}, {'https://static.zara.net/photos///2023/I/1/2/p/2341/120/500/2/w/448/2341120500_2_2_1.jpg?ts=1690213160123': 'Image 1 of RUNNING TRAINERS WITH CHUNKY SOLES from Zara'}]",2990,Running trainers. Combination of pieces and materials on the upper. Five-eyelet facing. Back pull tab for slipping on with ease. Chunky sole with an irregular design and a combination of textures.,white,adidas
44,SPLIT SUEDE LEATHER ANKLE BOOTS,https://www.zara.com/in/en/split-suede-leather-ankle-boots-p12001220.html,"[{'https://static.zara.net/photos///2023/I/1/2/p/2001/220/723/2/w/448/2001220723_2_1_1.jpg?ts=1690544878690': 'Image 0 of SPLIT SUEDE LEATHER ANKLE BOOTS from Zara'}, {'https://static.zara.net/photos///2023/I/1/2/p/2001/220/723/2/w/448/2001220723_2_2_1.jpg?ts=1690544878803': 'Image 1 of SPLIT SUEDE LEATHER ANKLE BOOTS from Zara'}]",5990,Leather Chelsea boots with a split suede finish. Matching elastic gores on both sides for slipping on with ease. Rounded toes. Contrast topstitching detail on the welt. Contrast rubberised soles.,brown,zara
49,MONK SHOES,https://www.zara.com/in/en/monk-shoes-p12402220.html,"[{'https://static.zara.net/photos///2023/I/1/2/p/2402/220/800/2/w/448/2402220800_2_1_1.jpg?ts=1684313564417': 'Image 0 of MONK SHOES from Zara'}, {'https://static.zara.net/photos///2023/I/1/2/p/2402/220/800/2/w/448/2402220800_2_2_1.jpg?ts=1684313564650': 'Image 1 of MONK SHOES from Zara'}]",4990,Monk shoes. Metal buckle fastening. Semi-pointed toe. Classic style. Matching sole.,black,nike
52,WOVEN FORMAL SHOES,https://www.zara.com/in/en/woven-formal-shoes-p12425220.html,"[{'https://static.zara.net/photos///2023/I/1/2/p/2425/220/700/2/w/448/2425220700_6_1_1.jpg?ts=1688654471392': 'Image 0 of WOVEN FORMAL SHOES from Zara'}, {'https://static.zara.net/photos///2023/I/1/2/p/2425/220/700/2/w/448/2425220700_6_2_1.jpg?ts=1688118957660': 'Image 1 of WOVEN FORMAL SHOES from Zara'}]",5590,Oxford shoes. Raised detail on the upper. .Five-eyelet facing. Classic style.,brown,puma
53,SMART SHOES,https://www.zara.com/in/en/smart-shoes-p12400220.html,"[{'https://static.zara.net/photos///2023/I/1/2/p/2400/220/700/2/w/448/2400220700_2_1_1.jpg?ts=1686234636043': 'Image 0 of SMART SHOES from Zara'}, {'https://static.zara.net/photos///2023/I/1/2/p/2400/220/700/2/w/448/2400220700_2_2_1.jpg?ts=1686234637874': 'Image 1 of SMART SHOES from Zara'}]",4990,Classic derby shoes with a five-eyelet facing and a semi-round toe.,brown,adidas
54,FORMAL SHOES,https://www.zara.com/in/en/formal-shoes-p12405120.html,"[{'https://static.zara.net/photos///2023/V/1/2/p/2405/120/800/2/w/448/2405120800_2_1_1.jpg?ts=1671529442885': 'Image 0 of FORMAL SHOES from Zara'}, {'https://static.zara.net/photos///2023/V/1/2/p/2405/120/800/2/w/448/2405120800_2_2_1.jpg?ts=1671529444602': 'Image 1 of FORMAL SHOES from Zara'}]",4990,Derby shoes. Plain upper with matching topstitching detail. Five-eyelet facing. Classic style.,black,zara
55,SPLIT SUEDE LEATHER SHOES WITH MOC TOE,https://www.zara.com/in/en/split-suede-leather-shoes-with-moc-toe-p12505220.html,"[{'https://static.zara.net/photos///2023/I/1/2/p/2505/220/700/2/w/448/2505220700_2_1_1.jpg?ts=1692873695026': 'Image 0 of SPLIT SUEDE LEATHER SHOES WITH MOC TOE from Zara'}, {'https://static.zara.net/photos///2023/I/1/2/p/2505/220/700/2/w/448/2505220700_2_2_1.jpg?ts=1692873695008': 'Image 1 of SPLIT SUEDE LEATHER SHOES WITH MOC TOE from Zara'}]",7590,Shoes with a moc toe and matching seams. Made of leather with a split suede finish. Lace-up fastening and two eyelets. Decorative welt detail around the entire shoe. Chunky sole with an irregular design.,brown,nike
60,SPLIT SUEDE LEATHER LOAFERS,https://www.zara.com/in/en/split-suede-leather-loafers-p12644220.html,"[{'https://static.zara.net/photos///2023/I/1/2/p/2644/220/800/2/w/448/2644220800_2_1_1.jpg?ts=1687946905950': 'Image 0 of SPLIT SUEDE LEATHER LOAFERS from Zara'}, {'https://static.zara.net/photos///2023/I/1/2/p/2644/220/800/2/w/448/2644220800_2_2_1.jpg?ts=1687946905983': 'Image 1 of SPLIT SUEDE LEATHER LOAFERS from Zara'}]",5990,Loafers. Made of leather with a split suede finish. Decorative penny strap on the instep. Welt detail around the upper. Chunky sole in a matching colour.,black,puma
62,LEATHER LOAFERS,https://www.zara.com/in/en/leather-loafers-p12610120.html,"[{'https://static.zara.net/photos///2023/V/1/2/p/2610/120/800/2/w/448/2610120800_2_1_1.jpg?ts=1681831914188': 'Image 0 of LEATHER LOAFERS from Zara'}, {'https://static.zara.net/photos///2023/V/1/2/p/2610/120/800/2/w/448/2610120800_2_2_1.jpg?ts=1681831916810': 'Image 1 of LEATHER LOAFERS from Zara'}]",6990,Leather loafers. Made of leather with a glossy finish. Decorative penny strap on the instep. Rounded toe.,black,adidas
65,LEATHER TASSEL LOAFERS,https://www.zara.com/in/en/leather-tassel-loafers-p12640220.html,"[{'https://static.zara.net/photos///2023/I/1/2/p/2640/220/022/2/w/448/2640220022_6_1_1.jpg?ts=1692697729419': 'Image 0 of LEATHER TASSEL LOAFERS from Zara'}, {'https://static.zara.net/photos///2023/I/1/2/p/2640/220/022/2/w/448/2640220022_6_2_1.jpg?ts=1692697729435': 'Image 1 of LEATHER TASSEL LOAFERS from Zara'}]",8590,Leather loafers featuring decorative penny strap with fringed tassels on the instep and a contrast sole.,brown,zara
66,LEATHER LOAFERS WITH FRINGED PENNY STRAP,https://www.zara.com/in/en/leather-loafers-with-fringed-penny-strap-p12639220.html,"[{'https://static.zara.net/photos///2023/I/1/2/p/2639/220/800/2/w/448/2639220800_6_1_1.jpg?ts=1692633545484': 'Image 0 of LEATHER LOAFERS WITH FRINGED PENNY STRAP from Zara'}, {'https://static.zara.net/photos///2023/I/1/2/p/2639/220/800/2/w/448/2639220800_6_2_1.jpg?ts=1692633545444': 'Image 1 of LEATHER LOAFERS WITH FRINGED PENNY STRAP from Zara'}]",8590,Leather loafers. Plain upper. Decorative penny strap with fringe on the instep. Matching sole.,black,nike
67,KNIT FABRIC RUNNING TRAINERS,https://www.zara.com/in/en/knit-fabric-running-trainers-p12327120.html,"[{'https://static.zara.net/photos///2023/V/1/2/p/2327/120/102/2/w/448/2327120102_2_1_1.jpg?ts=1682001966385': 'Image 0 of KNIT FABRIC RUNNING TRAINERS from Zara'}, {'https://static.zara.net/photos///2023/V/1/2/p/2327/120/102/2/w/448/2327120102_2_2_1.jpg?ts=1682001968139': 'Image 1 of KNIT FABRIC RUNNING TRAINERS from Zara'}]",2990,Running trainers with no laces. Made of knit fabric. Combination of pieces and colours on the upper. Chunky multi-piece sole with irregular design.,white,puma
68,KNIT FABRIC HIGH-TOP TRAINERS,https://www.zara.com/in/en/knit-fabric-high-top-trainers-p12107220.html,"[{'https://static.zara.net/photos///2023/I/1/2/p/2107/220/800/2/w/448/2107220800_2_1_1.jpg?ts=1684499235381': 'Image 0 of KNIT FABRIC HIGH-TOP TRAINERS from Zara'}, {'https://static.zara.net/photos///2023/I/1/2/p/2107/220/800/2/w/448/2107220800_2_2_1.jpg?ts=1684499235296': 'Image 1 of KNIT FABRIC HIGH-TOP TRAINERS from Zara'}]",3990,"High-top trainers. Made of knit fabric. Wraparound upper in a single piece, sock-style design, without laces. Chunky sole with contrast irregular design.",black,adidas
70,RUNNING SNEAKERS WITH CHUNKY SOLES,https://www.zara.com/in/en/running-sneakers-with-chunky-soles-p12306220.html,"[{'https://static.zara.net/photos///2023/I/1/2/p/2306/220/800/2/w/448/2306220800_6_1_1.jpg?ts=1690543068926': 'Image 0 of RUNNING SNEAKERS WITH CHUNKY SOLES from Zara'}, {'https://static.zara.net/photos///2023/I/1/2/p/2306/220/800/2/w/448/2306220800_6_2_1.jpg?ts=1690543069034': 'Image 1 of RUNNING SNEAKERS WITH CHUNKY SOLES from Zara'}]",3990,Sneakers. Combination of pieces and textures on the upper. Seven-eyelet facing. Chunky sole with a raised detail on the front and with an irregular design. Retro-inspired design.,black,zara
71,RUNNING SNEAKERS WITH CHUNKY SOLES,https://www.zara.com/in/en/running-sneakers-with-chunky-soles-p12308220.html,"[{'https://static.zara.net/photos///2023/I/1/2/p/2308/220/120/2/w/448/2308220120_6_1_1.jpg?ts=1691572960293': 'Image 0 of RUNNING SNEAKERS WITH CHUNKY SOLES from Zara'}, {'https://static.zara.net/photos///2023/I/1/2/p/2308/220/120/2/w/448/2308220120_6_2_1.jpg?ts=1691572960630': 'Image 1 of RUNNING SNEAKERS WITH CHUNKY SOLES from Zara'}]",4590,Running sneakers. Combination of pieces and materials on the upper. Six-eyelet facing. Chunky sole with an irregular design and hollow detail in the centre of the sole in a combination of textures.,white,nike
72,CHUNKY LEATHER BOOTS,https://www.zara.com/in/en/chunky-leather-boots-p12011220.html,"[{'https://static.zara.net/photos///2023/I/1/2/p/2011/220/800/2/w/0/2011220800_2_2_1.jpg?ts=1690471799752': 'Image 0 of CHUNKY LEATHER BOOTS from Zara'}, {'https://static.zara.net/photos///2023/I/1/2/p/2011/220/800/2/w/0/2011220800_2_3_1.jpg?ts=1690471798670': 'Image 1 of CHUNKY LEATHER BOOTS from Zara'}]",9590,Leather monochrome Chelsea boots. Elastic side gores and pull tab at the back for slipping on with ease. Round toe. Matching topstitching on the welt. Chunky track sole.,black,puma
76,LEATHER CHELSEA BOOTS,https://www.zara.com/in/en/leather-chelsea-boots-p12007220.html,"[{'https://static.zara.net/photos///2023/I/1/2/p/2007/220/800/2/w/448/2007220800_6_1_1.jpg?ts=1692866827693': 'Image 0 of LEATHER CHELSEA BOOTS from Zara'}, {'https://static.zara.net/photos///2023/I/1/2/p/2007/220/800/2/w/448/2007220800_6_2_1.jpg?ts=1692866827673': 'Image 1 of LEATHER CHELSEA BOOTS from Zara'}]",6990,Leather Chelsea boots. Elastic side gores and pull tab at the back for slipping on with ease. Round toe. Chunky track sole.,black,zara
78,DOUBLE-STRAP SANDALS,https://www.zara.com/in/en/double-strap-sandals-p12700220.html,"[{'https://static.zara.net/photos///2023/I/1/2/p/2700/220/700/2/w/448/2700220700_2_1_1.jpg?ts=1687946939707': 'Image 0 of DOUBLE-STRAP SANDALS from Zara'}, {'https://static.zara.net/photos///2023/I/1/2/p/2700/220/700/2/w/448/2700220700_2_2_1.jpg?ts=1687946939770': 'Image 1 of DOUBLE-STRAP SANDALS from Zara'}]",3290,Sandals with two wide buckled straps across the instep. Chunky sole.,brown,nike
79,DOUBLE-STRAP SANDALS,https://www.zara.com/in/en/double-strap-sandals-p12700120.html,"[{'https://static.zara.net/photos///2023/V/1/2/p/2700/120/800/2/w/448/2700120800_2_1_1.jpg?ts=1670846673452': 'Image 0 of DOUBLE-STRAP SANDALS from Zara'}, {'https://static.zara.net/photos///2023/V/1/2/p/2700/120/800/2/w/448/2700120800_2_2_1.jpg?ts=1670846673585': 'Image 1 of DOUBLE-STRAP SANDALS from Zara'}]",2990,Slide sandals. Two wide straps across the instep with buckle details. Insole with anatomical shoe last and matching chunky sole.,black,puma
83,SPORTY SPLIT SUEDE LOAFERS,https://www.zara.com/in/en/sporty-split-suede-loafers-p12618120.html,"[{'https://static.zara.net/photos///2023/V/1/2/p/2618/120/707/2/w/448/2618120707_2_1_1.jpg?ts=1683033229015': 'Image 0 of SPORTY SPLIT SUEDE LOAFERS from Zara'}, {'https://static.zara.net/photos///2023/V/1/2/p/2618/120/707/2/w/448/2618120707_2_2_1.jpg?ts=1683033230376': 'Image 1 of SPORTY SPLIT SUEDE LOAFERS from Zara'}]",5990,Leather loafers. Plain upper. Welt around the upper. Contrast-coloured chunky sole.,brown,adidas
87,CHUNKY TRAINERS,https://www.zara.com/in/en/chunky-trainers-p12253120.html,"[{'https://static.zara.net/photos///2023/V/1/2/p/2253/120/001/2/w/448/2253120001_2_1_1.jpg?ts=1683033214995': 'Image 0 of CHUNKY TRAINERS from Zara'}, {'https://static.zara.net/photos///2023/V/1/2/p/2253/120/001/2/w/448/2253120001_2_2_1.jpg?ts=1683033221768': 'Image 1 of CHUNKY TRAINERS from Zara'}]",4990,Trainers with contrast materials and colours on the upper. Seven-eyelet facing. Contrast colour piece at the back. Chunky sole with irregular design.,white,zara
93,CHUNKY HIGH-TOP SNEAKERS,https://www.zara.com/in/en/chunky-high-top-sneakers-p12105220.html,"[{'https://static.zara.net/photos///2023/I/1/2/p/2105/220/202/2/w/448/2105220202_2_1_1.jpg?ts=1692608382269': 'Image 0 of CHUNKY HIGH-TOP SNEAKERS from Zara'}, {'https://static.zara.net/photos///2023/I/1/2/p/2105/220/202/2/w/448/2105220202_2_2_1.jpg?ts=1692608382318': 'Image 1 of CHUNKY HIGH-TOP SNEAKERS from Zara'}]",3990,"High-top sneakers. Nine-eyelet facing, the top three with metal detail. Features a contrast-coloured piece at the back. Slightly chunky rubber sole with an irregular design on the toecap.",black,nike
94,MULTI-PIECE HIGH-TOP SNEAKERS,https://www.zara.com/in/en/multi-piece-high-top-sneakers-p12104220.html,"[{'https://static.zara.net/photos///2023/I/1/2/p/2104/220/001/2/w/448/2104220001_2_1_1.jpg?ts=1692608381454': 'Image 0 of MULTI-PIECE HIGH-TOP SNEAKERS from Zara'}, {'https://static.zara.net/photos///2023/I/1/2/p/2104/220/001/2/w/448/2104220001_2_2_1.jpg?ts=1692608381475': 'Image 1 of MULTI-PIECE HIGH-TOP SNEAKERS from Zara'}]",3290,High-top sneakers. Contrast pieces on the upper. Nine-eyelet facing. Chunky rubber sole. Retro design.,white,puma
97,LACE-UP HIGH-TOP TRAINERS,https://www.zara.com/in/en/lace-up-high-top-trainers-p12101220.html,"[{'https://static.zara.net/photos///2023/I/1/2/p/2101/220/120/2/w/448/2101220120_2_1_1.jpg?ts=1686559821642': 'Image 0 of LACE-UP HIGH-TOP TRAINERS from Zara'}, {'https://static.zara.net/photos///2023/I/1/2/p/2101/220/120/2/w/448/2101220120_2_2_1.jpg?ts=1686559823204': 'Image 1 of LACE-UP HIGH-TOP TRAINERS from Zara'}]",3990,High-top trainers. Combination of colours on the upper. Seven-eyelet facing. Chunky rubber sole.,white,adidas
100,LEATHER PENNY STRAP LOAFERS,https://www.zara.com/in/en/leather-penny-strap-loafers-p12686120.html,"[{'https://static.zara.net/photos///2023/I/1/2/p/2686/120/800/2/w/448/2686120800_2_1_1.jpg?ts=1686234636019': 'Image 0 of LEATHER PENNY STRAP LOAFERS from Zara'}, {'https://static.zara.net/photos///2023/I/1/2/p/2686/120/800/2/w/448/2686120800_2_2_1.jpg?ts=1686234636009': 'Image 1 of LEATHER PENNY STRAP LOAFERS from Zara'}]",7990,Leather loafers. Plain upper. Decorative penny strap detail on the instep. Round toe. Matching sole.,black,zara
103,LEATHER PENNY STRAP LOAFERS,https://www.zara.com/in/en/leather-penny-strap-loafers-p12602220.html,"[{'https://static.zara.net/photos///2023/I/1/2/p/2602/220/800/2/w/448/2602220800_6_1_1.jpg?ts=1692019633682': 'Image 0 of LEATHER PENNY STRAP LOAFERS from Zara'}, {'https://static.zara.net/photos///2023/I/1/2/p/2602/220/800/2/w/448/2602220800_6_2_1.jpg?ts=1692019634537': 'Image 1 of LEATHER PENNY STRAP LOAFERS from Zara'}]",6990,Leather loafers. Welt detail around the upper. Decorative penny strap on the instep. Matching sole.,black,nike
104,LEATHER PENNY STRAP LOAFERS,https://www.zara.com/in/en/leather-penny-strap-loafers-p12633220.html,"[{'https://static.zara.net/photos///2023/I/1/2/p/2633/220/700/2/w/448/2633220700_6_1_1.jpg?ts=1690817759147': 'Image 0 of LEATHER PENNY STRAP LOAFERS from Zara'}, {'https://static.zara.net/photos///2023/I/1/2/p/2633/220/700/2/w/448/2633220700_6_2_1.jpg?ts=1690817759156': 'Image 1 of LEATHER PENNY STRAP LOAFERS from Zara'}]",7590,Leather loafers. Plain upper. Decorative penny strap on the instep. Welt detail with contrast-coloured topstitching. Round toe. Contrast sole.,brown,puma
105,BASIC LOAFERS WITH PENNY STRAP,https://www.zara.com/in/en/basic-loafers-with-penny-strap-p12601221.html,"[{'https://static.zara.net/photos///2023/I/1/2/p/2601/221/707/2/w/448/2601221707_2_1_1.jpg?ts=1687946753673': 'Image 0 of BASIC LOAFERS WITH PENNY STRAP from Zara'}, {'https://static.zara.net/photos///2023/I/1/2/p/2601/221/707/2/w/448/2601221707_2_2_1.jpg?ts=1687946753768': 'Image 1 of BASIC LOAFERS WITH PENNY STRAP from Zara'}]",4990,Loafers. Plain upper. Decorative penny strap detail on the instep. Matching sole.,white,adidas
106,CONTRAST TRAINERS,https://www.zara.com/in/en/contrast-trainers-p12204220.html,"[{'https://static.zara.net/photos///2023/I/1/2/p/2204/220/001/2/w/448/2204220001_2_1_1.jpg?ts=1687173844797': 'Image 0 of CONTRAST TRAINERS from Zara'}, {'https://static.zara.net/photos///2023/I/1/2/p/2204/220/001/2/w/448/2204220001_2_2_1.jpg?ts=1687173844810': 'Image 1 of CONTRAST TRAINERS from Zara'}]",2890,"Trainers. Combination of pieces and colours on the upper. .Seven-eyelet facing. Contrast-coloured, slightly chunky rubber sole.",white,zara
110,SNEAKERS WITH CONTRAST PIECES,https://www.zara.com/in/en/sneakers-with-contrast-pieces-p12255220.html,"[{'https://static.zara.net/photos///2023/I/1/2/p/2255/220/202/2/w/448/2255220202_6_1_1.jpg?ts=1692019633665': 'Image 0 of SNEAKERS WITH CONTRAST PIECES from Zara'}, {'https://static.zara.net/photos///2023/I/1/2/p/2255/220/202/2/w/448/2255220202_6_2_1.jpg?ts=1692019634582': 'Image 1 of SNEAKERS WITH CONTRAST PIECES from Zara'}]",2890,"Casual sneakers. Combination of pieces and colours on the upper. Seven-eyelet facing. Matching, slightly chunky rubber sole.",white,nike
112,CHELSEA BOOTS WITH CHUNKY TRACK SOLES,https://www.zara.com/in/en/chelsea-boots-with-chunky-track-soles-p12012220.html,"[{'https://static.zara.net/photos///2023/I/1/1/p/2012/220/002/2/w/448/2012220002_2_1_1.jpg?ts=1692256328281': 'Image 0 of CHELSEA BOOTS WITH CHUNKY TRACK SOLES from Zara'}, {'https://static.zara.net/photos///2023/I/1/1/p/2012/220/002/2/w/448/2012220002_2_2_1.jpg?ts=1692256328211': 'Image 1 of CHELSEA BOOTS WITH CHUNKY TRACK SOLES from Zara'}]",4990,Chelsea boots with elastic side gores and pull tab at the back for slipping on with ease. Round toe. Matching topstitching on the welt. Chunky track sole.,black,puma
115,CHUNKY SOLE ANKLE BOOTS,https://www.zara.com/in/en/chunky-sole-ankle-boots-p12005222.html,"[{'https://static.zara.net/photos///2023/I/1/2/p/2005/222/202/2/w/448/2005222202_2_1_1.jpg?ts=1689699478093': 'Image 0 of CHUNKY SOLE ANKLE BOOTS from Zara'}, {'https://static.zara.net/photos///2023/I/1/2/p/2005/222/202/2/w/448/2005222202_6_1_1.jpg?ts=1689061497689': 'Image 1 of CHUNKY SOLE ANKLE BOOTS from Zara'}]",5990,Chelsea boots. Elastic side gores for slipping on with ease. Round toe. Chunky contrast-coloured track sole.,black,adidas
116,CHUNKY LACE-UP BOOTS,https://www.zara.com/in/en/chunky-lace-up-boots-p12022220.html,"[{'https://static.zara.net/photos///2023/I/1/2/p/2022/220/800/2/w/448/2022220800_6_1_1.jpg?ts=1692195074272': 'Image 0 of CHUNKY LACE-UP BOOTS from Zara'}, {'https://static.zara.net/photos///2023/I/1/2/p/2022/220/800/2/w/448/2022220800_6_2_1.jpg?ts=1692195074294': 'Image 1 of CHUNKY LACE-UP BOOTS from Zara'}]",5990,Lace-up boots. Eight-eyelet facing. Back pull tab for slipping on with ease. Round toe. Double welt detail around the upper. Matching chunky track sole.,black,zara
118,DENIM SANDALS,https://www.zara.com/in/en/denim-sandals-p12717220.html,"[{'https://static.zara.net/photos///2023/I/1/2/p/2718/220/401/2/w/448/2718220401_6_1_1.jpg?ts=1689697483635': 'Image 0 of DENIM SANDALS from Zara'}, {'https://static.zara.net/photos///2023/I/1/2/p/2718/220/401/2/w/448/2718220401_6_2_1.jpg?ts=1689697482449': 'Image 1 of DENIM SANDALS from Zara'}]",3290,Denim print sandals. Two wide straps across the instep. Double chunky track sole.,white,nike
127,CONTRAST RETRO RUNNING SNEAKERS,https://www.zara.com/in/en/contrast-retro-running-sneakers-p12311220.html,"[{'https://static.zara.net/photos///2023/I/1/1/p/2311/220/202/2/w/448/2311220202_2_1_1.jpg?ts=1692872843479': 'Image 0 of CONTRAST RETRO RUNNING SNEAKERS from Zara'}, {'https://static.zara.net/photos///2023/I/1/2/p/2311/220/202/2/w/448/2311220202_2_2_1.jpg?ts=1692872806329': 'Image 1 of CONTRAST RETRO RUNNING SNEAKERS from Zara'}]",3990,Running sneakers in a combination of pieces and materials on the upper. Six-eyelet facing. Chunky sole with an irregular design and a combination of textures. Retro-inspired design.,brown,adidas
128,CONTRAST RUNNING SNEAKERS,https://www.zara.com/in/en/contrast-running-sneakers-p12329220.html,"[{'https://static.zara.net/photos///2023/I/1/2/p/2329/220/400/2/w/448/2329220400_2_1_1.jpg?ts=1692627349104': 'Image 0 of CONTRAST RUNNING SNEAKERS from Zara'}, {'https://static.zara.net/photos///2023/I/1/2/p/2329/220/400/2/w/448/2329220400_2_2_1.jpg?ts=1692627350521': 'Image 1 of CONTRAST RUNNING SNEAKERS from Zara'}]",3990,"Running sneakers in a combination of materials and pieces on the upper. Seven-eyelet facing. Chunky sole in contrast textures, with an irregular design.",blue,zara
132,CONTRAST RUNNING SNEAKERS,https://www.zara.com/in/en/contrast-running-sneakers-p12307220.html,"[{'https://static.zara.net/photos///2023/I/1/2/p/2307/220/107/2/w/448/2307220107_2_1_1.jpg?ts=1690213158621': 'Image 0 of CONTRAST RUNNING SNEAKERS from Zara'}, {'https://static.zara.net/photos///2023/I/1/2/p/2307/220/107/2/w/448/2307220107_2_2_1.jpg?ts=1690213159223': 'Image 1 of CONTRAST RUNNING SNEAKERS from Zara'}]",4590,Running sneakers. Combination of pieces and materials on the upper. Six-eyelet facing. Back pull tab for slipping on with ease. Chunky sole with an irregular design and a combination of textures.,brown,nike
134,ANIMAL PRINT LEATHER BOOTS,https://www.zara.com/in/en/animal-print-leather-boots-p12080220.html,"[{'https://static.zara.net/photos///2023/I/1/1/p/2080/220/107/2/w/448/2080220107_2_4_1.jpg?ts=1692257064456': 'Image 0 of ANIMAL PRINT LEATHER BOOTS from Zara'}, {'https://static.zara.net/photos///2023/I/1/1/p/2080/220/107/2/w/448/2080220107_2_5_1.jpg?ts=1692257064735': 'Image 1 of ANIMAL PRINT LEATHER BOOTS from Zara'}]",11990,Leather boots. Animal print on the upper. Square heel. Side zip for slipping on with ease. Semi-round toe.,white,puma
137,LEATHER COWBOY BOOTS,https://www.zara.com/in/en/leather-cowboy-boots-p12035220.html,"[{'https://static.zara.net/photos///2023/I/1/1/p/2035/220/800/3/w/448/2035220800_2_1_1.jpg?ts=1692610101794': 'Image 0 of LEATHER COWBOY BOOTS from Zara'}, {'https://static.zara.net/photos///2023/I/1/1/p/2035/220/800/3/w/448/2035220800_2_2_1.jpg?ts=1692610099423': 'Image 1 of LEATHER COWBOY BOOTS from Zara'}]",10990,Monochrome cowboy boots. Made of leather. Back pull tab for slipping on with ease. Pointed toe. Block heel.,black,adidas
139,VIBRAM® RUNNING SNEAKERS,https://www.zara.com/in/en/vibram--running-sneakers-p12355120.html,"[{'https://static.zara.net/photos///2023/I/1/2/p/2355/120/800/2/w/448/2355120800_2_2_1.jpg?ts=1692697108377': 'Image 0 of VIBRAM® RUNNING SNEAKERS from Zara'}, {'https://static.zara.net/photos///2023/I/1/2/p/2355/120/800/2/w/448/2355120800_2_3_1.jpg?ts=1692697108367': 'Image 1 of VIBRAM® RUNNING SNEAKERS from Zara'}]",10990,Running sneakers. Combination of materials and pieces on the upper. Six-eyelet facing. Vibram® sole for greater grip and traction. Vibram® sole.,black,zara
143,CHUNKY SLIDERS WITH TEXTURES,https://www.zara.com/in/en/chunky-sliders-with-textures-p12775220.html,"[{'https://static.zara.net/photos///2023/I/1/2/p/2775/220/002/2/w/448/2775220002_2_1_1.jpg?ts=1687186989077': 'Image 0 of CHUNKY SLIDERS WITH TEXTURES from Zara'}, {'https://static.zara.net/photos///2023/I/1/2/p/2775/220/002/2/w/448/2775220002_2_2_1.jpg?ts=1687186988751': 'Image 1 of CHUNKY SLIDERS WITH TEXTURES from Zara'}]",2890,Slider pool sandals with chunky rubber soles and wide textured strap across the instep. Matching sole.,white,nike
145,TEXTURED SLIDERS,https://www.zara.com/in/en/textured-sliders-p12702120.html,"[{'https://static.zara.net/photos///2023/V/1/2/p/2702/120/800/2/w/448/2702120800_2_1_1.jpg?ts=1682001969713': 'Image 0 of TEXTURED SLIDERS from Zara'}, {'https://static.zara.net/photos///2023/V/1/2/p/2702/120/800/2/w/448/2702120800_2_2_1.jpg?ts=1682001969722': 'Image 1 of TEXTURED SLIDERS from Zara'}]",1490,Monochrome slider sandals. Chunky rubber sole and wide strap across the instep. Textured detail on the instep and heel.,black,puma
148,FORMAL SHOES,https://www.zara.com/in/en/formal-shoes-p12401220.html,"[{'https://static.zara.net/photos///2023/V/1/2/p/2401/222/800/2/w/448/2401222800_2_1_1.jpg?ts=1684317203836': 'Image 0 of FORMAL SHOES from Zara'}, {'https://static.zara.net/photos///2023/V/1/2/p/2401/222/800/2/w/448/2401222800_2_2_1.jpg?ts=1684317204165': 'Image 1 of FORMAL SHOES from Zara'}]",4990,Classic derby shoes with a five-eyelet facing and round toe.,black,adidas
152,SMART SHOES WITH BROGUING,https://www.zara.com/in/en/smart-shoes-with-broguing-p12423220.html,"[{'https://static.zara.net/photos///2023/I/1/2/p/2423/220/700/2/w/448/2423220700_6_1_1.jpg?ts=1691058450515': 'Image 0 of SMART SHOES WITH BROGUING from Zara'}, {'https://static.zara.net/photos///2023/I/1/2/p/2423/220/700/2/w/448/2423220700_6_2_1.jpg?ts=1691058450617': 'Image 1 of SMART SHOES WITH BROGUING from Zara'}]",4590,Oxford shoes with broguing. Five-eyelet facing. Classic style. Rounded toe.,brown,zara
153,BASIC TASSEL LOAFERS,https://www.zara.com/in/en/basic-tassel-loafers-p12606120.html,"[{'https://static.zara.net/photos///2023/V/1/2/p/2606/120/800/2/w/448/2606120800_2_1_1.jpg?ts=1681297995490': 'Image 0 of BASIC TASSEL LOAFERS from Zara'}, {'https://static.zara.net/photos///2023/V/1/2/p/2606/120/800/2/w/448/2606120800_2_2_1.jpg?ts=1681297996326': 'Image 1 of BASIC TASSEL LOAFERS from Zara'}]",4990,Loafers with decorative penny strap with tassels with fringing on the instep and a matching sole.,black,nike
154,SPLIT SUEDE LEATHER SANDALS,https://www.zara.com/in/en/split-suede-leather-sandals-p12725220.html,"[{'https://static.zara.net/photos///2023/I/1/2/p/2725/220/723/32/w/448/2725220723_1_1_1.jpg?ts=1689165453908': 'Image 0 of SPLIT SUEDE LEATHER SANDALS from Zara'}, {'https://static.zara.net/photos///2023/I/1/2/p/2725/220/723/2/w/448/2725220723_6_1_1.jpg?ts=1689695092775': 'Image 1 of SPLIT SUEDE LEATHER SANDALS from Zara'}]",3990,Leather sandals with a split suede finish. Featuring two wide straps across the instep with buckle detail. Chunky sole.,brown,puma
157,SPLIT SUEDE LEATHER SANDALS WITH STRAPS,https://www.zara.com/in/en/split-suede-leather-sandals-with-straps-p12726220.html,"[{'https://static.zara.net/photos///2023/I/1/2/p/2726/220/707/2/w/448/2726220707_6_1_1.jpg?ts=1688026051933': 'Image 0 of SPLIT SUEDE LEATHER SANDALS WITH STRAPS from Zara'}, {'https://static.zara.net/photos///2023/I/1/2/p/2726/220/707/2/w/448/2726220707_6_2_1.jpg?ts=1688026052026': 'Image 1 of SPLIT SUEDE LEATHER SANDALS WITH STRAPS from Zara'}]",3990,Leather sandals with a split suede finish. Featuring three wide straps on the instep. Chunky sole.,brown,adidas
158,SPLIT SUEDE LEATHER SANDALS,https://www.zara.com/in/en/split-suede-leather-sandals-p12752220.html,"[{'https://static.zara.net/photos///2023/I/1/2/p/2752/220/131/2/w/448/2752220131_6_1_1.jpg?ts=1689149326548': 'Image 0 of SPLIT SUEDE LEATHER SANDALS from Zara'}, {'https://static.zara.net/photos///2023/I/1/2/p/2752/220/131/2/w/448/2752220131_6_2_1.jpg?ts=1689149328571': 'Image 1 of SPLIT SUEDE LEATHER SANDALS from Zara'}]",3290,Leather sandals with a split suede finish. Two wide straps across the instep with hook-and-loop fastening. Slightly chunky sole.,brown,zara
163,MONOCHROME SNEAKERS,https://www.zara.com/in/en/monochrome-sneakers-p12243220.html,"[{'https://static.zara.net/photos///2023/I/1/2/p/2243/220/001/2/w/448/2243220001_6_1_1.jpg?ts=1690973962820': 'Image 0 of MONOCHROME SNEAKERS from Zara'}, {'https://static.zara.net/photos///2023/I/1/2/p/2243/220/001/2/w/448/2243220001_6_2_1.jpg?ts=1690973962817': 'Image 1 of MONOCHROME SNEAKERS from Zara'}]",2890,Monochrome sneakers. Three hook-and-loop strap fastening. Lightweight chunky sole.,white,nike
164,MINIMALIST LACE-UP TRAINERS WITH TOPSTITCHING,https://www.zara.com/in/en/minimalist-lace-up-trainers-with-topstitching-p12281220.html,"[{'https://static.zara.net/photos///2023/I/1/2/p/2281/220/001/2/w/448/2281220001_2_1_1.jpg?ts=1686559823210': 'Image 0 of MINIMALIST LACE-UP TRAINERS WITH TOPSTITCHING from Zara'}, {'https://static.zara.net/photos///2023/I/1/2/p/2281/220/001/2/w/448/2281220001_2_2_1.jpg?ts=1686559821704': 'Image 1 of MINIMALIST LACE-UP TRAINERS WITH TOPSTITCHING from Zara'}]",2590,Trainers. Plain upper. Seven-eyelet facing. Topstitching detail and reinforced piece on the instep. Slightly chunky sole.,white,puma
166,CHUNKY LACE-UP BOOTS,https://www.zara.com/in/en/chunky-lace-up-boots-p12006221.html,"[{'https://static.zara.net/photos///2023/I/1/2/p/2006/221/203/2/w/448/2006221203_6_1_1.jpg?ts=1689323990322': 'Image 0 of CHUNKY LACE-UP BOOTS from Zara'}, {'https://static.zara.net/photos///2023/I/1/2/p/2006/221/203/2/w/448/2006221203_6_2_1.jpg?ts=1689323990328': 'Image 1 of CHUNKY LACE-UP BOOTS from Zara'}]",5990,Boots. Adjustable strap with buckle on the leg. Inner zip. Seven-eyelet facing. Round toe. Contrast chunky track sole.,black,adidas
167,COLOURED TRACK SHOES,https://www.zara.com/in/en/coloured-track-shoes-p12418220.html,"[{'https://static.zara.net/photos///2023/I/1/2/p/2418/220/030/2/w/448/2418220030_6_1_1.jpg?ts=1692024922137': 'Image 0 of COLOURED TRACK SHOES from Zara'}, {'https://static.zara.net/photos///2023/I/1/2/p/2418/220/030/2/w/448/2418220030_6_2_1.jpg?ts=1692024922150': 'Image 1 of COLOURED TRACK SHOES from Zara'}]",4590,"Derby shoes. Plain upper. Four-eyelet facing. Round toe. Double trim around the upper, chunky track sole in a contrast colour.",black,zara
168,MOC TOE CHUNKY SHOES,https://www.zara.com/in/en/moc-toe-chunky-shoes-p12419220.html,"[{'https://static.zara.net/photos///2023/I/1/2/p/2419/220/800/2/w/448/2419220800_6_1_1.jpg?ts=1692019634075': 'Image 0 of MOC TOE CHUNKY SHOES from Zara'}, {'https://static.zara.net/photos///2023/I/1/2/p/2419/220/800/2/w/448/2419220800_6_2_1.jpg?ts=1692019634397': 'Image 1 of MOC TOE CHUNKY SHOES from Zara'}]",4990,Shoes with a moc toe detail with matching seams. Two-eyelet facing. Decorative welt detail around the entire shoe in the same colour as the chunky track sole.,black,nike
169,CONTRAST PENNY STRAP LOAFERS,https://www.zara.com/in/en/contrast-penny-strap-loafers-p12625220.html,"[{'https://static.zara.net/photos///2023/I/1/2/p/2625/220/001/2/w/448/2625220001_2_1_1.jpg?ts=1690472194616': 'Image 0 of CONTRAST PENNY STRAP LOAFERS from Zara'}, {'https://static.zara.net/photos///2023/I/1/2/p/2625/220/001/2/w/448/2625220001_2_2_1.jpg?ts=1690472193795': 'Image 1 of CONTRAST PENNY STRAP LOAFERS from Zara'}]",4590,Loafers with contrast colours on the upper. Decorative penny strap on the instep. Welt detail around the upper. Chunky track sole.,black,puma
174,KNIT ESPADRILLES,https://www.zara.com/in/en/knit-espadrilles-p12743120.html,"[{'https://static.zara.net/photos///2023/I/1/2/p/2743/120/400/2/w/448/2743120400_2_1_1.jpg?ts=1687946964561': 'Image 0 of KNIT ESPADRILLES from Zara'}, {'https://static.zara.net/photos///2023/I/1/2/p/2743/120/400/2/w/448/2743120400_2_2_1.jpg?ts=1687946964552': 'Image 1 of KNIT ESPADRILLES from Zara'}]",2890,Espadrilles in knit fabric. Jute-lined sole.,black,adidas
177,CONTRAST ESPADRILLES,https://www.zara.com/in/en/contrast-espadrilles-p12745120.html,"[{'https://static.zara.net/photos///2023/V/1/2/p/2745/120/719/2/w/448/2745120719_2_1_1.jpg?ts=1681831918903': 'Image 0 of CONTRAST ESPADRILLES from Zara'}, {'https://static.zara.net/photos///2023/V/1/2/p/2745/120/719/2/w/448/2745120719_2_2_1.jpg?ts=1681831955065': 'Image 1 of CONTRAST ESPADRILLES from Zara'}]",2890,Espadrilles made of cotton fabric. Jute-lined sole.,white,zara
180,OPEN LEATHER SHOES,https://www.zara.com/in/en/open-leather-shoes-p12453220.html,"[{'https://static.zara.net/photos///2023/I/1/2/p/2453/220/800/2/w/448/2453220800_2_1_1.jpg?ts=1687946718374': 'Image 0 of OPEN LEATHER SHOES from Zara'}, {'https://static.zara.net/photos///2023/I/1/2/p/2453/220/800/2/w/448/2453220800_2_2_1.jpg?ts=1687946718260': 'Image 1 of OPEN LEATHER SHOES from Zara'}]",8590,Leather shoes. Plain upper. Round toe. Buckle fastening on the instep.,black,nike
183,LEATHER MULE MOCCASINS,https://www.zara.com/in/en/leather-mule-moccasins-p12412220.html,"[{'https://static.zara.net/photos///2023/I/1/2/p/2412/220/800/2/w/448/2412220800_2_1_1.jpg?ts=1689699478063': 'Image 0 of LEATHER MULE MOCCASINS from Zara'}, {'https://static.zara.net/photos///2023/I/1/2/p/2412/220/800/2/w/448/2412220800_6_1_1.jpg?ts=1689241825223': 'Image 1 of LEATHER MULE MOCCASINS from Zara'}]",8590,Babouches made of leather. Square toe. Can be worn as a mules with the heels down.,black,puma
184,LEATHER SQUARE LOAFERS - LIMITED EDITION,https://www.zara.com/in/en/leather-square-loafers---limited-edition-p12615220.html,"[{'https://static.zara.net/photos///2023/I/1/2/p/2615/220/800/2/w/448/2615220800_6_1_1.jpg?ts=1689255427356': 'Image 0 of LEATHER SQUARE LOAFERS - LIMITED EDITION from Zara'}, {'https://static.zara.net/photos///2023/I/1/2/p/2615/220/800/2/w/448/2615220800_6_2_1.jpg?ts=1689255427468': 'Image 1 of LEATHER SQUARE LOAFERS - LIMITED EDITION from Zara'}]",8590,Leather loafers. Plain upper. Decorative penny strap on the instep. Square toe. Matching slightly chunky sole.,black,adidas
186,TEXTURED TRAINERS,https://www.zara.com/in/en/textured-trainers-p12223220.html,"[{'https://static.zara.net/photos///2023/I/1/2/p/2223/220/120/2/w/448/2223220120_2_1_1.jpg?ts=1686130020763': 'Image 0 of TEXTURED TRAINERS from Zara'}, {'https://static.zara.net/photos///2023/I/1/2/p/2223/220/120/2/w/0/2223220120_2_2_1.jpg?ts=1686130022042': 'Image 1 of TEXTURED TRAINERS from Zara'}]",3990,Trainers. Combination of pieces on the upper. Six-eyelet facing. Chunky raised sole with an irregular design.,white,zara
189,TEXTURED HIGH-TOP SNEAKERS,https://www.zara.com/in/en/textured-high-top-sneakers-p12111220.html,"[{'https://static.zara.net/photos///2023/I/1/2/p/2111/220/800/2/w/448/2111220800_6_1_1.jpg?ts=1692172783853': 'Image 0 of TEXTURED HIGH-TOP SNEAKERS from Zara'}, {'https://static.zara.net/photos///2023/I/1/2/p/2111/220/800/2/w/448/2111220800_6_2_1.jpg?ts=1692172783863': 'Image 1 of TEXTURED HIGH-TOP SNEAKERS from Zara'}]",4990,High-top sneakers. Textured upper. Eight-eyelet facing. Back pull tab for slipping on with ease. Trimming around the upper. Matching chunky sole.,black,nike
190,MONOCHROME TRAINERS,https://www.zara.com/in/en/monochrome-trainers-p12224220.html,"[{'https://static.zara.net/photos///2023/I/1/2/p/2224/220/500/2/w/448/2224220500_2_1_1.jpg?ts=1686234636715': 'Image 0 of MONOCHROME TRAINERS from Zara'}, {'https://static.zara.net/photos///2023/I/1/2/p/2224/220/500/2/w/448/2224220500_2_2_1.jpg?ts=1686234636607': 'Image 1 of MONOCHROME TRAINERS from Zara'}]",4590,Monochrome trainers. Seven-eyelet facing. Chunky sole.,white,puma
191,CONTRAST RUNNING SNEAKERS,https://www.zara.com/in/en/contrast-running-sneakers-p12358220.html,"[{'https://static.zara.net/photos///2023/I/1/2/p/2358/220/001/2/w/448/2358220001_2_1_1.jpg?ts=1691674274158': 'Image 0 of CONTRAST RUNNING SNEAKERS from Zara'}, {'https://static.zara.net/photos///2023/I/1/2/p/2358/220/001/2/w/448/2358220001_2_2_1.jpg?ts=1691674274178': 'Image 1 of CONTRAST RUNNING SNEAKERS from Zara'}]",3290,Running sneakers in a combination of materials on the upper. Six-eyelet facing. Chunky sole in contrast colours. Retro-inspired design.,white,adidas
193,CONTRAST RETRO RUNNING SNEAKERS,https://www.zara.com/in/en/contrast-retro-running-sneakers-p12335220.html,"[{'https://static.zara.net/photos///2023/I/1/2/p/2335/220/402/2/w/448/2335220402_2_1_1.jpg?ts=1691576546420': 'Image 0 of CONTRAST RETRO RUNNING SNEAKERS from Zara'}, {'https://static.zara.net/photos///2023/I/1/2/p/2335/220/402/2/w/448/2335220402_2_2_1.jpg?ts=1691576564100': 'Image 1 of CONTRAST RETRO RUNNING SNEAKERS from Zara'}]",3990,Running trainers in a combination of materials and colours on the upper. Six-eyelet facing. Chunky sole in contrast colours. Retro-inspired design.,blue,zara
194,CONTRAST RUNNING TRAINERS,https://www.zara.com/in/en/contrast-running-trainers-p12301220.html,"[{'https://static.zara.net/photos///2023/I/1/2/p/2301/220/800/2/w/448/2301220800_2_1_1.jpg?ts=1691062145111': 'Image 0 of CONTRAST RUNNING TRAINERS from Zara'}, {'https://static.zara.net/photos///2023/I/1/2/p/2301/220/800/2/w/448/2301220800_2_2_1.jpg?ts=1691062145903': 'Image 1 of CONTRAST RUNNING TRAINERS from Zara'}]",3590,Running trainers in a combination of materials and colours on the upper. Seven-eyelet facing. Chunky sole in contrast colours. Retro-inspired design.,black,nike
196,CONTRAST RUNNING SNEAKERS,https://www.zara.com/in/en/contrast-running-sneakers-p12316220.html,"[{'https://static.zara.net/photos///2023/I/1/2/p/2316/220/800/2/w/448/2316220800_2_1_1.jpg?ts=1692627350148': 'Image 0 of CONTRAST RUNNING SNEAKERS from Zara'}, {'https://static.zara.net/photos///2023/I/1/2/p/2316/220/800/2/w/448/2316220800_2_2_1.jpg?ts=1692627348325': 'Image 1 of CONTRAST RUNNING SNEAKERS from Zara'}]",3990,Running sneakers in a combination of materials on the upper. Six-eyelet facing. Chunky track sole in a contrast colour. Retro-inspired design.,black,puma
200,SOFT LEATHER LOAFERS,https://www.zara.com/in/en/soft-leather-loafers-p12614120.html,"[{'https://static.zara.net/photos///2023/V/1/2/p/2614/120/700/2/w/448/2614120700_2_1_1.jpg?ts=1681297996885': 'Image 0 of SOFT LEATHER LOAFERS from Zara'}, {'https://static.zara.net/photos///2023/V/1/2/p/2614/120/700/2/w/448/2614120700_2_2_1.jpg?ts=1681297997342': 'Image 1 of SOFT LEATHER LOAFERS from Zara'}]",6990,Leather loafers. Welt detail around the upper. Decorative tassel on the instep. Contrast-coloured sole.,brown,adidas
202,SPLIT SUEDE LOAFERS WITH TASSELS,https://www.zara.com/in/en/split-suede-loafers-with-tassels-p12627220.html,"[{'https://static.zara.net/photos///2023/I/1/2/p/2627/220/400/2/w/448/2627220400_6_1_1.jpg?ts=1691573804312': 'Image 0 of SPLIT SUEDE LOAFERS WITH TASSELS from Zara'}, {'https://static.zara.net/photos///2023/I/1/2/p/2627/220/400/2/w/448/2627220400_6_2_1.jpg?ts=1691573804379': 'Image 1 of SPLIT SUEDE LOAFERS WITH TASSELS from Zara'}]",5990,Loafers. Made of split suede leather. Welt detail around the upper. Tassels on the instep. Contrast sole.,black,zara
205,MULTICOLOURED TECHNICAL SANDALS,https://www.zara.com/in/en/multicoloured-technical-sandals-p12705220.html,"[{'https://static.zara.net/photos///2023/I/1/2/p/2705/220/202/2/w/448/2705220202_6_1_1.jpg?ts=1689693871785': 'Image 0 of MULTICOLOURED TECHNICAL SANDALS from Zara'}, {'https://static.zara.net/photos///2023/I/1/2/p/2705/220/202/2/w/448/2705220202_6_2_1.jpg?ts=1689693872298': 'Image 1 of MULTICOLOURED TECHNICAL SANDALS from Zara'}]",2590,Sandals with multicoloured straps. Hook-and-loop fastening at the ankle and a back piece for a better fit. Lightweight sole.,black,nike
208,CHUNKY TECHNICAL SLIDE SANDALS,https://www.zara.com/in/en/chunky-technical-slide-sandals-p12720220.html,"[{'https://static.zara.net/photos///2023/I/1/2/p/2720/220/805/2/w/448/2720220805_2_1_1.jpg?ts=1687186988743': 'Image 0 of CHUNKY TECHNICAL SLIDE SANDALS from Zara'}, {'https://static.zara.net/photos///2023/I/1/2/p/2720/220/805/2/w/448/2720220805_2_2_1.jpg?ts=1687186989559': 'Image 1 of CHUNKY TECHNICAL SLIDE SANDALS from Zara'}]",2590,Technical slide sandals. Wide strap with three hook-and-loop straps. Chunky track sole.,white,puma
209,CHUNKY TECHNICAL SLIDE SANDALS,https://www.zara.com/in/en/chunky-technical-slide-sandals-p12720221.html,"[{'https://static.zara.net/photos///2023/I/1/2/p/2720/221/500/2/w/448/2720221500_2_1_1.jpg?ts=1687190990933': 'Image 0 of CHUNKY TECHNICAL SLIDE SANDALS from Zara'}, {'https://static.zara.net/photos///2023/I/1/2/p/2720/221/500/2/w/448/2720221500_2_2_1.jpg?ts=1687190990917': 'Image 1 of CHUNKY TECHNICAL SLIDE SANDALS from Zara'}]",2590,Technical slide sandals. Wide strap with hook-and-loop fastening and two contrast-coloured straps. Chunky track sole.,brown,adidas
210,CHUNKY SHOES WITH TOPSTITCHING,https://www.zara.com/in/en/chunky-shoes-with-topstitching-p12417220.html,"[{'https://static.zara.net/photos///2023/I/1/2/p/2417/220/800/2/w/448/2417220800_2_1_1.jpg?ts=1690472193697': 'Image 0 of CHUNKY SHOES WITH TOPSTITCHING from Zara'}, {'https://static.zara.net/photos///2023/I/1/2/p/2417/220/800/2/w/448/2417220800_2_2_1.jpg?ts=1690472195988': 'Image 1 of CHUNKY SHOES WITH TOPSTITCHING from Zara'}]",4590,Lace-up shoes. Plain upper. Four-eyelet facing. Moc toe detail and contrast-coloured topstitching around the upper. Round toe. Double welt around the upper. Chunky track sole.,black,zara
212,CHUNKY TRACK SOLE SHOES,https://www.zara.com/in/en/chunky-track-sole-shoes-p12414221.html,"[{'https://static.zara.net/photos///2023/I/1/2/p/2414/221/001/2/w/448/2414221001_2_1_1.jpg?ts=1684763746755': 'Image 0 of CHUNKY TRACK SOLE SHOES from Zara'}, {'https://static.zara.net/photos///2023/I/1/2/p/2414/221/001/2/w/448/2414221001_2_2_1.jpg?ts=1684763746683': 'Image 1 of CHUNKY TRACK SOLE SHOES from Zara'}]",4990,Derby shoes. Plain upper. Four-eyelet facing. Round toe. Matching chunky track sole.,white,nike
214,MOC TOE SHOES,https://www.zara.com/in/en/moc-toe-shoes-p12500220.html,"[{'https://static.zara.net/photos///2023/I/1/2/p/2500/220/800/2/w/448/2500220800_2_1_1.jpg?ts=1686666005169': 'Image 0 of MOC TOE SHOES from Zara'}, {'https://static.zara.net/photos///2023/I/1/2/p/2500/220/800/2/w/0/2500220800_2_2_1.jpg?ts=1686666017197': 'Image 1 of MOC TOE SHOES from Zara'}]",4590,Shoes featuring moc toe detail with matching seams. Lace-up fastening. Decorative welt detail around the entire shoe. Chunky track sole with an irregular design and welt.,black,adidas
219,SPORTY LEATHER LOAFERS,https://www.zara.com/in/en/sporty-leather-loafers-p12630120.html,"[{'https://static.zara.net/photos///2023/V/1/2/p/2630/120/805/2/w/448/2630120805_2_1_1.jpg?ts=1680774584344': 'Image 0 of SPORTY LEATHER LOAFERS from Zara'}, {'https://static.zara.net/photos///2023/V/1/2/p/2630/120/805/2/w/448/2630120805_2_2_1.jpg?ts=1680774585958': 'Image 1 of SPORTY LEATHER LOAFERS from Zara'}]",4590,Loafers made of leather with a split suede finish. Plain upper with moc toe detail. Round toe. Contrast-coloured sole.,brown,zara
223,CANVAS DECK SHOES,https://www.zara.com/in/en/canvas-deck-shoes-p12656220.html,"[{'https://static.zara.net/photos///2023/V/1/2/p/2656/220/102/2/w/448/2656220102_2_1_1.jpg?ts=1683545134010': 'Image 0 of CANVAS DECK SHOES from Zara'}, {'https://static.zara.net/photos///2023/V/1/2/p/2656/220/102/2/w/448/2656220102_2_2_1.jpg?ts=1683545134024': 'Image 1 of CANVAS DECK SHOES from Zara'}]",3990,Sporty deck shoes. Contrast piece detail on the back and around the edge. Two-eyelet facing. Contrast chunky sole.,brown,nike
225,BRAIDED SANDALS,https://www.zara.com/in/en/braided-sandals-p12727220.html,"[{'https://static.zara.net/photos///2023/I/1/2/p/2727/220/800/2/w/448/2727220800_2_1_1.jpg?ts=1686234637194': 'Image 0 of BRAIDED SANDALS from Zara'}, {'https://static.zara.net/photos///2023/I/1/2/p/2727/220/800/2/w/448/2727220800_2_2_1.jpg?ts=1686234635797': 'Image 1 of BRAIDED SANDALS from Zara'}]",2890,Monochrome slide sandals. Chunky rubber sole and wide braided strap across the instep. Round toe.,black,puma
227,CROSSOVER SANDALS,https://www.zara.com/in/en/crossover-sandals-p12707120.html,"[{'https://static.zara.net/photos///2023/V/1/2/p/2707/120/800/2/w/448/2707120800_2_1_1.jpg?ts=1681297999957': 'Image 0 of CROSSOVER SANDALS from Zara'}, {'https://static.zara.net/photos///2023/V/1/2/p/2707/120/800/2/w/448/2707120800_2_2_1.jpg?ts=1680774587731': 'Image 1 of CROSSOVER SANDALS from Zara'}]",2890,Slide sandals with two wide criss-cross straps on the instep. Matching sole with slight volume.,black,adidas
228,CRISS-CROSS SANDALS,https://www.zara.com/in/en/criss-cross-sandals-p12707121.html,"[{'https://static.zara.net/photos///2023/V/1/2/p/2707/121/120/2/w/448/2707121120_2_1_1.jpg?ts=1683816080493': 'Image 0 of CRISS-CROSS SANDALS from Zara'}, {'https://static.zara.net/photos///2023/V/1/2/p/2707/121/120/2/w/448/2707121120_2_2_1.jpg?ts=1683816080434': 'Image 1 of CRISS-CROSS SANDALS from Zara'}]",2890,Slider sandals with two wide criss-cross straps on the instep. Matching sole.,white,zara
229,LEATHER PENNY STRAP LOAFERS,https://www.zara.com/in/en/leather-penny-strap-loafers-p12615120.html,"[{'https://static.zara.net/photos///2023/V/1/2/p/2615/120/700/2/w/448/2615120700_2_1_1.jpg?ts=1678112603994': 'Image 0 of LEATHER PENNY STRAP LOAFERS from Zara'}, {'https://static.zara.net/photos///2023/V/1/2/p/2615/120/700/2/w/448/2615120700_2_2_1.jpg?ts=1678112605783': 'Image 1 of LEATHER PENNY STRAP LOAFERS from Zara'}]",7990,Leather loafers. Plain upper. Decorative penny strap detail on the instep. Round toe. Contrast sole.,brown,nike
230,BASIC TASSEL LOAFERS,https://www.zara.com/in/en/basic-tassel-loafers-p12601020.html,"[{'https://static.zara.net/photos///2022/I/1/2/p/2601/020/100/2/w/448/2601020100_2_1_1.jpg?ts=1663602227246': 'Image 0 of BASIC TASSEL LOAFERS from Zara'}, {'https://static.zara.net/photos///2022/I/1/2/p/2601/020/100/2/w/0/2601020100_2_2_1.jpg?ts=1663602229458': 'Image 1 of BASIC TASSEL LOAFERS from Zara'}]",4990,Loafers featuring decorative penny strap with tassels with fringing on the instep and a matching sole.,black,puma
231,LEATHER SHOES,https://www.zara.com/in/en/leather-shoes-p12400121.html,"[{'https://static.zara.net/photos///2023/V/1/2/p/2400/121/105/2/w/448/2400121105_2_1_1.jpg?ts=1683033226867': 'Image 0 of LEATHER SHOES from Zara'}, {'https://static.zara.net/photos///2023/V/1/2/p/2400/121/105/2/w/448/2400121105_2_2_1.jpg?ts=1683033242065': 'Image 1 of LEATHER SHOES from Zara'}]",7990,Lace-up derby shoes made of leather. Rounded toe. Five-eyelet facing. Classic style.,brown,adidas
237,MULTIPIECE SNEAKERS,https://www.zara.com/in/en/multipiece-sneakers-p12215120.html,"[{'https://static.zara.net/photos///2023/V/1/2/p/2215/120/203/2/w/448/2215120203_2_1_1.jpg?ts=1679323441591': 'Image 0 of MULTIPIECE SNEAKERS from Zara'}, {'https://static.zara.net/photos///2023/V/1/2/p/2215/120/203/2/w/0/2215120203_2_2_1.jpg?ts=1679323442606': 'Image 1 of MULTIPIECE SNEAKERS from Zara'}]",4590,"Trainers with a combination of materials, pieces and colours on the upper. Eight-eyelet facing. Chunky sole in a combination of colours with an irregular design.",white,puma
239,MULTIPIECE SNEAKERS,https://www.zara.com/in/en/multipiece-sneakers-p12302120.html,"[{'https://static.zara.net/photos///2023/V/1/2/p/2302/120/203/2/w/448/2302120203_2_1_1.jpg?ts=1675083705265': 'Image 0 of MULTIPIECE SNEAKERS from Zara'}, {'https://static.zara.net/photos///2023/V/1/2/p/2302/120/203/2/w/448/2302120203_2_2_1.jpg?ts=1675083707861': 'Image 1 of MULTIPIECE SNEAKERS from Zara'}]",4990,Trainers with contrast materials and colours on the upper. Five-eyelet facing. Chunky sole with contrasting colours and irregular design.,white,zara
242,MINIMALIST LACE-UP TRAINERS,https://www.zara.com/in/en/minimalist-lace-up-trainers-p12221020.html,"[{'https://static.zara.net/photos///2022/I/1/2/p/2221/020/001/2/w/448/2221020001_2_1_1.jpg?ts=1660225517147': 'Image 0 of MINIMALIST LACE-UP TRAINERS from Zara'}, {'https://static.zara.net/photos///2022/I/1/2/p/2221/020/001/2/w/448/2221020001_2_2_1.jpg?ts=1660225518686': 'Image 1 of MINIMALIST LACE-UP TRAINERS from Zara'}]",2990,Trainers. Seven-eyelet facing. White sole.,white,nike
244,CHUNKY SANDALS,https://www.zara.com/in/en/chunky-sandals-p12711120.html,"[{'https://static.zara.net/photos///2023/V/1/2/p/2711/120/800/2/w/448/2711120800_2_1_1.jpg?ts=1677583222583': 'Image 0 of CHUNKY SANDALS from Zara'}, {'https://static.zara.net/photos///2023/V/1/2/p/2711/120/800/2/w/0/2711120800_2_2_1.jpg?ts=1677583227048': 'Image 1 of CHUNKY SANDALS from Zara'}]",1790,Slide sandals. Plain upper. Matching chunky sole.,black,puma
249,ATHLETICZ RUNNING TRAINERS,https://www.zara.com/in/en/athleticz-running-trainers-p12336120.html,"[{'https://static.zara.net/photos///2023/V/1/2/p/2336/120/202/2/2336120202_16_1_1/w/37/poster.jpg?ts=1677143005372': 'Image 0 of ATHLETICZ RUNNING TRAINERS from Zara'}, {'https://static.zara.net/photos///2023/V/1/1/p/2336/120/202/2/w/0/2336120202_2_1_1.jpg?ts=1677661425169': 'Image 1 of ATHLETICZ RUNNING TRAINERS from Zara'}]",5990,Running trainers. Designed for running thanks to Spume Foam technology that guarantees lightness and comfort. Multicoloured upper in a breathable technical fabric with rubberised details. Seven-eyelet facing. Chunky sole in a combination of colours.ATHLETICZ Collection.View more,brown,nike
250,CHUNKY LEATHER SHOES WITH TOECAP DETAIL,https://www.zara.com/in/en/chunky-leather-shoes-with-toecap-detail-p12416220.html,"[{'https://static.zara.net/photos///2023/I/1/1/p/2416/220/800/34/w/448/2416220800_1_1_1.jpg?ts=1692003866919': 'Image 0 of CHUNKY LEATHER SHOES WITH TOECAP DETAIL from Zara'}, {'https://static.zara.net/photos///2023/I/1/2/p/2416/220/800/2/w/448/2416220800_6_1_1.jpg?ts=1689676914851': 'Image 1 of CHUNKY LEATHER SHOES WITH TOECAP DETAIL from Zara'}]",8590,Leather derby shoes. Plain upper. Four-eyelet facing. Round toe. Matching chunky sole.,black,puma
254,CHUNKY LEATHER SHOES,https://www.zara.com/in/en/chunky-leather-shoes-p12456220.html,"[{'https://static.zara.net/photos///2023/I/1/2/p/2456/220/800/2/w/448/2456220800_6_1_1.jpg?ts=1691748309461': 'Image 0 of CHUNKY LEATHER SHOES from Zara'}, {'https://static.zara.net/photos///2023/I/1/2/p/2456/220/800/2/w/448/2456220800_6_2_1.jpg?ts=1691748309910': 'Image 1 of CHUNKY LEATHER SHOES from Zara'}]",8590,Leather derby shoes. Plain upper. Five-eyelet facing. Round toe. Chunky sole.,black,adidas
257,MINIMALIST LACE-UP TRAINERS,https://www.zara.com/in/en/minimalist-lace-up-trainers-p12210220.html,"[{'https://static.zara.net/photos///2023/I/1/2/p/2210/220/716/2/w/448/2210220716_2_1_1.jpg?ts=1684937055032': 'Image 0 of MINIMALIST LACE-UP TRAINERS from Zara'}, {'https://static.zara.net/photos///2023/I/1/2/p/2210/220/716/2/w/448/2210220716_2_2_1.jpg?ts=1684937055222': 'Image 1 of MINIMALIST LACE-UP TRAINERS from Zara'}]",2890,Trainers with a plain upper. Seven-eyelet facing. Slightly chunky uniform sole.,brown,zara
277,LEATHER LOAFERS WITH TASSEL,https://www.zara.com/in/en/leather-loafers-with-tassel-p12605220.html,"[{'https://static.zara.net/photos///2023/I/1/2/p/2605/220/402/2/w/448/2605220402_2_1_1.jpg?ts=1684313565612': 'Image 0 of LEATHER LOAFERS WITH TASSEL from Zara'}, {'https://static.zara.net/photos///2023/I/1/2/p/2605/220/402/2/w/448/2605220402_2_2_1.jpg?ts=1684313567551': 'Image 1 of LEATHER LOAFERS WITH TASSEL from Zara'}]",5990,Leather loafers. Bow detail on the instep with a continuation of the drawstring on the side. Contrast sole.,black,nike
283,LEATHER VIBRAM® SLINGBACK LOAFERS,https://www.zara.com/in/en/leather-vibram--slingback-loafers-p12638220.html,"[{'https://static.zara.net/photos///2023/I/1/1/p/2638/220/800/2/w/448/2638220800_2_1_1.jpg?ts=1692259024123': 'Image 0 of LEATHER VIBRAM® SLINGBACK LOAFERS from Zara'}, {'https://static.zara.net/photos///2023/I/1/2/p/2638/220/800/2/w/448/2638220800_2_2_1.jpg?ts=1692697108972': 'Image 1 of LEATHER VIBRAM® SLINGBACK LOAFERS from Zara'}]",11990,Slingback loafers. Made of leather. Round toe. Strap at the back for improved comfort during use. Chunky Vibram® sole for greater grip and traction.,black,puma
290,RUNNING SNEAKERS,https://www.zara.com/in/en/running-sneakers-p12383220.html,"[{'https://static.zara.net/photos///2023/I/1/1/p/2383/220/600/2/w/448/2383220600_2_1_1.jpg?ts=1692954206490': 'Image 0 of RUNNING SNEAKERS from Zara'}, {'https://static.zara.net/photos///2023/I/1/1/p/2383/220/600/2/w/448/2383220600_2_2_1.jpg?ts=1692954206604': 'Image 1 of RUNNING SNEAKERS from Zara'}]",5990,Running sneakers with Spume Foam technology that guarantees lightness and comfort. Contrast colours and materials on the upper. Six-eyelet facing that can be adjusted with a technical piece. Chunky track sole.ATHLETICZ Collection.View more,red,adidas
293,RUNNING SNEAKERS,https://www.zara.com/in/en/running-sneakers-p12313220.html,"[{'https://static.zara.net/photos///2023/I/1/2/p/2313/220/624/613/w/448/2313220624_6_1_1.jpg?ts=1692346963453': 'Image 0 of RUNNING SNEAKERS from Zara'}, {'https://static.zara.net/photos///2023/I/1/2/p/2313/220/624/613/w/448/2313220624_6_2_1.jpg?ts=1692346966023': 'Image 1 of RUNNING SNEAKERS from Zara'}]",3990,Running sneakers with Spume Foam technology that guarantees lightness and comfort. Combination of colours and materials on the upper. Eight-eyelet facing that can be adjusted with a technical piece. Slightly chunky track sole.ATHLETICZ Collection.View more,brown,zara
294,CROSS TRAINING SNEAKERS,https://www.zara.com/in/en/cross-training-sneakers-p12328220.html,"[{'https://static.zara.net/photos///2023/I/1/2/p/2328/220/800/2/w/448/2328220800_6_1_1.jpg?ts=1692800354201': 'Image 0 of CROSS TRAINING SNEAKERS from Zara'}, {'https://static.zara.net/photos///2023/I/1/2/p/2328/220/800/2/w/448/2328220800_6_2_1.jpg?ts=1692800354609': 'Image 1 of CROSS TRAINING SNEAKERS from Zara'}]",8590,"Sneakers. Designed for training, with improved shock absorption, a stabilising heel that holds the entire back of the foot and a reinforced toecap. Made of a special fabric that is highly resistant to friction thanks to the form of the threads, which also helps breathability. Replaceable insole. ATHLETICZ Collection.View more",black,nike
297,RUNNING SNEAKERS,https://www.zara.com/in/en/running-sneakers-p12314220.html,"[{'https://static.zara.net/photos///2023/I/1/2/p/2314/220/802/2/2314220802_16_1_1/w/448/poster.jpg?ts=1690899229192': 'Image 0 of RUNNING SNEAKERS from Zara'}, {'https://static.zara.net/photos///2023/I/1/2/p/2314/220/802/2/w/448/2314220802_6_1_1.jpg?ts=1692352705942': 'Image 1 of RUNNING SNEAKERS from Zara'}]",3990,Running sneakers with Spume Foam technology that guarantees lightness and comfort. Contrast colours and materials on the upper. Six-eyelet facing. Slightly chunky track sole.ATHLETICZ Collection.View more,white,puma
298,MONOCHROME SLIDES,https://www.zara.com/in/en/monochrome-slides-p12770220.html,"[{'https://static.zara.net/photos///2023/I/1/2/p/2770/220/800/2/2770220800_16_1_1/w/37/poster.jpg?ts=1688026448552': 'Image 0 of MONOCHROME SLIDES from Zara'}, {'https://static.zara.net/photos///2023/I/1/2/p/2770/220/800/612/w/448/2770220800_6_1_1.jpg?ts=1692346963193': 'Image 1 of MONOCHROME SLIDES from Zara'}]",2590,Monochrome slider sandals. Wide strap across the instep. Matching chunky sole.ATHLETICZ Collection.,black,adidas
300,CHUNKY TRAINERS,https://www.zara.com/in/en/chunky-trainers-p12202220.html,"[{'https://static.zara.net/photos///2023/I/1/2/p/2202/220/001/2/w/448/2202220001_2_1_1.jpg?ts=1686559821619': 'Image 0 of CHUNKY TRAINERS from Zara'}, {'https://static.zara.net/photos///2023/I/1/2/p/2202/220/001/2/w/448/2202220001_2_2_1.jpg?ts=1686559822021': 'Image 1 of CHUNKY TRAINERS from Zara'}]",3990,Trainers. Contrast materials on the upper. Seven-eyelet facing. Has a contrast-coloured piece on the heel. Chunky sole in contrast colours. Retro-inspired design.,white,zara
303,RETRO SNEAKERS,https://www.zara.com/in/en/retro-sneakers-p12205220.html,"[{'https://static.zara.net/photos///2023/I/1/2/p/2205/220/800/2/w/448/2205220800_2_1_1.jpg?ts=1688034306812': 'Image 0 of RETRO SNEAKERS from Zara'}, {'https://static.zara.net/photos///2023/I/1/2/p/2205/220/800/2/w/448/2205220800_2_2_1.jpg?ts=1688034306826': 'Image 1 of RETRO SNEAKERS from Zara'}]",3990,Trainers. Combination of pieces on the upper. Seven-eyelet facing. Sole in a combination of colours with an irregular design. Retro-inspired design.,black,nike
305,CONTRAST TRAINERS,https://www.zara.com/in/en/contrast-trainers-p12232220.html,"[{'https://static.zara.net/photos///2023/I/1/2/p/2232/220/202/2/w/448/2232220202_2_1_1.jpg?ts=1691487479443': 'Image 0 of CONTRAST TRAINERS from Zara'}, {'https://static.zara.net/photos///2023/I/1/2/p/2232/220/202/2/w/448/2232220202_2_2_1.jpg?ts=1691487479669': 'Image 1 of CONTRAST TRAINERS from Zara'}]",4990,Sneakers. Combination of pieces and materials on the upper. Five-eyelet facing. Raised chunky sole with an irregular design.,white,puma
308,LEATHER TRAINERS,https://www.zara.com/in/en/leather-trainers-p12207220.html,"[{'https://static.zara.net/photos///2023/I/1/1/p/2207/220/001/2/w/448/2207220001_2_1_1.jpg?ts=1690879794803': 'Image 0 of LEATHER TRAINERS from Zara'}, {'https://static.zara.net/photos///2023/I/1/2/p/2207/220/001/2/w/448/2207220001_6_1_1.jpg?ts=1689698308341': 'Image 1 of LEATHER TRAINERS from Zara'}]",5990,Leather sneakers. Combination of colours and pieces on the upper. Six-eyelet facing. Sole in a contrast colour with an irregular design.,white,adidas
309,CHUNKY LEATHER TRAINERS,https://www.zara.com/in/en/chunky-leather-trainers-p12203220.html,"[{'https://static.zara.net/photos///2023/I/1/2/p/2203/220/001/2/w/448/2203220001_2_1_1.jpg?ts=1691062146810': 'Image 0 of CHUNKY LEATHER TRAINERS from Zara'}, {'https://static.zara.net/photos///2023/I/1/2/p/2203/220/001/2/w/448/2203220001_2_2_1.jpg?ts=1691062146957': 'Image 1 of CHUNKY LEATHER TRAINERS from Zara'}]",5990,Monochrome leather sneakers. Five-eyelet facing. Chunky sole.,white,zara
310,LEATHER TRAINERS,https://www.zara.com/in/en/leather-trainers-p12216120.html,"[{'https://static.zara.net/photos///2023/I/1/2/p/2216/120/800/2/w/448/2216120800_2_1_1.jpg?ts=1691419019473': 'Image 0 of LEATHER TRAINERS from Zara'}, {'https://static.zara.net/photos///2023/I/1/2/p/2216/120/800/2/w/448/2216120800_2_2_1.jpg?ts=1691419019498': 'Image 1 of LEATHER TRAINERS from Zara'}]",5990,Leather trainers. Seven-eyelet facing. Combination of pieces on the upper. Round toe. Chunky sole and uneven design.,black,nike
311,STRAPPY SANDALS,https://www.zara.com/in/en/strappy-sandals-p12704221.html,"[{'https://static.zara.net/photos///2023/I/1/2/p/2704/221/709/2/w/448/2704221709_2_1_1.jpg?ts=1686130021347': 'Image 0 of STRAPPY SANDALS from Zara'}, {'https://static.zara.net/photos///2023/I/1/2/p/2704/221/709/2/w/448/2704221709_2_2_1.jpg?ts=1686130021572': 'Image 1 of STRAPPY SANDALS from Zara'}]",2890,Slide sandals with straps on the instep. Matching slightly chunky sole.,brown,puma
314,STRAPPY SANDALS,https://www.zara.com/in/en/strappy-sandals-p12704220.html,"[{'https://static.zara.net/photos///2023/I/1/2/p/2704/220/800/2/w/448/2704220800_2_1_1.jpg?ts=1684313565679': 'Image 0 of STRAPPY SANDALS from Zara'}, {'https://static.zara.net/photos///2023/I/1/2/p/2704/220/800/2/w/448/2704220800_2_2_1.jpg?ts=1684313566531': 'Image 1 of STRAPPY SANDALS from Zara'}]",2890,Flat slider sandals. Fastens at the instep with interwoven straps. Strap with toe divider. Matching sole.,black,adidas
315,STRAPPY SANDALS WITH BUCKLE FASTENING,https://www.zara.com/in/en/strappy-sandals-with-buckle-fastening-p12702220.html,"[{'https://static.zara.net/photos///2023/I/1/2/p/2702/220/800/2/w/448/2702220800_2_1_1.jpg?ts=1686234636728': 'Image 0 of STRAPPY SANDALS WITH BUCKLE FASTENING from Zara'}, {'https://static.zara.net/photos///2023/I/1/2/p/2702/220/800/2/w/448/2702220800_2_2_1.jpg?ts=1686234634920': 'Image 1 of STRAPPY SANDALS WITH BUCKLE FASTENING from Zara'}]",2990,Monochrome strappy sandals. Fastens at the instep with interwoven straps. One toe strap and another strap around the ankle with buckle fastening. Matching slightly chunky sole.,black,zara
316,STRAPPY LEATHER SANDALS,https://www.zara.com/in/en/strappy-leather-sandals-p12736220.html,"[{'https://static.zara.net/photos///2023/I/1/2/p/2736/220/800/2/w/448/2736220800_6_1_1.jpg?ts=1688396635176': 'Image 0 of STRAPPY LEATHER SANDALS from Zara'}, {'https://static.zara.net/photos///2023/I/1/2/p/2736/220/800/2/w/448/2736220800_6_2_1.jpg?ts=1688396635503': 'Image 1 of STRAPPY LEATHER SANDALS from Zara'}]",3290,"Flat slider sandals with three straps across the instep, two of which are horizontal. Round toe. Matching slightly chunky sole.",black,nike
317,SPLIT SUEDE LEATHER LOAFERS,https://www.zara.com/in/en/split-suede-leather-loafers-p12610220.html,"[{'https://static.zara.net/photos///2023/I/1/2/p/2610/220/107/2/w/448/2610220107_2_1_1.jpg?ts=1686234638087': 'Image 0 of SPLIT SUEDE LEATHER LOAFERS from Zara'}, {'https://static.zara.net/photos///2023/I/1/2/p/2610/220/107/2/w/448/2610220107_2_2_1.jpg?ts=1686234636631': 'Image 1 of SPLIT SUEDE LEATHER LOAFERS from Zara'}]",4590,Leather loafers with a split suede finish. Bow detail on the instep. Matching sole.,brown,puma
321,MULTI-PIECE SNEAKERS,https://www.zara.com/in/en/multi-piece-sneakers-p12259120.html,"[{'https://static.zara.net/photos///2023/I/1/2/p/2259/120/202/2/w/448/2259120202_2_1_1.jpg?ts=1692627348263': 'Image 0 of MULTI-PIECE SNEAKERS from Zara'}, {'https://static.zara.net/photos///2023/I/1/2/p/2259/120/202/2/w/448/2259120202_2_2_1.jpg?ts=1692627348014': 'Image 1 of MULTI-PIECE SNEAKERS from Zara'}]",4590,"Sneakers. Combination of materials, pieces and colours on the upper. Six-eyelet facing. Chunky sole, combination of colours and uneven design. Retro-inspired design.",white,adidas
326,CHUNKY PRINTED SPORTS TRAINERS,https://www.zara.com/in/en/chunky-printed-sports-trainers-p12225220.html,"[{'https://static.zara.net/photos///2023/I/1/2/p/2225/220/001/2/w/448/2225220001_2_1_1.jpg?ts=1684743034308': 'Image 0 of CHUNKY PRINTED SPORTS TRAINERS from Zara'}, {'https://static.zara.net/photos///2023/I/1/2/p/2225/220/001/2/w/448/2225220001_2_2_1.jpg?ts=1684743034303': 'Image 1 of CHUNKY PRINTED SPORTS TRAINERS from Zara'}]",3990,Trainers with a combination of colours on the upper. Seven-eyelet facing. Contrast colour piece at the back. Chunky sole with irregular design.,white,zara
329,LEATHER HIKING SHOES,https://www.zara.com/in/en/leather-hiking-shoes-p12457220.html,"[{'https://static.zara.net/photos///2023/I/1/1/p/2457/220/800/2/w/448/2457220800_2_1_1.jpg?ts=1691482351727': 'Image 0 of LEATHER HIKING SHOES from Zara'}, {'https://static.zara.net/photos///2023/I/1/1/p/2457/220/800/2/w/448/2457220800_2_2_1.jpg?ts=1691482353219': 'Image 1 of LEATHER HIKING SHOES from Zara'}]",10990,Leather hiking shoes with a subtle shiny finish. Five-eyelet facing. Round toe. Slightly chunky track sole.,black,nike
332,ANIMAL PRINT LOAFERS,https://www.zara.com/in/en/animal-print-loafers-p12603220.html,"[{'https://static.zara.net/photos///2023/I/1/2/p/2603/220/700/2/w/448/2603220700_6_1_1.jpg?ts=1689678023102': 'Image 0 of ANIMAL PRINT LOAFERS from Zara'}, {'https://static.zara.net/photos///2023/I/1/2/p/2603/220/700/2/w/448/2603220700_6_2_1.jpg?ts=1689678023366': 'Image 1 of ANIMAL PRINT LOAFERS from Zara'}]",9590,Loafers. Animal print on the upper. Decorative penny strap on the instep. Chunky track sole with an irregular design.,brown,puma
333,LEATHER SHOES WITH TRIM,https://www.zara.com/in/en/leather-shoes-with-trim-p12413120.html,"[{'https://static.zara.net/photos///2023/I/1/2/p/2413/120/800/2/w/448/2413120800_6_1_1.jpg?ts=1690269683494': 'Image 0 of LEATHER SHOES WITH TRIM from Zara'}, {'https://static.zara.net/photos///2023/I/1/2/p/2413/120/800/2/w/448/2413120800_6_2_1.jpg?ts=1690269683442': 'Image 1 of LEATHER SHOES WITH TRIM from Zara'}]",8590,"Leather derby shoes. Four-eyelet facing. Decorative trim detail on the toecap. Rounded toe. Chunky sole with an irregular design, welt and track sole.",black,adidas
334,SPLIT SUEDE AND JUTE LOAFERS,https://www.zara.com/in/en/split-suede-and-jute-loafers-p12611220.html,"[{'https://static.zara.net/photos///2023/I/1/2/p/2611/220/107/2/w/448/2611220107_2_1_1.jpg?ts=1687946778783': 'Image 0 of SPLIT SUEDE AND JUTE LOAFERS from Zara'}, {'https://static.zara.net/photos///2023/I/1/2/p/2611/220/107/2/w/448/2611220107_2_2_1.jpg?ts=1687946778807': 'Image 1 of SPLIT SUEDE AND JUTE LOAFERS from Zara'}]",3990,Loafers. Made of leather with a split suede finish. Decorative penny strap on the instep. Contrast topstitching around the upper. Jute-lined sole.,brown,zara
338,LEATHER AND JUTE ESPADRILLES,https://www.zara.com/in/en/leather-and-jute-espadrilles-p12612220.html,"[{'https://static.zara.net/photos///2023/I/1/2/p/2612/220/102/2/w/448/2612220102_6_1_1.jpg?ts=1688028705863': 'Image 0 of LEATHER AND JUTE ESPADRILLES from Zara'}, {'https://static.zara.net/photos///2023/I/1/2/p/2612/220/102/2/w/448/2612220102_6_2_1.jpg?ts=1688028706166': 'Image 1 of LEATHER AND JUTE ESPADRILLES from Zara'}]",3990,Espadrilles made of leather with a split suede finish. Welt around the upper. Jute-lined sole.,brown,nike
339,LEATHER MULE SANDALS,https://www.zara.com/in/en/leather-mule-sandals-p12706220.html,"[{'https://static.zara.net/photos///2023/I/1/2/p/2706/220/032/2/w/448/2706220032_2_1_1.jpg?ts=1684407153341': 'Image 0 of LEATHER MULE SANDALS from Zara'}, {'https://static.zara.net/photos///2023/I/1/2/p/2706/220/032/2/w/448/2706220032_2_2_1.jpg?ts=1684407153264': 'Image 1 of LEATHER MULE SANDALS from Zara'}]",3990,Flat leather sandals with a split suede finish. Wide strap on the front and a strap at the back. Jute sole.LIMITED EDITION collection.,brown,puma
340,TEXTURED SNEAKERS,https://www.zara.com/in/en/textured-sneakers-p12212220.html,"[{'https://static.zara.net/photos///2023/I/1/2/p/2212/220/120/2/w/448/2212220120_2_1_1.jpg?ts=1691062145471': 'Image 0 of TEXTURED SNEAKERS from Zara'}, {'https://static.zara.net/photos///2023/I/1/2/p/2212/220/120/2/w/448/2212220120_2_2_1.jpg?ts=1691062146528': 'Image 1 of TEXTURED SNEAKERS from Zara'}]",2890,Sneakers in a combination of materials and finishes on the upper. Seven-eyelet facing. Lightweight chunky sole with toecap detail.,white,adidas
343,EMBOSSED LACELESS TRAINERS,https://www.zara.com/in/en/embossed-laceless-trainers-p12209220.html,"[{'https://static.zara.net/photos///2023/I/1/2/p/2209/220/120/2/w/448/2209220120_2_1_1.jpg?ts=1684937053968': 'Image 0 of EMBOSSED LACELESS TRAINERS from Zara'}, {'https://static.zara.net/photos///2023/I/1/2/p/2209/220/120/2/w/448/2209220120_2_2_1.jpg?ts=1684937054634': 'Image 1 of EMBOSSED LACELESS TRAINERS from Zara'}]",2890,Laceless trainers. Decorative embossed detail on the upper. Elastic side gores for slipping on with ease. Contrast sole.,white,zara
345,LEATHER SPORTS LOAFERS WITH TASSELS,https://www.zara.com/in/en/leather-sports-loafers-with-tassels-p12616220.html,"[{'https://static.zara.net/photos///2023/I/1/2/p/2616/220/102/2/w/448/2616220102_2_1_1.jpg?ts=1684313566669': 'Image 0 of LEATHER SPORTS LOAFERS WITH TASSELS from Zara'}, {'https://static.zara.net/photos///2023/I/1/2/p/2616/220/102/2/w/448/2616220102_2_2_1.jpg?ts=1684313567437': 'Image 1 of LEATHER SPORTS LOAFERS WITH TASSELS from Zara'}]",4590,Loafers. Made of leather with a split suede finish. Decorative tassel detail with fringing on the instep. Plain upper with moc toe detail. Round toe. Contrast-coloured sole.,brown,nike
348,SPLIT SUEDE SNEAKERS WITH MOC TOE DETAIL,https://www.zara.com/in/en/split-suede-sneakers-with-moc-toe-detail-p12508220.html,"[{'https://static.zara.net/photos///2023/I/1/2/p/2508/220/102/2/w/448/2508220102_6_1_1.jpg?ts=1691061370319': 'Image 0 of SPLIT SUEDE SNEAKERS WITH MOC TOE DETAIL from Zara'}, {'https://static.zara.net/photos///2023/I/1/2/p/2508/220/102/2/w/448/2508220102_6_2_1.jpg?ts=1691061370373': 'Image 1 of SPLIT SUEDE SNEAKERS WITH MOC TOE DETAIL from Zara'}]",4990,Sneakers made of leather with a split suede finish. Five-eyelet facing. Chunky sole.,brown,puma
354,CHUNKY SHOES WITH TOPSTITCHING,https://www.zara.com/in/en/chunky-shoes-with-topstitching-p12411220.html,"[{'https://static.zara.net/photos///2023/I/1/2/p/2411/220/800/2/w/448/2411220800_2_1_1.jpg?ts=1688053469685': 'Image 0 of CHUNKY SHOES WITH TOPSTITCHING from Zara'}, {'https://static.zara.net/photos///2023/I/1/2/p/2411/220/800/2/w/448/2411220800_2_2_1.jpg?ts=1688053469681': 'Image 1 of CHUNKY SHOES WITH TOPSTITCHING from Zara'}]",4990,Derby shoes with a plain upper. Contrast topstitching. Four-eyelet facing. Round toe. Chunky track sole and welt.,black,adidas
355,CANVAS SNEAKERS,https://www.zara.com/in/en/canvas-sneakers-p12211220.html,"[{'https://static.zara.net/photos///2023/I/1/2/p/2211/220/202/33/w/448/2211220202_1_1_1.jpg?ts=1688644338103': 'Image 0 of CANVAS SNEAKERS from Zara'}, {'https://static.zara.net/photos///2023/I/1/2/p/2211/220/202/2/w/448/2211220202_6_1_1.jpg?ts=1689773797301': 'Image 1 of CANVAS SNEAKERS from Zara'}]",1990,Trainers. Decorative thread topstitching on the side. Seven-eyelet facing. Contrast-coloured irregular sole.,white,zara
360,CANVAS HIGH-TOP TRAINERS,https://www.zara.com/in/en/canvas-high-top-trainers-p12102220.html,"[{'https://static.zara.net/photos///2023/I/1/2/p/2102/220/120/2/w/448/2102220120_6_1_1.jpg?ts=1689698208681': 'Image 0 of CANVAS HIGH-TOP TRAINERS from Zara'}, {'https://static.zara.net/photos///2023/I/1/2/p/2102/220/120/2/w/448/2102220120_6_2_1.jpg?ts=1689698208047': 'Image 1 of CANVAS HIGH-TOP TRAINERS from Zara'}]",2590,High-top sneakers. Plain canvas upper. Monochrome. Nine-eyelet facing. Slightly chunky sole.,white,nike
366,SPLIT SUEDE LEATHER SANDALS,https://www.zara.com/in/en/split-suede-leather-sandals-p12747220.html,"[{'https://static.zara.net/photos///2023/I/1/2/p/2747/220/131/2/w/448/2747220131_2_1_1.jpg?ts=1687947184605': 'Image 0 of SPLIT SUEDE LEATHER SANDALS from Zara'}, {'https://static.zara.net/photos///2023/I/1/2/p/2747/220/131/2/w/448/2747220131_2_2_1.jpg?ts=1687947184636': 'Image 1 of SPLIT SUEDE LEATHER SANDALS from Zara'}]",3290,Monochrome slider sandals. Made of leather with a split suede finish. Lightweight track sole.,white,puma
372,RUBBERISED TOE SHOES,https://www.zara.com/in/en/rubberised-toe-shoes-p12503220.html,"[{'https://static.zara.net/photos///2023/I/1/2/p/2503/220/001/2/w/448/2503220001_2_1_1.jpg?ts=1689941744201': 'Image 0 of RUBBERISED TOE SHOES from Zara'}, {'https://static.zara.net/photos///2023/I/1/2/p/2503/220/001/2/w/448/2503220001_2_2_1.jpg?ts=1689941744137': 'Image 1 of RUBBERISED TOE SHOES from Zara'}]",4590,Sneaker-style shoes. Combination of materials and finishes on the upper. Six-eyelet facing. Rubberised trim around the upper. Contrast track sole with an irregular design.,white,adidas
373,VOLUMINOUS MOULD CLOGS,https://www.zara.com/in/en/voluminous-mould-clogs-p12303220.html,"[{'https://static.zara.net/photos///2023/I/1/2/p/2303/220/120/2/w/448/2303220120_2_1_1.jpg?ts=1690213160394': 'Image 0 of VOLUMINOUS MOULD CLOGS from Zara'}, {'https://static.zara.net/photos///2023/I/1/2/p/2303/220/120/2/w/448/2303220120_2_2_1.jpg?ts=1690213159034': 'Image 1 of VOLUMINOUS MOULD CLOGS from Zara'}]",3990,Monochrome clogs. Wraparound upper in a single piece. Strap at the back for a better fit. Raised details on the upper. Round toe. Matching chunky track sole.,white,zara
381,RUNNING MOULD SNEAKERS,https://www.zara.com/in/en/running-mould-sneakers-p12331220.html,"[{'https://static.zara.net/photos///2023/I/1/2/p/2331/220/515/2/w/448/2331220515_6_1_1.jpg?ts=1690903141263': 'Image 0 of RUNNING MOULD SNEAKERS from Zara'}, {'https://static.zara.net/photos///2023/I/1/2/p/2331/220/515/2/w/448/2331220515_6_2_1.jpg?ts=1690903141367': 'Image 1 of RUNNING MOULD SNEAKERS from Zara'}]",4990,Running sneakers. Wraparound single-piece upper with a raised pattern. Removable knit fabric socks. Five-eyelet facing.,white,nike
383,RUNNING TRAINERS WITH TEXTURED SOLES,https://www.zara.com/in/en/running-trainers-with-textured-soles-p12332220.html,"[{'https://static.zara.net/photos///2023/I/1/1/p/2332/220/802/2/w/448/2332220802_2_1_1.jpg?ts=1692610773757': 'Image 0 of RUNNING TRAINERS WITH TEXTURED SOLES from Zara'}, {'https://static.zara.net/photos///2023/I/1/1/p/2332/220/802/2/w/448/2332220802_2_2_1.jpg?ts=1692610776330': 'Image 1 of RUNNING TRAINERS WITH TEXTURED SOLES from Zara'}]",5990,Running trainers. Combination of pieces and materials on the upper. Six-eyelet facing. Back pull tab for slipping on with ease. Chunky sole with an irregular design and a combination of textures.,grey,puma
385,LACE-UP HIGH-TOP TRAINERS,https://www.zara.com/in/en/lace-up-high-top-trainers-p12106120.html,"[{'https://static.zara.net/photos///2023/I/1/2/p/2106/120/800/2/w/448/2106120800_2_1_1.jpg?ts=1689941743627': 'Image 0 of LACE-UP HIGH-TOP TRAINERS from Zara'}, {'https://static.zara.net/photos///2023/I/1/2/p/2106/120/800/2/w/448/2106120800_2_2_1.jpg?ts=1689941744452': 'Image 1 of LACE-UP HIGH-TOP TRAINERS from Zara'}]",2990,High-top trainers. Uniform colour all over the upper. Nine-eyelet facing. Lightweight rubber sole with an irregular design.,black,adidas
389,HIGH-TOP DENIM SNEAKERS,https://www.zara.com/in/en/high-top-denim-sneakers-p12108220.html,"[{'https://static.zara.net/photos///2023/I/1/2/p/2108/220/800/2/w/448/2108220800_6_1_1.jpg?ts=1690282910562': 'Image 0 of HIGH-TOP DENIM SNEAKERS from Zara'}, {'https://static.zara.net/photos///2023/I/1/2/p/2108/220/800/2/w/448/2108220800_6_2_1.jpg?ts=1690282910644': 'Image 1 of HIGH-TOP DENIM SNEAKERS from Zara'}]",3290,High-top sneakers. Plain denim print upper with a contrast colour on the inside. Eight-eyelet facing. Slightly chunky sole.,black,zara
390,LACELESS KNIT FABRIC TRAINERS,https://www.zara.com/in/en/laceless-knit-fabric-trainers-p12220220.html,"[{'https://static.zara.net/photos///2023/V/1/2/p/2220/220/407/2/w/448/2220220407_2_1_1.jpg?ts=1683288356964': 'Image 0 of LACELESS KNIT FABRIC TRAINERS from Zara'}, {'https://static.zara.net/photos///2023/V/1/2/p/2220/220/407/2/w/448/2220220407_2_2_1.jpg?ts=1683288356451': 'Image 1 of LACELESS KNIT FABRIC TRAINERS from Zara'}]",2990,Laceless trainers. Made of fabric with elastic side panels and a back pull tab for slipping on with ease. Matching trimming.,blue,nike
394,KNIT FABRIC TRAINERS,https://www.zara.com/in/en/knit-fabric-trainers-p12221220.html,"[{'https://static.zara.net/photos///2023/I/1/2/p/2221/220/512/2/w/448/2221220512_2_1_1.jpg?ts=1687946677191': 'Image 0 of KNIT FABRIC TRAINERS from Zara'}, {'https://static.zara.net/photos///2023/I/1/2/p/2221/220/512/2/w/448/2221220512_2_2_1.jpg?ts=1687946677329': 'Image 1 of KNIT FABRIC TRAINERS from Zara'}]",2990,Knit fabric trainers. Five-eyelet facing. Back pull tab for slipping on with ease. Lightweight uniform sole.,white,puma
395,STRAPPY LEATHER SANDALS,https://www.zara.com/in/en/strappy-leather-sandals-p12715221.html,"[{'https://static.zara.net/photos///2023/I/1/2/p/2715/221/107/2/w/448/2715221107_2_3_1.jpg?ts=1686666006302': 'Image 0 of STRAPPY LEATHER SANDALS from Zara'}, {'https://static.zara.net/photos///2023/I/1/2/p/2715/221/107/2/w/448/2715221107_2_4_1.jpg?ts=1686666019375': 'Image 1 of STRAPPY LEATHER SANDALS from Zara'}]",5990,Leather cage sandals with a split suede finish. Interwoven straps on the front. Buckled ankle strap fastening.,brown,adidas
398,LEATHER CAGE SANDALS,https://www.zara.com/in/en/leather-cage-sandals-p12715220.html,"[{'https://static.zara.net/photos///2023/I/1/1/p/2715/220/800/2/w/448/2715220800_2_1_1.jpg?ts=1685440465276': 'Image 0 of LEATHER CAGE SANDALS from Zara'}, {'https://static.zara.net/photos///2023/I/1/1/p/2715/220/800/2/w/448/2715220800_2_2_1.jpg?ts=1685440468569': 'Image 1 of LEATHER CAGE SANDALS from Zara'}]",5990,Cage sandals made of leather. Adjustable strap at the back. Slightly chunky sole.,black,zara
401,MULTICOLOURED RUNNING TRAINERS,https://www.zara.com/in/en/multicoloured-running-trainers-p12305220.html,"[{'https://static.zara.net/photos///2023/I/1/2/p/2305/220/618/2/w/448/2305220618_2_1_1.jpg?ts=1684491505462': 'Image 0 of MULTICOLOURED RUNNING TRAINERS from Zara'}, {'https://static.zara.net/photos///2023/I/1/2/p/2305/220/618/2/w/448/2305220618_2_2_1.jpg?ts=1684491505444': 'Image 1 of MULTICOLOURED RUNNING TRAINERS from Zara'}]",4590,Running trainers. Combination of colours and finishes on the upper. Six-eyelet facing. Chunky track sole.,white,nike
405,CHUNKY SANDALS,https://www.zara.com/in/en/chunky-sandals-p12735220.html,"[{'https://static.zara.net/photos///2023/I/1/2/p/2735/220/800/2/w/448/2735220800_2_1_1.jpg?ts=1686234637838': 'Image 0 of CHUNKY SANDALS from Zara'}, {'https://static.zara.net/photos///2023/I/1/2/p/2735/220/800/2/w/448/2735220800_2_2_1.jpg?ts=1686234637542': 'Image 1 of CHUNKY SANDALS from Zara'}]",3990,Strappy sandals. Three straps with hook-and-loop strap fastening on the instep and one back strap. Chunky track sole with an uneven design.,blue,puma
407,QUILTED STRAPPY SANDALS,https://www.zara.com/in/en/quilted-strappy-sandals-p12703220.html,"[{'https://static.zara.net/photos///2023/I/1/2/p/2703/220/800/2/w/448/2703220800_2_1_1.jpg?ts=1686130021195': 'Image 0 of QUILTED STRAPPY SANDALS from Zara'}, {'https://static.zara.net/photos///2023/I/1/2/p/2703/220/800/2/w/448/2703220800_2_2_1.jpg?ts=1686130021320': 'Image 1 of QUILTED STRAPPY SANDALS from Zara'}]",3990,Sandals. Quilted straps. Two straps on the front and back. Matching chunky sole.,black,adidas
408,TRACK SOLE SANDALS,https://www.zara.com/in/en/track-sole-sandals-p12450120.html,"[{'https://static.zara.net/photos///2023/V/1/2/p/2450/120/800/2/w/448/2450120800_2_1_1.jpg?ts=1683033214986': 'Image 0 of TRACK SOLE SANDALS from Zara'}, {'https://static.zara.net/photos///2023/V/1/2/p/2450/120/800/2/w/448/2450120800_2_2_1.jpg?ts=1683033215050': 'Image 1 of TRACK SOLE SANDALS from Zara'}]",4990,"Strappy sandals. Four straps fastened at the instep and features a fifth strap that joins them all, and a sixth that closes around the ankle. Chunky track sole with an uneven design.",black,zara
410,MOULD CLOGS WITH TRACK SOLE,https://www.zara.com/in/en/mould-clogs-with-track-sole-p12750220.html,"[{'https://static.zara.net/photos///2023/I/1/2/p/2750/220/800/2/w/448/2750220800_2_1_1.jpg?ts=1684917325860': 'Image 0 of MOULD CLOGS WITH TRACK SOLE from Zara'}, {'https://static.zara.net/photos///2023/I/1/2/p/2750/220/800/2/w/448/2750220800_2_2_1.jpg?ts=1684917325554': 'Image 1 of MOULD CLOGS WITH TRACK SOLE from Zara'}]",2890,Clogs. Wraparound upper in a single piece. Raised details on the upper. Round toe. Matching chunky track sole.,black,nike
418,SOFT LEATHER LOAFERS - LIMITED EDITION,https://www.zara.com/in/en/soft-leather-loafers---limited-edition-p12699220.html,"[{'https://static.zara.net/photos///2023/I/1/2/p/2699/220/800/2/w/448/2699220800_6_1_1.jpg?ts=1689785186739': 'Image 0 of SOFT LEATHER LOAFERS - LIMITED EDITION from Zara'}, {'https://static.zara.net/photos///2023/I/1/2/p/2699/220/800/2/w/448/2699220800_6_2_1.jpg?ts=1689785184250': 'Image 1 of SOFT LEATHER LOAFERS - LIMITED EDITION from Zara'}]",8590,Babouches made of leather. Round toe. Can be worn with the heel flattened.Collection - Special EDITION.,black,puma
