,product_name,link, product_images,price,details
0,MULTI-POCKET BACKPACK,https://www.zara.com/in/en/multi-pocket-backpack-p13217220.html,"[{'https://static.zara.net/photos///2023/I/1/2/p/3217/220/107/2/w/448/3217220107_2_1_1.jpg?ts=1692627350123': 'Image 0 of MULTI-POCKET BACKPACK from Zara'}, {'https://static.zara.net/photos///2023/I/1/2/p/3217/220/107/2/w/448/3217220107_2_2_1.jpg?ts=1692627350717': 'Image 1 of MULTI-POCKET BACKPACK from Zara'}]",5590,"Multi-pocket backpack made of technical fabric. Featuring three main compartments in the same size, all with zip closure and a common clip buckle. The inside features a pocket for electronic devices of up to 13 inches and a zip pocket. Features two small front zip pockets. Top handle and two adjustable shoulder straps. Quilted back for improved comfort during use.Height x Length x Width 45 x 32 x 18 cm.View more"
2,EXPLORER BACKPACK,https://www.zara.com/in/en/explorer-backpack-p13229220.html,"[{'https://static.zara.net/photos///2023/I/1/2/p/3229/220/032/2/w/448/3229220032_6_1_1.jpg?ts=1691048326548': 'Image 0 of EXPLORER BACKPACK from Zara'}, {'https://static.zara.net/photos///2023/I/1/2/p/3229/220/032/2/w/448/3229220032_6_2_1.jpg?ts=1691048326643': 'Image 1 of EXPLORER BACKPACK from Zara'}]",4990,"Multi-pocket explorer backpack. Technical fabric. The main compartment fastens with a flap, gathering and a clip buckle. The flap has a small zip pocket. The inside has a pocket without closure for electronic devices of up to 13 inches. Medium side pockets with no fastening. Small front flap pocket with zip closure. Top handle and two adjustable shoulder straps.Height x Length x Width 43 x 30 x 15 cm.View more"
3,MONOCHROME NYLON BACKPACK,https://www.zara.com/in/en/monochrome-nylon-backpack-p13228220.html,"[{'https://static.zara.net/photos///2023/I/1/2/p/3228/220/800/2/w/448/3228220800_6_1_1.jpg?ts=1692803282506': 'Image 0 of MONOCHROME NYLON BACKPACK from Zara'}, {'https://static.zara.net/photos///2023/I/1/2/p/3228/220/800/2/w/448/3228220800_6_2_1.jpg?ts=1692803282505': 'Image 1 of MONOCHROME NYLON BACKPACK from Zara'}]",4990,Explorer backpack. The main compartment has a gathered drawstring closure and a flap with two clip buckles. The inside has a pocket without closure for electronic devices of up to 13 inches. Features a small zip pocket on the front. Top handle and two adjustable shoulder straps.Height x Length x Width: 40 x 29 x 19 cm.View more
4,SLIM RUBBERISED BACKPACK,https://www.zara.com/in/en/slim-rubberised-backpack-p13227220.html,"[{'https://static.zara.net/photos///2023/I/1/2/p/3227/220/800/2/w/448/3227220800_2_1_1.jpg?ts=1691062145773': 'Image 0 of SLIM RUBBERISED BACKPACK from Zara'}, {'https://static.zara.net/photos///2023/I/1/2/p/3227/220/800/2/w/448/3227220800_2_2_1.jpg?ts=1691062146902': 'Image 1 of SLIM RUBBERISED BACKPACK from Zara'}]",3990,"Backpack with a rubberised finish. Plain exterior. The main compartment closes with a zip and its interior has two pockets, one of which is large for electronic devices of up to 13 inches and another medium pocket with zip closure. On the front there is a medium pocket with zip closure. The back is padded and has fastening to attach it to luggage. It has one handle and two adjustable padded shoulder straps. Height x Length x Width 42 x 29 x 11 cm.View more"
5,SPORTS BACKPACK,https://www.zara.com/in/en/sports-backpack-p13239220.html,"[{'https://static.zara.net/photos///2023/I/1/2/p/3239/220/400/2/w/448/3239220400_1_1_1.jpg?ts=1691052738259': 'Image 0 of SPORTS BACKPACK from Zara'}, {'https://static.zara.net/photos///2023/I/1/2/p/3239/220/400/2/w/448/3239220400_2_1_1.jpg?ts=1691052740641': 'Image 1 of SPORTS BACKPACK from Zara'}]",4990,Multi-pocket backpack. Combination of materials and colours on the exterior. The main compartment fastens with a zip and features an inside pocket without closure for electronic devices of up to 13 inches. On the front it has a flat pocket with zip closure. Adjustable mesh pockets on the sides. Top handle and two adjustable shoulder straps with zip pockets. Ergonomic padded back for improved comfort during use. Adjustable chest strap with clip buckle fastening. Height x Length x Width: 39 x 26 x 13 cm.View more
7,SPORTS BACKPACK,https://www.zara.com/in/en/sports-backpack-p13210220.html,"[{'https://static.zara.net/photos///2023/I/1/2/p/3210/220/700/2/3210220700_16_1_1/w/448/poster.jpg?ts=1689664622831': 'Image 0 of SPORTS BACKPACK from Zara'}, {'https://static.zara.net/photos///2023/I/1/2/p/3210/220/700/612/w/448/3210220700_6_1_1.jpg?ts=1692352454638': 'Image 1 of SPORTS BACKPACK from Zara'}]",4590,Multi-pocket backpack. Combination of materials and colours on the upper. The main compartment has two zip fastenings at different heights (the top access to the pocket is adjustable on each side thanks to two technical fasteners). Two adjustable mesh pockets on the sides. Top handle and two adjustable shoulder straps. Ergonomic padded back for improved comfort during use. Adjustable strap to the chest with clip buckle fastening.Height x Length x Width 45 x 32 x 17 cm. / 17.7 x 12.5 x 6.6″ATHLETICZ Collection.View more
8,ROLLTOP SPORTS BACKPACK,https://www.zara.com/in/en/rolltop-sports-backpack-p13240220.html,"[{'https://static.zara.net/photos///2023/I/1/2/p/3240/220/800/2/w/448/3240220800_6_1_1.jpg?ts=1692268022274': 'Image 0 of ROLLTOP SPORTS BACKPACK from Zara'}, {'https://static.zara.net/photos///2023/I/1/2/p/3240/220/800/2/w/448/3240220800_6_2_1.jpg?ts=1692268022277': 'Image 1 of ROLLTOP SPORTS BACKPACK from Zara'}]",4990,"Multi-pocket backpack. Combination of materials on the exterior. The main compartment fastens with a zip and rolls up with clip buckles on both sides. It also opens from the front with a zip closure. Two small front pockets with thermo-sealed zip fastening. Featuring two adjustable mesh pockets on the sides. Top handle and two adjustable, breathable shoulder straps. Each compartment has a thermo-sealed zip closure. Ergonomic padded back for improved comfort during use. Adjustable chest with clip buckle fastening.Height x Length x Width 44 x 27 x 14 cm. / 17.3 x 10.6 x 5.5″View more"
9,TECHNICAL BACKPACK,https://www.zara.com/in/en/technical-backpack-p13241220.html,"[{'https://static.zara.net/photos///2023/I/1/2/p/3241/220/802/2/w/448/3241220802_6_1_1.jpg?ts=1692887333245': 'Image 0 of TECHNICAL BACKPACK from Zara'}, {'https://static.zara.net/photos///2023/I/1/2/p/3241/220/802/2/w/448/3241220802_6_2_1.jpg?ts=1692887333233': 'Image 1 of TECHNICAL BACKPACK from Zara'}]",4990,"Multi-pocket backpack. The main compartment has zip closure and its interior has three small pockets with zip closure. Featuring two large front pockets, one with zip and the other with adjustable fastening. Side pockets with adjustable fastening. Top handle and two adjustable shoulder straps. Ergonomic padded back for improved comfort during use. Adjustable strap on the chest with clip buckle fastening.Height x Length x Width 44 x 27 x 17 cm. / 17.3 x 10.6 x 6.6″View more"
10,NYLON TOILETRY BAG,https://www.zara.com/in/en/nylon-toiletry-bag-p13714220.html,"[{'https://static.zara.net/photos///2023/I/1/2/p/3714/220/800/612/w/448/3714220800_6_1_1.jpg?ts=1692352453966': 'Image 0 of NYLON TOILETRY BAG from Zara'}, {'https://static.zara.net/photos///2023/I/1/2/p/3714/220/800/612/w/448/3714220800_6_2_1.jpg?ts=1692352454613': 'Image 1 of NYLON TOILETRY BAG from Zara'}]",2590,Toiletry bag. Combination of materials on the upper. Main compartment with zip closure. Six small pockets on the inside without fastening. Side pockets with technical clasp fastening. Two handles on each side in different sizes.Height x Length x Width: 13.5 x 25 x 14 cm. / 5.3 x 9.8 x 5.5″View more
11,NYLON BELT BAG,https://www.zara.com/in/en/nylon-belt-bag-p13640220.html,"[{'https://static.zara.net/photos///2023/I/1/2/p/3640/220/202/612/w/448/3640220202_6_1_1.jpg?ts=1692352453916': 'Image 0 of NYLON BELT BAG from Zara'}, {'https://static.zara.net/photos///2023/I/1/2/p/3640/220/202/612/w/0/3640220202_6_2_1.jpg?ts=1692352454902': 'Image 1 of NYLON BELT BAG from Zara'}]",2590,Soft belt bag. Technical fabric upper. Main compartment with zip closure. Front pocket with technical clasp. Adjustable handle with clip buckle. Height x Length: 18.5 x 37 cm. / 7.2 x 14.5″View more
12,ATHLETICZ SPORTS BELT BAG,https://www.zara.com/in/en/athleticz-sports-belt-bag-p13613120.html,"[{'https://static.zara.net/photos///2023/V/1/2/p/3613/120/032/2/w/448/3613120032_2_1_1.jpg?ts=1679500863401': 'Image 0 of ATHLETICZ SPORTS BELT BAG from Zara'}, {'https://static.zara.net/photos///2023/V/1/2/p/3613/120/032/2/3613120032_16_1_1/w/37/poster.jpg?ts=1679500867233': 'Image 1 of ATHLETICZ SPORTS BELT BAG from Zara'}]",1990,Sports belt bag with a combination of materials on the exterior. The pocket has zip closure. The front has a reflective detail. The back part is made of elastic mesh that allows you to touch the screen without removing the device. The strap is elastic and adjustable with a technical clip buckle.Height x Length x Width 6 x 20 x 5 cm. / 2.3 x 7.8 x 1.9″View more
13,XL RUBBERISED CROSSBODY WALLET,https://www.zara.com/in/en/xl-rubberised-crossbody-wallet-p13816220.html,"[{'https://static.zara.net/photos///2023/I/1/2/p/3816/220/800/2/w/448/3816220800_2_1_1.jpg?ts=1692627350747': 'Image 0 of XL RUBBERISED CROSSBODY WALLET from Zara'}, {'https://static.zara.net/photos///2023/I/1/2/p/3816/220/800/2/w/448/3816220800_2_2_1.jpg?ts=1692627349723': 'Image 1 of XL RUBBERISED CROSSBODY WALLET from Zara'}]",2590,XL wallet with a rubberised finish. Plain exterior. Main compartment with zip closure. The inside features four compartments. Zip pocket. Several slots for cards and banknotes. Small pocket on the front with zip closure. Adjustable and detachable shoulder strap.Height x Length: 12 x 22.5 cm. / 4.7 x 8.8″View more
17,MINI TIE-DYE TOTE BAG,https://www.zara.com/in/en/mini-tie-dye-tote-bag-p13635220.html,"[{'https://static.zara.net/photos///2023/I/1/2/p/3635/220/800/2/w/448/3635220800_6_1_1.jpg?ts=1692706013577': 'Image 0 of MINI TIE-DYE TOTE BAG from Zara'}, {'https://static.zara.net/photos///2023/I/1/2/p/3635/220/800/2/w/448/3635220800_6_2_1.jpg?ts=1692706013663': 'Image 1 of MINI TIE-DYE TOTE BAG from Zara'}]",2890,Mini tote bag. Rigid exterior. One pocket with magnetic closure. Two handles and an adjustable and detachable shoulder strap.Height x Length x Width 18 x 15 x 6 cm. / 7.0 x 5.9 x 2.3″View more
18,RUBBERISED CROSSBODY BAG,https://www.zara.com/in/en/rubberised-crossbody-bag-p13530120.html,"[{'https://static.zara.net/photos///2023/I/1/2/p/3530/120/097/2/w/448/3530120097_2_1_1.jpg?ts=1684753831877': 'Image 0 of RUBBERISED CROSSBODY BAG from Zara'}, {'https://static.zara.net/photos///2023/I/1/2/p/3530/120/097/2/w/448/3530120097_2_2_1.jpg?ts=1684753832348': 'Image 1 of RUBBERISED CROSSBODY BAG from Zara'}]",2990,"Crossbody bag. Semi-rigid exterior. Rubberised finish with embossing. The main compartment fastens with a flap and double magnetic closure. The interior features two main compartments, one without closure with a small zip pocket and the other with zip closure. Matching adjustable shoulder strap.Length x Height x Width: 19 x 12 x 7 cm. / 7.4 x 4.7 x 2.7″View more"
20,MULTIFUNCTIONAL BRIEFCASE,https://www.zara.com/in/en/multifunctional-briefcase-p13404220.html,"[{'https://static.zara.net/photos///2023/I/1/2/p/3404/220/800/2/w/448/3404220800_2_1_1.jpg?ts=1691754036893': 'Image 0 of MULTIFUNCTIONAL BRIEFCASE from Zara'}, {'https://static.zara.net/photos///2023/I/1/2/p/3404/220/800/2/w/448/3404220800_2_2_1.jpg?ts=1691754036991': 'Image 1 of MULTIFUNCTIONAL BRIEFCASE from Zara'}]",7590,Monochrome briefcase with a rubberised finish. The main compartment with zip closure is suitable for electronic devices and laptops of up to 13 inches. Its interior features several pockets in different sizes and one large pocket with zip closure. On the front it has a small flat pocket with push-back fastening. Two zip pockets at the back. Handle and two adjustable padded shoulder straps so it can be used as a backpack. Height x Length x Width 31 x 43 x 16 cm.View more
24,RUBBERISED MINI BOWLING BAG,https://www.zara.com/in/en/rubberised-mini-bowling-bag-p13109220.html,"[{'https://static.zara.net/photos///2023/I/1/2/p/3109/220/800/2/w/448/3109220800_6_1_1.jpg?ts=1689335429340': 'Image 0 of RUBBERISED MINI BOWLING BAG from Zara'}, {'https://static.zara.net/photos///2023/I/1/2/p/3109/220/800/2/w/448/3109220800_6_2_1.jpg?ts=1689335429397': 'Image 1 of RUBBERISED MINI BOWLING BAG from Zara'}]",2890,Bowling bag. Rubberised finish. The main compartment fastens with a zip and its interior has a small zip pocket. Small zip pocket at the front. Features two handles and one adjustable and detachable shoulder strap.Height x Length x Width 12 x 26 x 12 cm. / 4.7 x 10.2 x 4.7″View more
25,RUBBERISED BOWLING BAG,https://www.zara.com/in/en/rubberised-bowling-bag-p13120121.html,"[{'https://static.zara.net/photos///2023/I/1/2/p/3120/121/107/2/w/448/3120121107_2_1_1.jpg?ts=1684764005146': 'Image 0 of RUBBERISED BOWLING BAG from Zara'}, {'https://static.zara.net/photos///2023/I/1/2/p/3120/121/107/2/w/448/3120121107_2_2_1.jpg?ts=1684764005215': 'Image 1 of RUBBERISED BOWLING BAG from Zara'}]",5990,Bowling bag. Plain upper. The main compartment has zip closure and its interior has two pockets without closure and one zip pocket. Medium pocket with push-back fastening at the front and no fastening on one side. Featuring two handles and an adjustable and detachable shoulder strap. Height x Length x Width 30 x 47 x 31 cm. / 11.8 x 18.5 x 12.2″View more
26,RUBBERISED BOWLING BAG,https://www.zara.com/in/en/rubberised-bowling-bag-p13120120.html,"[{'https://static.zara.net/photos///2023/V/1/2/p/3120/120/800/2/w/448/3120120800_2_1_1.jpg?ts=1677583242129': 'Image 0 of RUBBERISED BOWLING BAG from Zara'}, {'https://static.zara.net/photos///2023/V/1/2/p/3120/120/800/2/w/448/3120120800_2_2_1.jpg?ts=1677583242580': 'Image 1 of RUBBERISED BOWLING BAG from Zara'}]",5990,Bowling bag made of technical rubberised fabric. Main compartment with zip closure and the inside has two pockets without closure and a zip pocket. Snap-button pocket on the front. Pocket on one side and a strap on the other. Two handles and an adjustable and detachable shoulder strap.Height x Length x Width 12 x 49 x 25 cm. / 4.7 x 19.2 x 9.8″View more
27,RUBBERISED MINI CROSSBODY BAG WITH FLAP,https://www.zara.com/in/en/rubberised-mini-crossbody-bag-with-flap-p13636220.html,"[{'https://static.zara.net/photos///2023/I/1/2/p/3636/220/500/2/w/448/3636220500_2_1_1.jpg?ts=1691487479659': 'Image 0 of RUBBERISED MINI CROSSBODY BAG WITH FLAP from Zara'}, {'https://static.zara.net/photos///2023/I/1/2/p/3636/220/500/2/w/448/3636220500_2_2_1.jpg?ts=1691487479692': 'Image 1 of RUBBERISED MINI CROSSBODY BAG WITH FLAP from Zara'}]",2890,Crossbody bag with a rubberised finish. Main compartment with zip closure. Small inner pocket with zip closure. Front pocket with magnetic clasp closure and a flap. Back pocket with snap-button fastening. Adjustable shoulder strap. Height x Length x Width 11 x 18 x 7 cm. / 4.3 x 7.0 x 2.7″View more
30,XL CROSSBODY WALLET,https://www.zara.com/in/en/xl-crossbody-wallet-p13605221.html,"[{'https://static.zara.net/photos///2023/I/1/2/p/3605/221/500/2/w/448/3605221500_6_1_1.jpg?ts=1690450142294': 'Image 0 of XL CROSSBODY WALLET from Zara'}, {'https://static.zara.net/photos///2023/I/1/2/p/3605/221/500/2/w/448/3605221500_6_2_1.jpg?ts=1690450142311': 'Image 1 of XL CROSSBODY WALLET from Zara'}]",2890,"XL crossbody wallet. Plain upper. Main compartment with zip closure. Featuring six inner compartments. Two zip pockets. Several card slots and notes. Front pocket with hidden magnetic clasp closure. Back pocket with snap button fastening. Adjustable shoulder strap.Height x Length x Width 13,5 x 22 x 6 cm. / 5.3 x 8.6 x 2.3″View more"
32,CONTRAST LEATHER TOTE BAG,https://www.zara.com/in/en/contrast-leather-tote-bag-p13345220.html,"[{'https://static.zara.net/photos///2023/I/1/1/p/3345/220/002/2/w/448/3345220002_2_1_1.jpg?ts=1692193323931': 'Image 0 of CONTRAST LEATHER TOTE BAG from Zara'}, {'https://static.zara.net/photos///2023/I/1/2/p/3345/220/002/2/w/448/3345220002_6_1_1.jpg?ts=1691053050441': 'Image 1 of CONTRAST LEATHER TOTE BAG from Zara'}]",11990,"Tote bag. Soft construction. Combination of leather and fabric on the upper. Main pocket with zip closure. Its interior features a small pocket without closure. Two handles and a longer shoulder strap.Height x Length x Width 30,5 x 58 x 28 cm. / 12.0 x 22.8 x 11.0″View more"
35,CANVAS TOTE BAG,https://www.zara.com/in/en/canvas-tote-bag-p13329220.html,"[{'https://static.zara.net/photos///2023/I/1/2/p/3329/220/052/2/w/448/3329220052_2_1_1.jpg?ts=1689941745016': 'Image 0 of CANVAS TOTE BAG from Zara'}, {'https://static.zara.net/photos///2023/I/1/2/p/3329/220/052/2/w/448/3329220052_2_2_1.jpg?ts=1689941743682': 'Image 1 of CANVAS TOTE BAG from Zara'}]",3290,Tote bag. Soft design. Main pocket with no closure. Its interior has a small pocket with zip closure. Its front has a pocket with a push-back closure. Two handles and a longer shoulder strap.Height x Length x Width: 38 x 57 x 23 cm. / 14.9 x 22.4 x 9.0″View more
36,BACKPACK WITH GATHERED DETAIL,https://www.zara.com/in/en/backpack-with-gathered-detail-p13233220.html,"[{'https://static.zara.net/photos///2023/I/1/2/p/3233/220/800/2/w/448/3233220800_2_1_1.jpg?ts=1691062145204': 'Image 0 of BACKPACK WITH GATHERED DETAIL from Zara'}, {'https://static.zara.net/photos///2023/I/1/2/p/3233/220/800/2/w/448/3233220800_2_2_1.jpg?ts=1691062146503': 'Image 1 of BACKPACK WITH GATHERED DETAIL from Zara'}]",2890,Bag-style backpack. Soft construction. Main compartment with gathered drawstring closure and inside zip pocket. Front medium-sized compartment with zip closure. Two handles and two adjustable rope shoulder straps. Height x Length x Width: 43 x 32 x 3 cm. / 16.9 x 12.5 x 1.1″View more
38,L HAND HELD TOTE BAG,https://www.zara.com/in/en/l-hand-held-tote-bag-p13306220.html,"[{'https://static.zara.net/photos///2023/I/1/2/p/3306/220/800/2/w/448/3306220800_2_1_1.jpg?ts=1686306555948': 'Image 0 of L HAND HELD TOTE BAG from Zara'}, {'https://static.zara.net/photos///2023/I/1/2/p/3306/220/800/2/w/448/3306220800_6_1_1.jpg?ts=1692282820267': 'Image 1 of L HAND HELD TOTE BAG from Zara'}]",2990,Semi-rigid tote bag. Main pocket with a magnetic closure. Its interior has a pocket with no closure. Features two rigid handles.Height x Length x Width 33 x 26 x 1 cm. / 12.9 x 10.2 x 0.3″View more
39,MINI MINIMALIST TOTE BAG,https://www.zara.com/in/en/mini-minimalist-tote-bag-p13633220.html,"[{'https://static.zara.net/photos///2023/I/1/2/p/3633/220/800/2/w/448/3633220800_6_1_1.jpg?ts=1691073818622': 'Image 0 of MINI MINIMALIST TOTE BAG from Zara'}, {'https://static.zara.net/photos///2023/I/1/2/p/3633/220/800/2/w/448/3633220800_6_2_1.jpg?ts=1691073818606': 'Image 1 of MINI MINIMALIST TOTE BAG from Zara'}]",2890,Mini tote bag. Semi-rigid exterior. Main pocket with magnetic closure. Two handles and an adjustable and detachable shoulder strap.Height x Length x Width: 18.5 x 15 x 6.5 cm. / 7.2 x 5.9 x 2.5″View more
40,M HAND HELD TOTE BAG,https://www.zara.com/in/en/m-hand-held-tote-bag-p13331220.html,"[{'https://static.zara.net/photos///2023/I/1/2/p/3331/220/800/2/w/448/3331220800_6_1_1.jpg?ts=1692282820282': 'Image 0 of M HAND HELD TOTE BAG from Zara'}, {'https://static.zara.net/photos///2023/I/1/2/p/3331/220/800/2/w/448/3331220800_6_2_1.jpg?ts=1692282820276': 'Image 1 of M HAND HELD TOTE BAG from Zara'}]",3290,"Semi-rigid tote bag. Main pocket with a magnetic closure. Its interior has a pocket with no closure. Features two rigid handles.Height x Length x Width 18 x 14,5 x 6,5 cm. / 7.0 x 5.7 x 2.5″View more"
41,DETACHABLE CROSSBODY BAG,https://www.zara.com/in/en/detachable-crossbody-bag-p13510220.html,"[{'https://static.zara.net/photos///2023/I/1/1/p/3510/220/800/3/w/448/3510220800_2_1_1.jpg?ts=1692609559453': 'Image 0 of DETACHABLE CROSSBODY BAG from Zara'}, {'https://static.zara.net/photos///2023/I/1/1/p/3510/220/800/3/w/0/3510220800_2_2_1.jpg?ts=1692609558616': 'Image 1 of DETACHABLE CROSSBODY BAG from Zara'}]",3290,Crossbody accessory. Soft design. Three detachable and interchangeable compartments with a hidden magnetic closure: the largest with three card slots on the inside. Belt-style buckle fastening.
43,MINI CROSSBODY BAG WITH FLAP,https://www.zara.com/in/en/mini-crossbody-bag-with-flap-p13612220.html,"[{'https://static.zara.net/photos///2023/I/1/2/p/3612/220/800/2/w/448/3612220800_2_1_1.jpg?ts=1692627350574': 'Image 0 of MINI CROSSBODY BAG WITH FLAP from Zara'}, {'https://static.zara.net/photos///2023/I/1/2/p/3612/220/800/2/w/0/3612220800_2_2_1.jpg?ts=1692627348336': 'Image 1 of MINI CROSSBODY BAG WITH FLAP from Zara'}]",2590,Crossbody bag. Soft construction. The main compartment has zip closure and the inside has a small pocket without closure. Front pocket with magnetic closure and flap. Adjustable and detachable shoulder strap.Height x Length x Width 19 x 11 x 6 cm. / 7.4 x 4.3 x 2.3″View more
44,SLIM EMBOSSED CLUTCH,https://www.zara.com/in/en/slim-embossed-clutch-p13705220.html,"[{'https://static.zara.net/photos///2023/I/1/2/p/3705/220/800/2/w/448/3705220800_2_1_1.jpg?ts=1687947344954': 'Image 0 of SLIM EMBOSSED CLUTCH from Zara'}, {'https://static.zara.net/photos///2023/I/1/2/p/3705/220/800/2/w/448/3705220800_2_2_1.jpg?ts=1687947345032': 'Image 1 of SLIM EMBOSSED CLUTCH from Zara'}]",2590,Clutch bag. Main compartment with zip closure. Small inside pocket with zip closure. Medium-sized front pocket with magnetic clasp and flap. Matching handle. Height x Length: 19.5 x 30 cm. / 7.6 x 11.8″View more
45,RIGID MINAUDIÈRE MINI CROSSBODY BAG,https://www.zara.com/in/en/rigid-minaudiere-mini-crossbody-bag-p13629220.html,"[{'https://static.zara.net/photos///2023/I/1/2/p/3629/220/800/2/w/448/3629220800_2_1_1.jpg?ts=1687947291300': 'Image 0 of RIGID MINAUDIÈRE MINI CROSSBODY BAG from Zara'}, {'https://static.zara.net/photos///2023/I/1/2/p/3629/220/800/2/w/448/3629220800_2_2_1.jpg?ts=1687947291314': 'Image 1 of RIGID MINAUDIÈRE MINI CROSSBODY BAG from Zara'}]",2890,Rectangular rigid crossbody bag. Plain exterior. The main compartment has metallic closure and its interior has a flat pocket. Adjustable and detachable shoulder strap and handle. Height x Length x Width: 17 x 18 x 7 cm. / 6.6 x 7.0 x 2.7″View more
46,BACKPACK WITH FOLDOVER FLAP,https://www.zara.com/in/en/backpack-with-foldover-flap-p13200220.html,"[{'https://static.zara.net/photos///2023/I/1/2/p/3200/220/120/2/w/448/3200220120_2_2_1.jpg?ts=1686306556637': 'Image 0 of BACKPACK WITH FOLDOVER FLAP from Zara'}, {'https://static.zara.net/photos///2023/I/1/2/p/3200/220/120/2/w/448/3200220120_6_1_1.jpg?ts=1686234440306': 'Image 1 of BACKPACK WITH FOLDOVER FLAP from Zara'}]",4590,Monochrome backpack. Embossed exterior. The main compartment has zip closure and its interior has a large pocket without closure. Medium pocket on the front with hidden magnetic clasp closure. The back and base are padded. Top handle and two adjustable padded shoulder straps.Height x Length x Width: 44 x 34 x 18 cm. / 17.3 x 13.3 x 7.0″View more
49,RUBBERISED EXPLORER BACKPACK,https://www.zara.com/in/en/rubberised-explorer-backpack-p13221220.html,"[{'https://static.zara.net/photos///2023/I/1/2/p/3221/220/800/2/w/448/3221220800_6_1_1.jpg?ts=1692023928866': 'Image 0 of RUBBERISED EXPLORER BACKPACK from Zara'}, {'https://static.zara.net/photos///2023/I/1/2/p/3221/220/800/2/w/448/3221220800_6_2_1.jpg?ts=1692023928334': 'Image 1 of RUBBERISED EXPLORER BACKPACK from Zara'}]",5590,"Multi-pocket explorer backpack. Rubberised finish. The main compartment fastens with a foldover flap, gathered detail and clip buckle. The inside has a zip pocket. Featuring two front zip pockets. Top handle and two adjustable padded shoulder straps.Height x Length x Width 38 x 28 x 16 cm. / 14.9 x 11.0 x 6.2″View more"
51,TOILETRY BAG WITH TOPSTITCHING,https://www.zara.com/in/en/toiletry-bag-with-topstitching-p13701220.html,"[{'https://static.zara.net/photos///2023/I/1/2/p/3701/220/800/2/w/448/3701220800_6_1_1.jpg?ts=1687935488408': 'Image 0 of TOILETRY BAG WITH TOPSTITCHING from Zara'}, {'https://static.zara.net/photos///2023/I/1/2/p/3701/220/800/2/w/448/3701220800_6_2_1.jpg?ts=1687935488854': 'Image 1 of TOILETRY BAG WITH TOPSTITCHING from Zara'}]",2590,"Toiletry bag. Soft construction. The main compartment has zip closure with a small flap. The inside has a small pocket without closure. Front pocket with zip closure with a small flap. Features a handle on the side.Height x Length x Width 13 x 25 x 9,5 cm. / 5.1 x 9.8 x 3.7″View more"
53,CONTRAST RUBBERISED TOILETRY BAG,https://www.zara.com/in/en/contrast-rubberised-toiletry-bag-p13703220.html,"[{'https://static.zara.net/photos///2023/I/1/2/p/3703/220/203/2/w/448/3703220203_6_1_1.jpg?ts=1691684458750': 'Image 0 of CONTRAST RUBBERISED TOILETRY BAG from Zara'}, {'https://static.zara.net/photos///2023/I/1/2/p/3703/220/203/2/w/448/3703220203_6_2_1.jpg?ts=1691684458877': 'Image 1 of CONTRAST RUBBERISED TOILETRY BAG from Zara'}]",2590,Toiletry bag. Rubberised finish. The main compartment has a zip closure. The inside has a small flat pocket with no closure. The front and back has a pocket with zip closure. Features a handle on one side.Height x Length x Width: 13 x 26 x 11 cm. / 5.1 x 10.2 x 4.3″View more
55,RUBBERISED TOILETRY BAG,https://www.zara.com/in/en/rubberised-toiletry-bag-p13706220.html,"[{'https://static.zara.net/photos///2023/I/1/2/p/3706/220/800/2/w/448/3706220800_6_1_1.jpg?ts=1690975610624': 'Image 0 of RUBBERISED TOILETRY BAG from Zara'}, {'https://static.zara.net/photos///2023/I/1/2/p/3706/220/800/2/w/448/3706220800_6_2_1.jpg?ts=1690975610627': 'Image 1 of RUBBERISED TOILETRY BAG from Zara'}]",2890,Toiletry bag. Rubberised finish. The main compartment has zip closure. The inside has a zip pocket. Front pocket with zip closure and a small flap. Features a handle on the side.Height x Length x Width 15 x 22 x 12 cm. / 5.9 x 8.6 x 4.7″View more
57,LEATHER TOILETRY BAG,https://www.zara.com/in/en/leather-toiletry-bag-p13702120.html,"[{'https://static.zara.net/photos///2023/I/1/2/p/3702/120/700/2/w/448/3702120700_2_1_1.jpg?ts=1686306556669': 'Image 0 of LEATHER TOILETRY BAG from Zara'}, {'https://static.zara.net/photos///2023/I/1/2/p/3702/120/700/2/w/448/3702120700_2_3_1.jpg?ts=1686306555605': 'Image 1 of LEATHER TOILETRY BAG from Zara'}]",2990,Leather toiletry bag. The main compartment fastens with a zip. The inside has a pocket. Handle on one side.Height x Length x Width 12 x 23 x 11 cm. / 4.7 x 9.0 x 4.3″View more
58,EMBOSSED BOWLING BAG,https://www.zara.com/in/en/embossed-bowling-bag-p13127120.html,"[{'https://static.zara.net/photos///2023/V/1/2/p/3127/120/800/2/w/448/3127120800_2_1_1.jpg?ts=1681996102664': 'Image 0 of EMBOSSED BOWLING BAG from Zara'}, {'https://static.zara.net/photos///2023/V/1/2/p/3127/120/800/2/w/448/3127120800_2_2_1.jpg?ts=1681996102515': 'Image 1 of EMBOSSED BOWLING BAG from Zara'}]",4590,"Bowling bag with a soft design. Technical fabric. Main compartment with zip closure and the inside has two pockets, one with no closure and the other with zip closure. Small pocket on the front with hook-and-loop fastening. Two handles and an adjustable and detachable shoulder strap.Height x Length x Width 25 x 58 x 22 cm. / 9.8 x 22.8 x 8.6″View more"
61,LIGHTWEIGHT TECHNICAL BOWLING BAG,https://www.zara.com/in/en/lightweight-technical-bowling-bag-p13114220.html,"[{'https://static.zara.net/photos///2023/I/1/2/p/3114/220/032/2/w/448/3114220032_6_1_1.jpg?ts=1692266207287': 'Image 0 of LIGHTWEIGHT TECHNICAL BOWLING BAG from Zara'}, {'https://static.zara.net/photos///2023/I/1/2/p/3114/220/032/2/w/448/3114220032_6_2_1.jpg?ts=1692266207313': 'Image 1 of LIGHTWEIGHT TECHNICAL BOWLING BAG from Zara'}]",4990,"Bowling bag with a soft design. Technical fabric. Main compartment with zip closure and a flap with a hidden magnetic clasp and the inside has a pocket without closure. On the front, there is a pocket with a hidden magnet closure. Two handles and an adjustable and detachable shoulder strap.Height x Length x Width 30 x 45 x 23 cm. / 11.8 x 17.7 x 9.0″View more"
62,CANVAS EXPLORER BACKPACK,https://www.zara.com/in/en/canvas-explorer-backpack-p13231220.html,"[{'https://static.zara.net/photos///2023/I/1/2/p/3231/220/704/2/w/448/3231220704_6_1_1.jpg?ts=1690882062991': 'Image 0 of CANVAS EXPLORER BACKPACK from Zara'}, {'https://static.zara.net/photos///2023/I/1/2/p/3231/220/704/2/w/448/3231220704_6_2_1.jpg?ts=1690882062974': 'Image 1 of CANVAS EXPLORER BACKPACK from Zara'}]",4990,Backpack. Canvas exterior. The main compartment has a gathered drawstring closure and a flap with two snap buttons. The inside has a pocket without closure for electronic devices of up to 13 inches. Medium side pockets with flaps and snap-button fastening. Features a small pocket on the front that fastens with a hook-and-loop strap. Top handle and two adjustable shoulder straps.Height x Length x Width 40 x 29 x 19 cm.View more
63,CONTRAST CANVAS TOTE BAG,https://www.zara.com/in/en/contrast-canvas-tote-bag-p13333220.html,"[{'https://static.zara.net/photos///2023/I/1/2/p/3333/220/800/2/w/448/3333220800_6_1_1.jpg?ts=1690967484077': 'Image 0 of CONTRAST CANVAS TOTE BAG from Zara'}, {'https://static.zara.net/photos///2023/I/1/2/p/3333/220/800/2/w/448/3333220800_6_2_1.jpg?ts=1690967484070': 'Image 1 of CONTRAST CANVAS TOTE BAG from Zara'}]",4990,"Tote bag. Main compartment with snap-button fastening. Four inside pockets, one of which fastens with a zip. Featuring two front pockets with two snap buttons. Featuring two handles and a detachable and adjustable shoulder strap. Height x Length x Width: 42 x 36 x 12 cm. / 16.5 x 14.1 x 4.7″View more"
64,MONOCHROME FORMAL BOWLING BAG,https://www.zara.com/in/en/monochrome-formal-bowling-bag-p13100123.html,"[{'https://static.zara.net/photos///2023/I/1/2/p/3100/123/700/2/w/448/3100123700_2_1_1.jpg?ts=1684313564423': 'Image 0 of MONOCHROME FORMAL BOWLING BAG from Zara'}, {'https://static.zara.net/photos///2023/I/1/2/p/3100/123/700/2/w/448/3100123700_2_2_1.jpg?ts=1684313567120': 'Image 1 of MONOCHROME FORMAL BOWLING BAG from Zara'}]",5990,"Bowling bag. Soft design. The main compartment closes with a zip and its interior has four pockets, three of them without closure. Has two handles and one adjustable and detachable shoulder strap.Height x Length x Width 33 x 47 x 24 cm. / 12.9 x 18.5 x 9.4″View more"
67,EMBOSSED BOWLING BAG,https://www.zara.com/in/en/embossed-bowling-bag-p13100220.html,"[{'https://static.zara.net/photos///2023/I/1/2/p/3100/220/800/2/w/448/3100220800_6_1_1.jpg?ts=1689852154195': 'Image 0 of EMBOSSED BOWLING BAG from Zara'}, {'https://static.zara.net/photos///2023/I/1/2/p/3100/220/800/2/w/448/3100220800_6_3_1.jpg?ts=1689852154396': 'Image 1 of EMBOSSED BOWLING BAG from Zara'}]",4590,Bowling bag. Soft design. Embossing on the exterior. The main compartment closes with a zip and its interior has a pocket with a zip closure. Includes two handles and one adjustable and detachable shoulder strap.Height x Length x Width 46 x 30 x 20 cm. / 18.1 x 11.8 x 7.8″View more
68,SOFT FORMAL BOWLING BAG,https://www.zara.com/in/en/soft-formal-bowling-bag-p13111220.html,"[{'https://static.zara.net/photos///2023/I/1/2/p/3111/220/800/2/w/448/3111220800_6_1_1.jpg?ts=1688564995497': 'Image 0 of SOFT FORMAL BOWLING BAG from Zara'}, {'https://static.zara.net/photos///2023/I/1/2/p/3111/220/800/2/w/448/3111220800_6_2_1.jpg?ts=1688564995618': 'Image 1 of SOFT FORMAL BOWLING BAG from Zara'}]",5990,"Bowling bag. Soft design. The main compartment closes with a zip and it has four small inner pockets, three of them open. Two handles and an adjustable and detachable shoulder strap.Height x Length x Width 30 x 47 x 19 cm. / 11.8 x 18.5 x 7.4″View more"
69,EMBOSSED BOWLING BAG,https://www.zara.com/in/en/embossed-bowling-bag-p13111221.html,"[{'https://static.zara.net/photos///2023/I/1/2/p/3111/221/500/2/w/448/3111221500_6_1_1.jpg?ts=1692714934685': 'Image 0 of EMBOSSED BOWLING BAG from Zara'}, {'https://static.zara.net/photos///2023/I/1/2/p/3111/221/500/2/w/448/3111221500_6_2_1.jpg?ts=1692714934767': 'Image 1 of EMBOSSED BOWLING BAG from Zara'}]",5990,"Bowling bag. Soft design. Embossing on the exterior. The main compartment closes with a zip and its interior has two pockets, one with no closure and the other with a zip closure. Includes two handles and one adjustable and detachable shoulder strap in contrast materials.Height x Length x Width 30 x 47 x 22 cm. / 11.8 x 18.5 x 8.6″View more"
70,LEATHER MINI CROSSBODY BAG WITH FLAP,https://www.zara.com/in/en/leather-mini-crossbody-bag-with-flap-p13627220.html,"[{'https://static.zara.net/photos///2023/I/1/2/p/3627/220/500/2/w/448/3627220500_2_1_1.jpg?ts=1691580011027': 'Image 0 of LEATHER MINI CROSSBODY BAG WITH FLAP from Zara'}, {'https://static.zara.net/photos///2023/I/1/2/p/3627/220/500/2/w/448/3627220500_2_2_1.jpg?ts=1691580011041': 'Image 1 of LEATHER MINI CROSSBODY BAG WITH FLAP from Zara'}]",5990,Leather crossbody bag. Plain design. Main compartment with flap and double hidden magnetic closure. The inside features a small pocket with no closure. Detachable and adjustable shoulder strap.Height x Length x Width 13 x 20 x 5 cm. / 5.1 x 7.8 x 1.9″View more
72,LEATHER MINI CROSSBODY BAG,https://www.zara.com/in/en/leather-mini-crossbody-bag-p13512220.html,"[{'https://static.zara.net/photos///2023/I/1/2/p/3512/220/120/2/w/448/3512220120_6_1_1.jpg?ts=1689258889422': 'Image 0 of LEATHER MINI CROSSBODY BAG from Zara'}, {'https://static.zara.net/photos///2023/I/1/2/p/3512/220/120/2/w/448/3512220120_6_2_1.jpg?ts=1689258889305': 'Image 1 of LEATHER MINI CROSSBODY BAG from Zara'}]",7590,"Mini crossbody bag made of leather. Main compartment underneath the flap. Adjustable shoulder strap. Available in several colours.Height x Length x Width 13,5 x 18 x 10 cm. / 5.3 x 7.0 x 3.9″View more"
74,EMBOSSED CROSSBODY BAG,https://www.zara.com/in/en/embossed-crossbody-bag-p13600220.html,"[{'https://static.zara.net/photos///2023/I/1/2/p/3600/220/800/2/w/448/3600220800_2_1_1.jpg?ts=1687947261467': 'Image 0 of EMBOSSED CROSSBODY BAG from Zara'}, {'https://static.zara.net/photos///2023/I/1/2/p/3600/220/800/2/w/448/3600220800_2_2_1.jpg?ts=1687947260731': 'Image 1 of EMBOSSED CROSSBODY BAG from Zara'}]",2890,Crossbody bag. Embossed detailing on the seams. Main compartment with zip closure. Small inner pocket without closure. Front pocket with magnetic flap closure. Adjustable padded shoulder strap.Length x Height x Width: 25 x 16 x 6 cm. / 9.8 x 6.2 x 2.3″View more
76,RUBBERISED CROSSBODY BAG,https://www.zara.com/in/en/rubberised-crossbody-bag-p13603220.html,"[{'https://static.zara.net/photos///2023/I/1/2/p/3603/220/800/2/w/448/3603220800_6_1_1.jpg?ts=1688551805484': 'Image 0 of RUBBERISED CROSSBODY BAG from Zara'}, {'https://static.zara.net/photos///2023/I/1/2/p/3603/220/800/2/w/448/3603220800_6_2_1.jpg?ts=1688551805624': 'Image 1 of RUBBERISED CROSSBODY BAG from Zara'}]",2590,Crossbody bag in a combination of materials. Rubberised finish. Main compartment with zip closure. Small inner pocket without closure. Front pocket with zip closure. Adjustable shoulder strap.Height x Length x Width 15 x 23 x 8 cm. / 5.9 x 9.0 x 3.1″View more
77,CROSSBODY BAG WITH PURSE,https://www.zara.com/in/en/crossbody-bag-with-purse-p13509220.html,"[{'https://static.zara.net/photos///2023/I/1/2/p/3509/220/700/2/w/448/3509220700_2_1_1.jpg?ts=1692627350185': 'Image 0 of CROSSBODY BAG WITH PURSE from Zara'}, {'https://static.zara.net/photos///2023/I/1/2/p/3509/220/700/2/w/448/3509220700_2_2_1.jpg?ts=1692627350338': 'Image 1 of CROSSBODY BAG WITH PURSE from Zara'}]",3290,"Crossbody bag. Plain exterior. Main compartment with flap and magnetic closure. Its interior features two main compartments, one with zip closure. The other has no closure and a small inside pocket also without closure. Detachable and adjustable matching shoulder strap. Detachable purse with closure.Height x Length x Width 12,5 x 18,5 x 7 cm. / 4.9 x 7.2 x 2.7″View more"
79,RUBBERISED BOWLING BAG,https://www.zara.com/in/en/rubberised-bowling-bag-p13103220.html,"[{'https://static.zara.net/photos///2023/I/1/2/p/3103/220/800/2/w/448/3103220800_2_1_1.jpg?ts=1692627347977': 'Image 0 of RUBBERISED BOWLING BAG from Zara'}, {'https://static.zara.net/photos///2023/I/1/2/p/3103/220/800/2/w/448/3103220800_2_2_1.jpg?ts=1692627349635': 'Image 1 of RUBBERISED BOWLING BAG from Zara'}]",5990,"Bowling bag. Plain design with a rubberised finish. The main compartment fastens with a zip and the inside has two pockets, one with a zip and the other with no closure. The front has a small zip pocket. Two handles and an adjustable and detachable shoulder strap.Height x Length x Width 30 x 51 x 19 cm. / 11.8 x 20.0 x 7.4″View more"
82,RUBBERISED EMBOSSED EXPLORER BACKPACK,https://www.zara.com/in/en/rubberised-embossed-explorer-backpack-p13205220.html,"[{'https://static.zara.net/photos///2023/I/1/2/p/3205/220/800/2/w/448/3205220800_6_1_1.jpg?ts=1689774964190': 'Image 0 of RUBBERISED EMBOSSED EXPLORER BACKPACK from Zara'}, {'https://static.zara.net/photos///2023/I/1/2/p/3205/220/800/2/w/448/3205220800_6_2_1.jpg?ts=1689774964843': 'Image 1 of RUBBERISED EMBOSSED EXPLORER BACKPACK from Zara'}]",5990,"Explorer backpack. Rubberised finish with embossed details. The main compartment closes with a flap, gathering and a double matching clip buckle. The inside has a pocket with zip closure. Medium pockets on each side with flaps and magnetic clasp closure. The front has a flap pocket with zip fastening. Top handle and two adjustable shoulder straps. Height x Length x Width 46,5 x 27 x 21 cm. / 18.3 x 10.6 x 8.2″View more"
83,RUBBERISED EMBOSSED BOWLING BAG,https://www.zara.com/in/en/rubberised-embossed-bowling-bag-p13108220.html,"[{'https://static.zara.net/photos///2023/I/1/2/p/3108/220/800/2/w/448/3108220800_2_1_1.jpg?ts=1690213160968': 'Image 0 of RUBBERISED EMBOSSED BOWLING BAG from Zara'}, {'https://static.zara.net/photos///2023/I/1/2/p/3108/220/800/2/w/448/3108220800_2_2_1.jpg?ts=1690213160104': 'Image 1 of RUBBERISED EMBOSSED BOWLING BAG from Zara'}]",2990,Bowling style bag. Embossed finish. The main compartment fastens with a zip and its interior has a small zip pocket. Small zip pocket at the front. Features two handles and one adjustable and detachable shoulder strap.Height x Length x Width 17 x 36 x 15 cm. / 6.6 x 14.1 x 5.9″View more
84,MINI NYLON SHOULDER BAG,https://www.zara.com/in/en/mini-nylon-shoulder-bag-p13620220.html,"[{'https://static.zara.net/photos///2023/I/1/2/p/3620/220/805/2/w/448/3620220805_2_1_1.jpg?ts=1690885877577': 'Image 0 of MINI NYLON SHOULDER BAG from Zara'}, {'https://static.zara.net/photos///2023/I/1/2/p/3620/220/805/2/w/448/3620220805_2_2_1.jpg?ts=1690885877307': 'Image 1 of MINI NYLON SHOULDER BAG from Zara'}]",2590,Nylon crossbody shoulder bag. Soft construction. The main pocket has zip closure. Adjustable shoulder strap.Height x Length x Width 22 x 29 x 7.5 cm. / 8.6 x 11.4 x 2.9″View more
89,MESH TOTE BAG,https://www.zara.com/in/en/mesh-tote-bag-p13342220.html,"[{'https://static.zara.net/photos///2023/I/1/1/p/3342/220/701/502/w/448/3342220701_6_1_1.jpg?ts=1689698623101': 'Image 0 of MESH TOTE BAG from Zara'}, {'https://static.zara.net/photos///2023/I/1/1/p/3342/220/701/502/w/448/3342220701_6_2_1.jpg?ts=1689698623036': 'Image 1 of MESH TOTE BAG from Zara'}]",1590,Tote bag. Soft mesh design. No fastening. Two shoulder straps.Height x Length x Width 74 x 36 x 3 cm. / 29.1 x 14.1 x 1.1″
93,MINIMALIST TOTE BAG,https://www.zara.com/in/en/minimalist-tote-bag-p13328220.html,"[{'https://static.zara.net/photos///2023/I/1/2/p/3328/220/120/2/w/448/3328220120_6_1_1.jpg?ts=1689784587483': 'Image 0 of MINIMALIST TOTE BAG from Zara'}, {'https://static.zara.net/photos///2023/I/1/2/p/3328/220/120/2/w/448/3328220120_6_2_1.jpg?ts=1689784587629': 'Image 1 of MINIMALIST TOTE BAG from Zara'}]",3290,Large rigid tote bag. Main compartment with hidden magnetic closure. The inside has a zip pocket. Two handles and an adjustable and detachable shoulder strap.Height x Length x Width 36 x 27 x 10 cm. / 14.1 x 10.6 x 3.9″View more
96,XL MULTICOLOURED SHOULDER BAG,https://www.zara.com/in/en/xl-multicoloured-shoulder-bag-p13309220.html,"[{'https://static.zara.net/photos///2023/I/1/2/p/3309/220/203/2/w/448/3309220203_2_1_1.jpg?ts=1687445432602': 'Image 0 of XL MULTICOLOURED SHOULDER BAG from Zara'}, {'https://static.zara.net/photos///2023/I/1/2/p/3309/220/203/2/w/448/3309220203_2_2_1.jpg?ts=1687445432499': 'Image 1 of XL MULTICOLOURED SHOULDER BAG from Zara'}]",4590,Crossbody shoulder bag. Extra-large soft design. The main pocket has a zip closure. The inside has a small pocket without closure. Adjustable shoulder strap.Height x Length x Width: 32 x 79 x 15 cm. / 12.5 x 31.1 x 5.9″View more
98,NYLON SHOULDER BAG,https://www.zara.com/in/en/nylon-shoulder-bag-p13515220.html,"[{'https://static.zara.net/photos///2023/I/1/2/p/3515/220/514/2/w/448/3515220514_6_1_1.jpg?ts=1691151382051': 'Image 0 of NYLON SHOULDER BAG from Zara'}, {'https://static.zara.net/photos///2023/I/1/2/p/3515/220/514/2/w/448/3515220514_6_2_1.jpg?ts=1691070012339': 'Image 1 of NYLON SHOULDER BAG from Zara'}]",2990,Crossbody shoulder bag. Made of fabric. Soft construction. The main pocket has double zip closure. The inside has a small pocket. Adjustable shoulder strap. Medium size.Height x Length x Width: 55 x 25 x 12 cm. / 21.6 x 9.8 x 4.7″View more
99,XL SHOULDER BAG,https://www.zara.com/in/en/xl-shoulder-bag-p13105220.html,"[{'https://static.zara.net/photos///2023/I/1/2/p/3105/220/300/2/w/448/3105220300_2_1_1.jpg?ts=1687186988914': 'Image 0 of XL SHOULDER BAG from Zara'}, {'https://static.zara.net/photos///2023/I/1/2/p/3105/220/300/2/w/448/3105220300_2_2_1.jpg?ts=1687186989778': 'Image 1 of XL SHOULDER BAG from Zara'}]",2990,Crossbody shoulder bag. Soft construction in terry fabric. The main pocket has zip closure. Its interior has a pocket with no fastening. Features an adjustable shoulder strap.Height x Length x Width 38 x 74 x 15 cm. / 14.9 x 29.1 x 5.9″View more
100,DOUBLE BRIEFCASE,https://www.zara.com/in/en/double-briefcase-p13402220.html,"[{'https://static.zara.net/photos///2023/I/1/2/p/3402/220/800/2/w/448/3402220800_2_1_1.jpg?ts=1687173845118': 'Image 0 of DOUBLE BRIEFCASE from Zara'}, {'https://static.zara.net/photos///2023/I/1/2/p/3402/220/800/2/w/448/3402220800_2_2_1.jpg?ts=1687173845849': 'Image 1 of DOUBLE BRIEFCASE from Zara'}]",5990,Monochrome briefcase. Two main compartments for electronic devices and laptops of up to 13 inches with zip closure. The first main compartment has a medium-sized inside pocket for devices with hook-and-loop strap closure. The second main compartment has two pockets without closures. The front has a compartment with concealed magnetic clasp closure. Two top handles and an adjustable and detachable shoulder strap.Height x Length x Width: 30 x 42 x 15 cm.View more
104,MONOCHROME BRIEFCASE,https://www.zara.com/in/en/monochrome-briefcase-p13400220.html,"[{'https://static.zara.net/photos///2023/I/1/1/p/3400/220/800/502/w/448/3400220800_6_1_1.jpg?ts=1687872086277': 'Image 0 of MONOCHROME BRIEFCASE from Zara'}, {'https://static.zara.net/photos///2023/I/1/1/p/3400/220/800/502/w/448/3400220800_6_2_1.jpg?ts=1687872086289': 'Image 1 of MONOCHROME BRIEFCASE from Zara'}]",4590,Plain monochrome briefcase. The main compartment is suitable for electronic devices and laptops of up to 13 inches. Zip closure. The inside has a large pocket without closure. Large front pocket with zip closure.Height x Length x Width 30 x 40 x 3 cm.View more
106,MONOCHROME SLIM BRIEFCASE,https://www.zara.com/in/en/monochrome-slim-briefcase-p13401220.html,"[{'https://static.zara.net/photos///2023/I/1/2/p/3401/220/800/32/w/489/3401220800_1_1_1.jpg?ts=1692806841260': 'Image 0 of MONOCHROME SLIM BRIEFCASE from Zara'}, {'https://static.zara.net/photos///2023/I/1/2/p/3401/220/800/2/w/0/3401220800_6_1_1.jpg?ts=1689601594472': 'Image 1 of MONOCHROME SLIM BRIEFCASE from Zara'}]",3290,Monochrome briefcase. Plain exterior. The main compartment is suitable for electronic devices and laptops of up to 13 inches. Zip closure. The inside has a large pocket without closure.Height x Length x Width 30 x 40 x 3 cm.View more
110,RUBBERIZED CARD HOLDER WALLET,https://www.zara.com/in/en/rubberized-card-holder-wallet-p13812220.html,"[{'https://static.zara.net/photos///2023/I/1/2/p/3812/220/032/2/w/448/3812220032_6_1_1.jpg?ts=1690888831346': 'Image 0 of RUBBERIZED CARD HOLDER WALLET from Zara'}, {'https://static.zara.net/photos///2023/I/1/2/p/3812/220/032/2/w/448/3812220032_6_2_1.jpg?ts=1690888831573': 'Image 1 of RUBBERIZED CARD HOLDER WALLET from Zara'}]",990,"Card holder purse with a rubberised finish. Featuring a compartment for storing banknotes. Featuring six inner card slots, three outer pockets, two extra compartments on each side and a coin purse with zip closure.Length x Height x Width: 12 x 10 x 2 cm / 4.7 x 3.9 x 0.7″View more"
111,RUBBERISED WALLET,https://www.zara.com/in/en/rubberised-wallet-p13811220.html,"[{'https://static.zara.net/photos///2023/I/1/2/p/3811/220/032/2/w/448/3811220032_6_1_1.jpg?ts=1690888831204': 'Image 0 of RUBBERISED WALLET from Zara'}, {'https://static.zara.net/photos///2023/I/1/2/p/3811/220/032/2/w/448/3811220032_6_2_1.jpg?ts=1690888831266': 'Image 1 of RUBBERISED WALLET from Zara'}]",1490,"Wallet with a rubberised finish. Featuring a pocket for storing notes, three card slots, two extra compartments on each side and a coin purse with snap fastening. Elastic band closure.Length x Height x Width: 11 x 9 x 1.5 cm / 4.3 x 3.5 x 0.5″View more"
128,WALLET WITH TOPSTITCHING,https://www.zara.com/in/en/wallet-with-topstitching-p13804220.html,"[{'https://static.zara.net/photos///2023/I/1/2/p/3804/220/800/2/w/448/3804220800_6_1_1.jpg?ts=1688637368405': 'Image 0 of WALLET WITH TOPSTITCHING from Zara'}, {'https://static.zara.net/photos///2023/I/1/2/p/3804/220/800/2/w/448/3804220800_6_2_1.jpg?ts=1688637368402': 'Image 1 of WALLET WITH TOPSTITCHING from Zara'}]",1790,Monochrome card holder wallet. Main compartment with a pocket for storing notes. Three card slots on each side. Contrast topstitching detail.Length x Height x Width: 7.5 x 10 x 1.5 cm / 2.9 x 3.9 x 0.5″View more
130,WALLET WITH TOPSTITCHING,https://www.zara.com/in/en/wallet-with-topstitching-p13802220.html,"[{'https://static.zara.net/photos///2023/I/1/2/p/3802/220/800/2/w/448/3802220800_6_1_1.jpg?ts=1688630935909': 'Image 0 of WALLET WITH TOPSTITCHING from Zara'}, {'https://static.zara.net/photos///2023/I/1/2/p/3802/220/800/2/w/448/3802220800_6_2_1.jpg?ts=1688630935761': 'Image 1 of WALLET WITH TOPSTITCHING from Zara'}]",1790,"Basic monochrome wallet. Main compartment with a pocket for storing notes. Four card slots, two on each side. Matching topstitching detail.Length x Height x Width: 11 x 9 x 1.5 cm. / 4.3 x 3.5 x 0.5″View more"
132,WALLET WITH TOPSTITCHING,https://www.zara.com/in/en/wallet-with-topstitching-p13803220.html,"[{'https://static.zara.net/photos///2023/I/1/2/p/3803/220/800/2/w/448/3803220800_6_1_1.jpg?ts=1688633524010': 'Image 0 of WALLET WITH TOPSTITCHING from Zara'}, {'https://static.zara.net/photos///2023/I/1/2/p/3803/220/800/2/w/448/3803220800_6_2_1.jpg?ts=1688633523924': 'Image 1 of WALLET WITH TOPSTITCHING from Zara'}]",1790,"Wallet. Plain exterior. Compartment for notes, three compartments for cards and a coin purse with a clip buckle. Zip closure. Height x Length x Width 9 x 11 x 2 cm. / 3.5 x 4.3 x 0.7″View more"
143,MINI NYLON CROSSBODY BAG WITH PURSE,https://www.zara.com/in/en/mini-nylon-crossbody-bag-with-purse-p13608220.html,"[{'https://static.zara.net/photos///2023/I/1/2/p/3608/220/500/2/w/448/3608220500_2_1_1.jpg?ts=1689941744317': 'Image 0 of MINI NYLON CROSSBODY BAG WITH PURSE from Zara'}, {'https://static.zara.net/photos///2023/I/1/2/p/3608/220/500/2/w/448/3608220500_2_2_1.jpg?ts=1689941744595': 'Image 1 of MINI NYLON CROSSBODY BAG WITH PURSE from Zara'}]",2590,"Crossbody bag. Plain design. Main compartment with flap and clip buckle. The inside features a flat pocket with no closure. Pocket on the front with no closure and another pocket with a magnetic closure on the back. Matching adjustable shoulder strap. Detachable purse with zip.Height x Length x Width 12,5 x 18,5 x 3 cm. / 4.9 x 7.2 x 1.1″View more"
150,LEATHER BOWLING BAG,https://www.zara.com/in/en/leather-bowling-bag-p13106120.html,"[{'https://static.zara.net/photos///2023/I/1/1/p/3106/120/800/32/w/489/3106120800_1_1_1.jpg?ts=1692894124768': 'Image 0 of LEATHER BOWLING BAG from Zara'}, {'https://static.zara.net/photos///2023/I/1/2/p/3106/120/800/2/w/448/3106120800_6_1_1.jpg?ts=1689262456617': 'Image 1 of LEATHER BOWLING BAG from Zara'}]",17990,"Bowling bag. Made of leather. The main compartment closes with a zip and its interior has three pockets, one with a zip closure and two without closure. Has two handles and one adjustable and detachable shoulder strap.Height x Length x Width: 30 x 47 x 19 cm. / 11.8 x 18.5 x 7.4″View more"
153,LEATHER BACKPACK WITH BUCKLE,https://www.zara.com/in/en/leather-backpack-with-buckle-p13225220.html,"[{'https://static.zara.net/photos///2023/I/1/2/p/3225/220/800/32/w/448/3225220800_1_1_1.jpg?ts=1691507009934': 'Image 0 of LEATHER BACKPACK WITH BUCKLE from Zara'}, {'https://static.zara.net/photos///2023/I/1/2/p/3225/220/800/2/w/448/3225220800_6_1_1.jpg?ts=1689867413784': 'Image 1 of LEATHER BACKPACK WITH BUCKLE from Zara'}]",13990,Monochrome backpack. Made of leather. The main compartment fastens with a zip and buckle. The inside features a small zip pocket. Top handle and two adjustable shoulder straps.Height x Length x Width 44 x 31 x 14 cm. / 17.3 x 12.2 x 5.5″View more
154,LEATHER CROSSBODY BAG,https://www.zara.com/in/en/leather-crossbody-bag-p13337220.html,"[{'https://static.zara.net/photos///2023/I/1/2/p/3337/220/800/2/w/448/3337220800_6_1_1.jpg?ts=1688644098065': 'Image 0 of LEATHER CROSSBODY BAG from Zara'}, {'https://static.zara.net/photos///2023/I/1/2/p/3337/220/800/2/w/448/3337220800_6_2_1.jpg?ts=1688644098046': 'Image 1 of LEATHER CROSSBODY BAG from Zara'}]",11990,"Leather crossbody shoulder bag. Soft construction. The main pocket does not fasten. Features a medium-sized front pocket under the flap. Adjustable shoulder strap.Height x Length x Width 51,5 x 41,5 x 13 cm. / 20.2 x 16.3 x 5.1″View more"
155,RIGID CROSSBODY BAG,https://www.zara.com/in/en/rigid-crossbody-bag-p13625220.html,"[{'https://static.zara.net/photos///2023/I/1/2/p/3625/220/133/2/w/448/3625220133_2_1_1.jpg?ts=1690987043260': 'Image 0 of RIGID CROSSBODY BAG from Zara'}, {'https://static.zara.net/photos///2023/I/1/2/p/3625/220/133/2/w/448/3625220133_2_2_1.jpg?ts=1690987043237': 'Image 1 of RIGID CROSSBODY BAG from Zara'}]",2890,Rigid crossbody bag. Raised rubberised finish. The main compartment has a thermo-sealed zip fastening and there is a mesh bag in its interior. Has an adjustable and detachable matching shoulder strap.Height x Length x Width: 13 x 19 x 7 cm. / 5.1 x 7.4 x 2.7″View more
159,NYLON MAXI SHOULDER BAG - LIMITED EDITION,https://www.zara.com/in/en/nylon-maxi-shoulder-bag---limited-edition-p13308220.html,"[{'https://static.zara.net/photos///2023/I/1/2/p/3308/220/120/2/w/448/3308220120_2_1_1.jpg?ts=1689941743539': 'Image 0 of NYLON MAXI SHOULDER BAG - LIMITED EDITION from Zara'}, {'https://static.zara.net/photos///2023/I/1/2/p/3308/220/120/2/w/448/3308220120_2_2_1.jpg?ts=1689941743917': 'Image 1 of NYLON MAXI SHOULDER BAG - LIMITED EDITION from Zara'}]",2990,Crossbody shoulder bag. Soft construction. Main pocket with zip closure. The inside has a flat pocket without closure. Features a large outer zip pocket. Adjustable shoulder strap.Height x Length x Width 38 x 45 x 17 cm. / 14.9 x 17.7 x 6.6″View more
164,MINI NYLON MESSENGER BAG,https://www.zara.com/in/en/mini-nylon-messenger-bag-p13609220.html,"[{'https://static.zara.net/photos///2023/I/1/2/p/3609/220/120/2/w/448/3609220120_6_1_1.jpg?ts=1689087450935': 'Image 0 of MINI NYLON MESSENGER BAG from Zara'}, {'https://static.zara.net/photos///2023/I/1/2/p/3609/220/120/2/w/448/3609220120_6_2_1.jpg?ts=1689087756846': 'Image 1 of MINI NYLON MESSENGER BAG from Zara'}]",2590,Crossbody bag. Plain upper. Soft construction. Main compartment with zip closure. The inside has a flat pocket without closure. Featuring a medium-sized front pocket with zip fastening. Matching adjustable shoulder strap.Height x Length x Width 19 x 23 x 7 cm. / 7.4 x 9.0 x 2.7″View more
166,MULTICOLORED CROSSBODY BAG,https://www.zara.com/in/en/multicolored-crossbody-bag-p13106220.html,"[{'https://static.zara.net/photos///2023/I/1/2/p/3106/220/202/2/w/448/3106220202_2_1_1.jpg?ts=1687186989297': 'Image 0 of MULTICOLORED CROSSBODY BAG from Zara'}, {'https://static.zara.net/photos///2023/I/1/2/p/3106/220/202/2/w/448/3106220202_6_1_1.jpg?ts=1689786235452': 'Image 1 of MULTICOLORED CROSSBODY BAG from Zara'}]",2990,"Crossbody bag. Soft construction. Main compartment with zip closure. Features three interior pockets, one of which fastens with a zip. On the front there is a small pocket with adjustable gathered drawstring closure. Medium pockets on the sides with zip and hook-and-loop fastening. Featuring two handles and an adjustable and detachable shoulder strap.Length x Height x Width: 35 x 21 x 20 cm. / 13.7 x 8.2 x 7.8″View more"
168,MULTICOLOURED MINI CROSSBODY BAG,https://www.zara.com/in/en/multicoloured-mini-crossbody-bag-p13610220.html,"[{'https://static.zara.net/photos///2023/I/1/2/p/3610/220/202/2/w/448/3610220202_2_1_1.jpg?ts=1684764084278': 'Image 0 of MULTICOLOURED MINI CROSSBODY BAG from Zara'}, {'https://static.zara.net/photos///2023/I/1/2/p/3610/220/202/2/w/448/3610220202_2_2_1.jpg?ts=1684764084269': 'Image 1 of MULTICOLOURED MINI CROSSBODY BAG from Zara'}]",1990,"Crossbody bag. Main compartment with zip closure. Two pockets on the front in different sizes, both with zip closure. Adjustable and detachable shoulder strap.Height x Length x Width 20 x 12 x 8 cm. / 7.8 x 4.7 x 3.1″View more"
169,PRINTED CANVAS BACKPACK,https://www.zara.com/in/en/printed-canvas-backpack-p13216220.html,"[{'https://static.zara.net/photos///2023/I/1/2/p/3216/220/202/2/w/448/3216220202_6_1_1.jpg?ts=1690447591389': 'Image 0 of PRINTED CANVAS BACKPACK from Zara'}, {'https://static.zara.net/photos///2023/I/1/2/p/3216/220/202/2/w/448/3216220202_6_2_1.jpg?ts=1690447591408': 'Image 1 of PRINTED CANVAS BACKPACK from Zara'}]",4990,Printed backpack made of canvas fabric. The main compartment closes with a zip and its interior has a space for electronic devices of up to 13 inches and a pocket with zip closure. On the front there is a pocket with zip closure. The back is padded. It has one handle and two adjustable padded shoulder straps.Height x Length x Width 41 x 32 x 15 cm.View more
170,PRINTED CANVAS MINI CROSSBODY BAG,https://www.zara.com/in/en/printed-canvas-mini-crossbody-bag-p13622220.html,"[{'https://static.zara.net/photos///2023/I/1/2/p/3622/220/202/2/w/448/3622220202_6_1_1.jpg?ts=1690450057610': 'Image 0 of PRINTED CANVAS MINI CROSSBODY BAG from Zara'}, {'https://static.zara.net/photos///2023/I/1/2/p/3622/220/202/2/w/448/3622220202_6_2_1.jpg?ts=1690450057268': 'Image 1 of PRINTED CANVAS MINI CROSSBODY BAG from Zara'}]",2590,Crossbody bag made of canvas fabric. Main compartment with zip closure. On the front there is another smaller compartment with zip closure. Adjustable shoulder strap.Height x Length x Width 20 x 13 x 6 cm. / 7.8 x 5.1 x 2.3″View more
171,XL CROSSBODY WALLET,https://www.zara.com/in/en/xl-crossbody-wallet-p13810220.html,"[{'https://static.zara.net/photos///2023/I/1/2/p/3810/220/800/2/w/448/3810220800_2_1_1.jpg?ts=1686666006051': 'Image 0 of XL CROSSBODY WALLET from Zara'}, {'https://static.zara.net/photos///2023/I/1/2/p/3810/220/800/2/w/448/3810220800_2_2_1.jpg?ts=1686666006713': 'Image 1 of XL CROSSBODY WALLET from Zara'}]",2590,XL wallet. Plain upper. Main compartment with zip closure. The inside features four compartments. Two zip pockets. Several slots for cards and banknotes. Adjustable and detachable shoulder strap. Height x Length: 12 x 22 cm. / 4.7 x 8.6″View more
172,EMBOSSED WALLET,https://www.zara.com/in/en/embossed-wallet-p13813220.html,"[{'https://static.zara.net/photos///2023/I/1/2/p/3813/220/800/2/w/448/3813220800_6_1_1.jpg?ts=1689764822249': 'Image 0 of EMBOSSED WALLET from Zara'}, {'https://static.zara.net/photos///2023/I/1/2/p/3813/220/800/2/w/448/3813220800_6_2_1.jpg?ts=1689764820818': 'Image 1 of EMBOSSED WALLET from Zara'}]",990,"Embossed wallet. Main compartment with pocket for notes. Four card slots, two on each side. Matching topstitching detail.Length x Height: 7.5 x 10 cm. / 2.9 x 3.9″"
173,COIN PURSE,https://www.zara.com/in/en/coin-purse-p13800220.html,"[{'https://static.zara.net/photos///2023/I/1/2/p/3800/220/802/2/w/448/3800220802_6_1_1.jpg?ts=1689333612370': 'Image 0 of COIN PURSE from Zara'}, {'https://static.zara.net/photos///2023/I/1/2/p/3800/220/802/2/w/448/3800220802_6_2_1.jpg?ts=1689333612446': 'Image 1 of COIN PURSE from Zara'}]",990,"Wallet. Plain exterior. Has a compartment for notes, three compartments for cards and a coin purse with a clip buckle closure, and a compartment at the back.Height x Length x Width 9 x 11 x 1.5 cm. / 3.5 x 4.3 x 0.5″View more"
174,CARD HOLDER PURSE,https://www.zara.com/in/en/card-holder-purse-p13801220.html,"[{'https://static.zara.net/photos///2023/I/1/2/p/3801/220/802/2/w/448/3801220802_6_1_1.jpg?ts=1689333612659': 'Image 0 of CARD HOLDER PURSE from Zara'}, {'https://static.zara.net/photos///2023/I/1/2/p/3801/220/802/2/w/448/3801220802_6_2_1.jpg?ts=1689333612864': 'Image 1 of CARD HOLDER PURSE from Zara'}]",890,Card holder with five compartments and wallet with zip closure. Plain exterior.Height x length: 12.5 x 8 cm / 4.9 x 3.1″
199,RUBBERISED TRANSLUCENT MINI CROSSBODY BAG,https://www.zara.com/in/en/rubberised-translucent-mini-crossbody-bag-p13999120.html,"[{'https://static.zara.net/photos///2023/I/1/2/p/3999/120/300/2/w/0/3999120300_2_1_1.jpg?ts=1687186988870': 'Image 0 of RUBBERISED TRANSLUCENT MINI CROSSBODY BAG from Zara'}, {'https://static.zara.net/photos///2023/I/1/2/p/3999/120/300/2/w/0/3999120300_2_2_1.jpg?ts=1687186989761': 'Image 1 of RUBBERISED TRANSLUCENT MINI CROSSBODY BAG from Zara'}]",2890,Crossbody bag in a combination of materials. Rubberised finish. The main compartment rolls down and fastens with a maxi clip. Zip on the outside to open inside pocket. Quilted back. Adjustable and detachable shoulder strap.Height x Length x Width: 22 x 14 x 5 cm. / 8.6 x 5.5 x 1.9″View more
202,RUBBERISED CROSSBODY BAG,https://www.zara.com/in/en/rubberised-crossbody-bag-p13611220.html,"[{'https://static.zara.net/photos///2023/I/1/2/p/3611/220/800/2/w/448/3611220800_2_1_1.jpg?ts=1684753832081': 'Image 0 of RUBBERISED CROSSBODY BAG from Zara'}, {'https://static.zara.net/photos///2023/I/1/2/p/3611/220/800/2/w/448/3611220800_2_2_1.jpg?ts=1684753832433': 'Image 1 of RUBBERISED CROSSBODY BAG from Zara'}]",2890,Crossbody bag. Semi-rigid exterior. Rubberised finish with embossing. The main compartment fastens with a flap and double magnetic closure. Features a small inside pocket with zip closure. Matching adjustable shoulder strap.Length x Height x Width: 19 x 12 x 7 cm. / 7.4 x 4.7 x 2.7″View more
204,EMBOSSED MINI CROSSBODY BAG,https://www.zara.com/in/en/embossed-mini-crossbody-bag-p13901220.html,"[{'https://static.zara.net/photos///2023/I/1/2/p/3901/220/131/2/w/448/3901220131_2_1_1.jpg?ts=1690472297402': 'Image 0 of EMBOSSED MINI CROSSBODY BAG from Zara'}, {'https://static.zara.net/photos///2023/I/1/2/p/3901/220/131/2/w/448/3901220131_2_2_1.jpg?ts=1690472298028': 'Image 1 of EMBOSSED MINI CROSSBODY BAG from Zara'}]",1590,"Rectangular rigid mini crossbody bag. Plain exterior. The main compartment has zip closure and its interior has a small flat pocket. Adjustable and detachable shoulder strap. Height x Length x Width 10,5 x 18 x 3 cm. / 4.1 x 7.0 x 1.1″View more"
208,RIGID CROSSBODY BAG,https://www.zara.com/in/en/rigid-crossbody-bag-p13601120.html,"[{'https://static.zara.net/photos///2023/I/1/2/p/3601/120/627/2/w/448/3601120627_2_1_1.jpg?ts=1685703862849': 'Image 0 of RIGID CROSSBODY BAG from Zara'}, {'https://static.zara.net/photos///2023/I/1/2/p/3601/120/627/2/w/448/3601120627_2_2_1.jpg?ts=1685703862505': 'Image 1 of RIGID CROSSBODY BAG from Zara'}]",2890,Rigid crossbody bag. Raised rubberised finish. The main compartment has a thermo-sealed zip fastening and there is a mesh bag in its interior. Has an adjustable and detachable shoulder strap.Height x Length x Width: 11 x 17 x 6 cm. / 4.3 x 6.6 x 2.3″View more
216,WOVEN LEATHER TOTE BAG,https://www.zara.com/in/en/woven-leather-tote-bag-p13335220.html,"[{'https://static.zara.net/photos///2023/I/1/2/p/3335/220/800/2/w/448/3335220800_2_1_1.jpg?ts=1689699478025': 'Image 0 of WOVEN LEATHER TOTE BAG from Zara'}, {'https://static.zara.net/photos///2023/I/1/2/p/3335/220/800/2/w/448/3335220800_6_1_1.jpg?ts=1689256679371': 'Image 1 of WOVEN LEATHER TOTE BAG from Zara'}]",15990,Tote bag. Made of leather. Soft construction. Main compartment with fabric lining. Two handles and a shoulder strap.Height x Length x Width 42 x 31 x 11 cm. / 16.5 x 12.2 x 4.3″View more
217,XL LEATHER TOTE BAG,https://www.zara.com/in/en/xl-leather-tote-bag-p13336220.html,"[{'https://static.zara.net/photos///2023/I/1/2/p/3336/220/700/2/w/448/3336220700_2_1_1.jpg?ts=1689699477975': 'Image 0 of XL LEATHER TOTE BAG from Zara'}, {'https://static.zara.net/photos///2023/I/1/2/p/3336/220/700/2/w/448/3336220700_6_1_1.jpg?ts=1688047879402': 'Image 1 of XL LEATHER TOTE BAG from Zara'}]",18990,"Leather tote bag. Soft design. Main compartment with a magnetic closure. Its interior has a small pocket with zip closure. Flat pocket on the front with a flap. Two adjustable handles.Height x Length x Width 46 x 52 x 20,5 cm. / 18.1 x 20.4 x 8.0″View more"
219,LEATHER SHOULDER BAG,https://www.zara.com/in/en/leather-shoulder-bag-p13508220.html,"[{'https://static.zara.net/photos///2023/V/1/2/p/3520/120/800/82/w/448/3520120800_1_1_1.jpg?ts=1677490247572': 'Image 0 of LEATHER SHOULDER BAG from Zara'}, {'https://static.zara.net/photos///2023/V/1/2/p/3520/120/800/82/w/448/3520120800_2_1_1.jpg?ts=1677490248221': 'Image 1 of LEATHER SHOULDER BAG from Zara'}]",9590,Leather crossbody shoulder bag. Soft construction. The main pocket has double zip closure. The inside has a pocket without closure. Adjustable shoulder strap.Height x Length x Width 58 x 24 x 11 cm. / 22.8 x 9.4 x 4.3″View more
221,NYLON MINI BACKPACK,https://www.zara.com/in/en/nylon-mini-backpack-p13219220.html,"[{'https://static.zara.net/photos///2023/I/1/2/p/3219/220/800/2/w/448/3219220800_2_1_1.jpg?ts=1689941742603': 'Image 0 of NYLON MINI BACKPACK from Zara'}, {'https://static.zara.net/photos///2023/I/1/2/p/3219/220/800/2/w/448/3219220800_2_2_1.jpg?ts=1689941743508': 'Image 1 of NYLON MINI BACKPACK from Zara'}]",3290,"Soft backpack. The main compartment closes with a zip and its interior has a pocket with a zip closure. The front has a zip pocket. Each side has small zip pockets. Features an adjustable and padded shoulder strap for improved comfort during use. Height x Length x Width 29 x 25,5 x 13 cm. / 11.4 x 10.0 x 5.1″View more"
224,MULTICOLOURED NYLON BACKPACK,https://www.zara.com/in/en/multicoloured-nylon-backpack-p13213220.html,"[{'https://static.zara.net/photos///2023/I/1/2/p/3213/220/203/2/w/448/3213220203_2_1_1.jpg?ts=1687421823150': 'Image 0 of MULTICOLOURED NYLON BACKPACK from Zara'}, {'https://static.zara.net/photos///2023/I/1/2/p/3213/220/203/2/w/448/3213220203_2_2_1.jpg?ts=1687421823186': 'Image 1 of MULTICOLOURED NYLON BACKPACK from Zara'}]",4990,Multicoloured backpack. Soft construction. Featuring one main zip pocket and a medium-sized zip pocket on the inside. Small zip pockets on the sides and front flap pockets. Includes a handle and two adjustable padded shoulder straps for improved comfort during use. Height x Length x Width: 41 x 32 x 17 cm. / 16.1 x 12.5 x 6.6″View more
226,SOFT S CROSSBODY BAG,https://www.zara.com/in/en/soft-s-crossbody-bag-p13617220.html,"[{'https://static.zara.net/photos///2023/I/1/2/p/3617/220/120/2/w/448/3617220120_6_1_1.jpg?ts=1689327168350': 'Image 0 of SOFT S CROSSBODY BAG from Zara'}, {'https://static.zara.net/photos///2023/I/1/2/p/3617/220/120/2/w/448/3617220120_6_2_1.jpg?ts=1689327168451': 'Image 1 of SOFT S CROSSBODY BAG from Zara'}]",2590,"Small crossbody bag. Plain exterior. Soft construction. Main compartment with zip closure. The interior features two pockets, one with a zip closure and the other with no fastening. Matching adjustable shoulder strap.Height x Length x Width 16 x 23 x 6 cm. / 6.2 x 9.0 x 2.3″View more"
231,MINI DENIM SHOULDER BAG,https://www.zara.com/in/en/mini-denim-shoulder-bag-p13506220.html,"[{'https://static.zara.net/photos///2023/I/1/2/p/3506/220/400/2/w/448/3506220400_6_1_1.jpg?ts=1688716336854': 'Image 0 of MINI DENIM SHOULDER BAG from Zara'}, {'https://static.zara.net/photos///2023/I/1/2/p/3506/220/400/2/w/448/3506220400_6_2_1.jpg?ts=1688716337092': 'Image 1 of MINI DENIM SHOULDER BAG from Zara'}]",2590,Crossbody shoulder bag in denim fabric. Soft design. The main pocket has a zip closure. Its interior has a small flat pocket with no closure. Features an adjustable shoulder strap. Height x Length x Width: 18 x 33 x 11 cm. / 7.0 x 12.9 x 4.3″View more
232,RIGID DENIM CROSSBODY BAG,https://www.zara.com/in/en/rigid-denim-crossbody-bag-p13624220.html,"[{'https://static.zara.net/photos///2023/I/1/2/p/3624/220/400/2/w/448/3624220400_6_1_1.jpg?ts=1688385095048': 'Image 0 of RIGID DENIM CROSSBODY BAG from Zara'}, {'https://static.zara.net/photos///2023/I/1/2/p/3624/220/400/2/w/448/3624220400_6_2_1.jpg?ts=1688385095035': 'Image 1 of RIGID DENIM CROSSBODY BAG from Zara'}]",2890,Rectangular rigid mini crossbody bag. Denim exterior. The main compartment has a metallic closure and its interior has a pocket with no closure. Adjustable and detachable shoulder strap.Height x Length x Width 10.5 x 18.5 x 4.5 cm. / 4.1 x 7.2 x 1.7″View more
233,DENIM EARPHONE BAG,https://www.zara.com/in/en/denim-earphone-bag-p13907220.html,"[{'https://static.zara.net/photos///2023/I/1/2/p/3907/220/400/2/w/448/3907220400_6_1_1.jpg?ts=1688127031862': 'Image 0 of DENIM EARPHONE BAG from Zara'}, {'https://static.zara.net/photos///2023/I/1/2/p/3907/220/400/2/w/448/3907220400_6_2_1.jpg?ts=1688127032126': 'Image 1 of DENIM EARPHONE BAG from Zara'}]",1590,Earphone bag made of denim. Zip closure. Adjustable and detachable cord.Height x Length x Width 8 x 8 x 2.5 cm. / 3.1 x 3.1 x 0.9″
238,EMBOSSED BOWLING BAG,https://www.zara.com/in/en/embossed-bowling-bag-p13107220.html,"[{'https://static.zara.net/photos///2023/I/1/2/p/3107/220/802/2/w/448/3107220802_2_1_1.jpg?ts=1690213160959': 'Image 0 of EMBOSSED BOWLING BAG from Zara'}, {'https://static.zara.net/photos///2023/I/1/2/p/3107/220/802/2/w/448/3107220802_2_2_1.jpg?ts=1690213159429': 'Image 1 of EMBOSSED BOWLING BAG from Zara'}]",5590,Bowling style bag. Embossed finish. The main compartment fastens with a zip and its interior has a small zip pocket. Small zip pocket at the front. Features two handles and one adjustable and detachable shoulder strap.Height x Length x Width 21 x 53 x 25 cm. / 8.2 x 20.8 x 9.8″View more
239,EMBOSSED BACKPACK,https://www.zara.com/in/en/embossed-backpack-p13218220.html,"[{'https://static.zara.net/photos///2023/I/1/2/p/3218/220/800/2/w/448/3218220800_6_1_1.jpg?ts=1689085042581': 'Image 0 of EMBOSSED BACKPACK from Zara'}, {'https://static.zara.net/photos///2023/I/1/2/p/3218/220/800/2/w/448/3218220800_6_2_1.jpg?ts=1689085042616': 'Image 1 of EMBOSSED BACKPACK from Zara'}]",4990,"Monochrome backpack. Embossed finish. The main compartment fastens with a zip and has two pockets inside, one with zip closure and a flat one with no closure. Front zip pocket. The back is padded. Handle and two adjustable and breathable padded shoulder straps.Height x Length x Width 41 x 29 x 16 cm. / 16.1 x 11.4 x 6.2″View more"
241,EMBOSSED MINI CROSSBODY BAG,https://www.zara.com/in/en/embossed-mini-crossbody-bag-p13619220.html,"[{'https://static.zara.net/photos///2023/I/1/2/p/3619/220/808/2/w/448/3619220808_6_1_1.jpg?ts=1689772244136': 'Image 0 of EMBOSSED MINI CROSSBODY BAG from Zara'}, {'https://static.zara.net/photos///2023/I/1/2/p/3619/220/808/2/w/448/3619220808_6_2_1.jpg?ts=1689772247844': 'Image 1 of EMBOSSED MINI CROSSBODY BAG from Zara'}]",2590,Crossbody bag. Main compartment with zip closure. The front features a small flat pocket with magnetic closure and a small inside pocket. Adjustable shoulder strap. Height x Length x Width 18 x 13 x 5 cm. / 7.0 x 5.1 x 1.9″View more
247,MINI CROSSBODY BAG WITH FLAP,https://www.zara.com/in/en/mini-crossbody-bag-with-flap-p13637120.html,"[{'https://static.zara.net/photos///2023/V/1/2/p/3637/120/800/2/w/448/3637120800_2_1_1.jpg?ts=1681988993966': 'Image 0 of MINI CROSSBODY BAG WITH FLAP from Zara'}, {'https://static.zara.net/photos///2023/V/1/2/p/3637/120/800/2/w/448/3637120800_2_2_1.jpg?ts=1681988995287': 'Image 1 of MINI CROSSBODY BAG WITH FLAP from Zara'}]",2590,"Crossbody bag. Main compartment with flap and double magnetic clasp closure. Two pockets, one inside pocket without closure and another back pocket with push-back fastening. Plain design. Matching adjustable shoulder strap.Height x Length x Width 12 x 20 x 4 cm. / 4.7 x 7.8 x 1.5″View more"
249,NYLON BELT BAG,https://www.zara.com/in/en/nylon-belt-bag-p13615220.html,"[{'https://static.zara.net/photos///2023/I/1/2/p/3615/220/800/2/w/448/3615220800_2_1_1.jpg?ts=1692627350589': 'Image 0 of NYLON BELT BAG from Zara'}, {'https://static.zara.net/photos///2023/I/1/2/p/3615/220/800/2/w/448/3615220800_2_2_1.jpg?ts=1692627350447': 'Image 1 of NYLON BELT BAG from Zara'}]",2590,Soft belt bag. Nylon upper. Main compartment with zip closure and an inside pocket with no closure. Front pocket with zip closure. Back pocket with zip closure. Adjustable strap with clip buckle.Height x Length x Width 15 x 34 x 8 cm. / 5.9 x 13.3 x 3.1″View more
250,SOFT MINI CROSSBODY BAG,https://www.zara.com/in/en/soft-mini-crossbody-bag-p13616120.html,"[{'https://static.zara.net/photos///2023/I/1/2/p/3616/120/032/2/w/448/3616120032_6_1_1.jpg?ts=1689772244737': 'Image 0 of SOFT MINI CROSSBODY BAG from Zara'}, {'https://static.zara.net/photos///2023/I/1/2/p/3616/120/032/2/w/448/3616120032_6_2_1.jpg?ts=1689772246287': 'Image 1 of SOFT MINI CROSSBODY BAG from Zara'}]",2590,Crossbody bag made of technical fabric. Main compartment with zip closure. Inside zip pocket. Front zip pocket. Adjustable shoulder strap.
252,NYLON MULTI-POCKET BAG,https://www.zara.com/in/en/nylon-multi-pocket-bag-p13908120.html,"[{'https://static.zara.net/photos///2023/V/1/2/p/3908/120/800/2/w/448/3908120800_2_1_1.jpg?ts=1683289816763': 'Image 0 of NYLON MULTI-POCKET BAG from Zara'}, {'https://static.zara.net/photos///2023/V/1/2/p/3908/120/800/2/w/448/3908120800_2_2_1.jpg?ts=1683289817710': 'Image 1 of NYLON MULTI-POCKET BAG from Zara'}]",2890,Handbag. Multiple detachable pockets on a central hoop. Main bag with zip closure. The inside has four small pockets without closures. Second small bucket bag with gathered drawstring closure. Third small bag that can be used as a purse or a case for headphones (compatible with AirPods® sizes). Adjustable shoulder strap.Main pocket: Length x height: 19 x 12 cm / 7.4 x 4.7″Bucket pocket: Length x height x width: 8 x 10 x 8 cm / 3.1 x 3.9 x 3.1″Purse pocket: Height x Length: 7.5 x 7 cm / 2.9 x 2.7″View more
254,BAG WITH MULTIPLE POCKETS,https://www.zara.com/in/en/bag-with-multiple-pockets-p13905220.html,"[{'https://static.zara.net/photos///2023/I/1/2/p/3905/220/032/2/w/448/3905220032_6_1_1.jpg?ts=1688052334618': 'Image 0 of BAG WITH MULTIPLE POCKETS from Zara'}, {'https://static.zara.net/photos///2023/I/1/2/p/3905/220/032/2/w/448/3905220032_6_2_1.jpg?ts=1688052340223': 'Image 1 of BAG WITH MULTIPLE POCKETS from Zara'}]",2890,Handbag. Multiple detachable pockets on a central hoop. Main bag with zip closure. The inside has four small pockets without closures. Second small bucket bag with gathered drawstring closure. Third small bag that can be used as a purse or a case for headphones (compatible with AirPods® sizes). Adjustable shoulder strap.Main pocket: Length x height: 19 x 12 cm / 7.4 x 4.7″Bucket pocket: Length x height x width: 8 x 10 x 8 cm. / 3.1 x 3.9 x 3.1″Purse pocket: Height x Length: 7.5 x 7 cm / 2.9 x 2.7″View more
256,MINI CROSSBODY BAG WITH TOPSTITCHING,https://www.zara.com/in/en/mini-crossbody-bag-with-topstitching-p13602220.html,"[{'https://static.zara.net/photos///2023/I/1/2/p/3602/220/800/2/w/0/3602220800_2_1_1.jpg?ts=1687173845640': 'Image 0 of MINI CROSSBODY BAG WITH TOPSTITCHING from Zara'}, {'https://static.zara.net/photos///2023/I/1/2/p/3602/220/800/2/w/0/3602220800_2_2_1.jpg?ts=1687173845073': 'Image 1 of MINI CROSSBODY BAG WITH TOPSTITCHING from Zara'}]",1990,Crossbody bag. Vertical design. Topstitching on the seams. Main compartment with zip closure. Small inner pocket without closure. Front pocket with zip closure. Adjustable shoulder strap.Length x Height x Width: 12 x 17 x 5 cm. / 4.7 x 6.6 x 1.9″View more
258,TOP STITCHED MESSENGER BAG,https://www.zara.com/in/en/top-stitched-messenger-bag-p13601220.html,"[{'https://static.zara.net/photos///2023/I/1/2/p/3601/220/800/2/w/448/3601220800_6_1_1.jpg?ts=1689757583942': 'Image 0 of TOP STITCHED MESSENGER BAG from Zara'}, {'https://static.zara.net/photos///2023/I/1/2/p/3601/220/800/2/w/448/3601220800_6_2_1.jpg?ts=1689757584115': 'Image 1 of TOP STITCHED MESSENGER BAG from Zara'}]",2890,Crossbody bag with topstitching on the seams. Main compartment with zip closure. Small inside pocket with no closure. Front zip pocket. Adjustable shoulder strap.Length x Height x Width: 25 x 16 x 6 cm. / 9.8 x 6.2 x 2.3″View more
264,SOFT BACKPACK WITH TOPSTITCHING,https://www.zara.com/in/en/soft-backpack-with-topstitching-p13201220.html,"[{'https://static.zara.net/photos///2023/I/1/2/p/3201/220/500/2/w/448/3201220500_2_1_1.jpg?ts=1686563300278': 'Image 0 of SOFT BACKPACK WITH TOPSTITCHING from Zara'}, {'https://static.zara.net/photos///2023/I/1/2/p/3201/220/500/2/w/448/3201220500_2_2_1.jpg?ts=1686563299847': 'Image 1 of SOFT BACKPACK WITH TOPSTITCHING from Zara'}]",5990,Soft backpack. Contrast-coloured topstitching on the upper. Main compartment with zip closure and a large inside pocket. Front zip pocket. Features two medium-sized zip pockets on the sides. Featuring a handle and two adjustable padded shoulder straps for improved comfort during use.Height x Length x Width: 44 x 40 x 18 cm. / 17.3 x 15.7 x 7.0″View more
267,BOWLING BAG WITH TOPSTITCHING,https://www.zara.com/in/en/bowling-bag-with-topstitching-p13101220.html,"[{'https://static.zara.net/photos///2023/I/1/2/p/3101/220/800/2/w/448/3101220800_6_1_1.jpg?ts=1689786235907': 'Image 0 of BOWLING BAG WITH TOPSTITCHING from Zara'}, {'https://static.zara.net/photos///2023/I/1/2/p/3101/220/800/2/w/448/3101220800_6_2_1.jpg?ts=1689786235949': 'Image 1 of BOWLING BAG WITH TOPSTITCHING from Zara'}]",4990,Bowling bag. Combined colours and materials on the exterior. The main compartment fastens with a zip and its interior has a pocket with no fastening. Two handles and one adjustable and detachable shoulder strap.Height x Length x Width 22 x 50 x 23 cm. / 8.6 x 19.6 x 9.0″View more
269,BACKPACK WITH FOLDOVER FLAP,https://www.zara.com/in/en/backpack-with-foldover-flap-p13220220.html,"[{'https://static.zara.net/photos///2023/I/1/2/p/3220/220/800/2/w/448/3220220800_2_1_1.jpg?ts=1690472296642': 'Image 0 of BACKPACK WITH FOLDOVER FLAP from Zara'}, {'https://static.zara.net/photos///2023/I/1/2/p/3220/220/800/2/w/448/3220220800_6_1_1.jpg?ts=1689775503123': 'Image 1 of BACKPACK WITH FOLDOVER FLAP from Zara'}]",4990,"Monochrome backpack. The main compartment has double magnetic closure and its interior has three pockets, one of which has zip closure. Top handle and two adjustable shoulder straps. Height x Length x Width 40,5 x 30 x 9 cm. / 15.9 x 11.8 x 3.5″View more"
272,EMBOSSED BACKPACK,https://www.zara.com/in/en/embossed-backpack-p13232120.html,"[{'https://static.zara.net/photos///2023/V/1/2/p/3232/120/800/2/w/448/3232120800_2_1_1.jpg?ts=1681996104564': 'Image 0 of EMBOSSED BACKPACK from Zara'}, {'https://static.zara.net/photos///2023/V/1/2/p/3232/120/800/2/w/448/3232120800_2_2_1.jpg?ts=1681996105702': 'Image 1 of EMBOSSED BACKPACK from Zara'}]",4990,"Monochrome backpack with a plain exterior. The main compartment closes with a zip and its interior has two pockets, one of which is large for electronic devices of up to 13 inches and another medium pocket with zip closure. On the front there is a medium pocket with zip closure. The back is padded. Has one handle and two adjustable padded shoulder straps.Height x Length x Width 45 x 29 x 15 cm.View more"
274,STRIPED CANVAS TOTE BAG,https://www.zara.com/in/en/striped-canvas-tote-bag-p13327120.html,"[{'https://static.zara.net/photos///2023/I/1/2/p/3327/120/300/2/w/448/3327120300_6_1_1.jpg?ts=1689780789503': 'Image 0 of STRIPED CANVAS TOTE BAG from Zara'}, {'https://static.zara.net/photos///2023/I/1/2/p/3327/120/300/2/w/448/3327120300_6_2_1.jpg?ts=1689780789569': 'Image 1 of STRIPED CANVAS TOTE BAG from Zara'}]",2890,Tote bag. Soft design. Main pocket with no closure. Its interior has a small pocket with zip closure. Its front has a pocket with a push-back closure. Two handles and a longer shoulder strap.Height x Length x Width: 36 x 52 x 23 cm / 14.1 x 20.4 x 9.0″View more
276,STRIPED CANVAS MINI CROSSBODY BAG,https://www.zara.com/in/en/striped-canvas-mini-crossbody-bag-p13647120.html,"[{'https://static.zara.net/photos///2023/I/1/2/p/3647/120/401/2/w/448/3647120401_6_1_1.jpg?ts=1689772967454': 'Image 0 of STRIPED CANVAS MINI CROSSBODY BAG from Zara'}, {'https://static.zara.net/photos///2023/I/1/2/p/3647/120/401/2/w/448/3647120401_6_2_1.jpg?ts=1689772968528': 'Image 1 of STRIPED CANVAS MINI CROSSBODY BAG from Zara'}]",1990,Crossbody bag. Soft construction. Vertical design. Main compartment without closure. Small inside pocket with zip closure. Small pocket with no closure on the front. Long crossbody strap. Height x Length: 24 x 19 cm. / 9.4 x 7.4″View more
282,SEMI-RIGID SUITCASE,https://www.zara.com/in/en/semi-rigid-suitcase-p13000120.html,"[{'https://static.zara.net/photos///2023/I/1/2/p/3000/120/202/2/w/448/3000120202_2_1_1.jpg?ts=1686563299333': 'Image 0 of SEMI-RIGID SUITCASE from Zara'}, {'https://static.zara.net/photos///2023/I/1/2/p/3000/120/202/2/w/448/3000120202_2_2_1.jpg?ts=1686563299439': 'Image 1 of SEMI-RIGID SUITCASE from Zara'}]",9590,"Semi-rigid travel suitcase. The main compartment has double zip closure and a security system with a code. Its interior features a large compartment without closure, a small bag with gathered drawstring closure and two small zip pockets. Also features adjustable straps for organising luggage on the inside. One side has a zip pocket. Two central handles, one top handle and an extendible handle. Rigid base at the back and two wheels at the bottom. Suitable for carry-on luggage depending on the airline. Height x Length x Width 52 x 30 x 32 cm. / 20.4 x 11.8 x 12.5″View more"
284,URBAN BACKPACK,https://www.zara.com/in/en/urban-backpack-p13206120.html,"[{'https://static.zara.net/photos///2023/I/1/2/p/3206/120/800/2/w/448/3206120800_2_1_1.jpg?ts=1686563299827': 'Image 0 of URBAN BACKPACK from Zara'}, {'https://static.zara.net/photos///2023/I/1/2/p/3206/120/800/2/w/448/3206120800_2_2_1.jpg?ts=1686563299786': 'Image 1 of URBAN BACKPACK from Zara'}]",5990,"Backpack in a combination of materials. Soft construction. The main compartment fastens with a zip. The inside has a pocket for electronic devices of up to 13 inches with hook-and-loop closure. The sides have zip pockets. The front has two zips, one of which is for a small pocket and another that has a main compartment. Top handle and two adjustable, padded and breathable shoulder straps.Height x Length x Width 47 x 34 x 15 cm.View more"
285,MINI URBAN CROSSBODY BAG,https://www.zara.com/in/en/mini-urban-crossbody-bag-p13627120.html,"[{'https://static.zara.net/photos///2023/I/1/2/p/3627/120/800/2/w/448/3627120800_2_1_1.jpg?ts=1686130021620': 'Image 0 of MINI URBAN CROSSBODY BAG from Zara'}, {'https://static.zara.net/photos///2023/I/1/2/p/3627/120/800/2/w/448/3627120800_2_2_1.jpg?ts=1686130021755': 'Image 1 of MINI URBAN CROSSBODY BAG from Zara'}]",2890,"Crossbody bag in a combination of materials. The main compartment fastens with a flap, clip closure and zip. The inside has a small flat pocket. Small outer pocket with zip closure. Quilted back. Adjustable shoulder strap. Height x Length x Width 20 x 17 x 7 cm. / 7.8 x 6.6 x 2.7″View more"
290,MINI CROSSBODY BAG WITH FLAP,https://www.zara.com/in/en/mini-crossbody-bag-with-flap-p13615120.html,"[{'https://static.zara.net/photos///2023/V/1/2/p/3615/120/800/2/w/448/3615120800_2_1_1.jpg?ts=1681299392175': 'Image 0 of MINI CROSSBODY BAG WITH FLAP from Zara'}, {'https://static.zara.net/photos///2023/V/1/2/p/3615/120/800/2/w/448/3615120800_2_2_1.jpg?ts=1681299393347': 'Image 1 of MINI CROSSBODY BAG WITH FLAP from Zara'}]",2590,Crossbody bag. Soft construction. Two compartments under the flap with magnetic closure. The main compartment has a pocket without closure. The back has a pocket with a snap-button closure. Adjustable shoulder strap.Height x Length x Width 12 x 13 x 19 cm. / 4.7 x 5.1 x 7.4″View more
292,M ORIGAMI TOTE BAG,https://www.zara.com/in/en/m-origami-tote-bag-p13305220.html,"[{'https://static.zara.net/photos///2023/I/1/2/p/3305/220/800/2/w/448/3305220800_2_1_1.jpg?ts=1685708659784': 'Image 0 of M ORIGAMI TOTE BAG from Zara'}, {'https://static.zara.net/photos///2023/I/1/2/p/3305/220/800/2/w/448/3305220800_2_2_1.jpg?ts=1685708659801': 'Image 1 of M ORIGAMI TOTE BAG from Zara'}]",2990,Medium-sized tote bag. Semi-rigid exterior. Main compartment with hidden magnetic closure. Two handles and an adjustable and detachable shoulder strap. Height x Length x Width: 28 x 21 x 8 cm. / 11.0 x 8.2 x 3.1″View more
293,MINI ORIGAMI TOTE BAG,https://www.zara.com/in/en/mini-origami-tote-bag-p13606220.html,"[{'https://static.zara.net/photos///2023/I/1/2/p/3606/220/070/2/w/448/3606220070_2_1_1.jpg?ts=1684764053370': 'Image 0 of MINI ORIGAMI TOTE BAG from Zara'}, {'https://static.zara.net/photos///2023/I/1/2/p/3606/220/070/2/w/448/3606220070_2_2_1.jpg?ts=1684764053456': 'Image 1 of MINI ORIGAMI TOTE BAG from Zara'}]",2890,Mini tote bag. Semi-rigid exterior. Main pocket with magnetic closure. Two handles and an adjustable and detachable shoulder strap.Height x Length x Width: 18 x 15 x 6 cm / 7.0 x 5.9 x 2.3″View more
294,CROSSBODY BAG WITH METALLIC CLOSURE,https://www.zara.com/in/en/crossbody-bag-with-metallic-closure-p13626220.html,"[{'https://static.zara.net/photos///2023/I/1/2/p/3626/220/800/2/w/448/3626220800_2_1_1.jpg?ts=1690472297819': 'Image 0 of CROSSBODY BAG WITH METALLIC CLOSURE from Zara'}, {'https://static.zara.net/photos///2023/I/1/2/p/3626/220/800/2/w/448/3626220800_2_2_1.jpg?ts=1690472298350': 'Image 1 of CROSSBODY BAG WITH METALLIC CLOSURE from Zara'}]",2890,Crossbody bag. Semi-rigid design. Plain upper. Main compartment with flap and metal clasp. The interior is divided into two compartments and has a pocket without closure. Features a snap-button pocket at the back. Top handle and a matching adjustable shoulder strap.Height x Length x Width 14 x 22 x 9 cm. / 5.5 x 8.6 x 3.5″View more
295,SOFT WOVEN TOTE BAG,https://www.zara.com/in/en/soft-woven-tote-bag-p13334220.html,"[{'https://static.zara.net/photos///2023/I/1/2/p/3334/220/002/2/w/0/3334220002_1_1_1.jpg?ts=1688478128036': 'Image 0 of SOFT WOVEN TOTE BAG from Zara'}, {'https://static.zara.net/photos///2023/I/1/2/p/3334/220/002/2/w/0/3334220002_2_1_1.jpg?ts=1688478127900': 'Image 1 of SOFT WOVEN TOTE BAG from Zara'}]",3990,Tote bag. Soft construction in a combination of different woven designs. Flat inner pocket. Top handles and shoulder strap for wearing as a crossbody bag. Height x Length x Width: 35 x 32 x 11 cm. / 13.7 x 12.5 x 4.3″Special STUDIO SUMMER collection.View more
297,SOFT WOVEN TOTE BAG,https://www.zara.com/in/en/soft-woven-tote-bag-p13317120.html,"[{'https://static.zara.net/photos///2023/I/1/1/p/3317/120/800/36/w/0/3317120800_1_1_1.jpg?ts=1688035805938': 'Image 0 of SOFT WOVEN TOTE BAG from Zara'}, {'https://static.zara.net/photos///2023/I/1/2/p/3317/120/800/2/w/448/3317120800_6_1_1.jpg?ts=1689785260449': 'Image 1 of SOFT WOVEN TOTE BAG from Zara'}]",2890,Tote bag. Soft construction in a combination of different woven designs. Flat inner pocket. Top handles and shoulder strap for wearing as a crossbody bag. Height x Length x Width: 35 x 32 x 11 cm. / 13.7 x 12.5 x 4.3″View more
298,SOFT WOVEN MINI CROSSBODY BAG,https://www.zara.com/in/en/soft-woven-mini-crossbody-bag-p13642120.html,"[{'https://static.zara.net/photos///2023/V/1/2/p/3642/120/107/2/w/448/3642120107_2_1_1.jpg?ts=1684317205433': 'Image 0 of SOFT WOVEN MINI CROSSBODY BAG from Zara'}, {'https://static.zara.net/photos///2023/V/1/2/p/3642/120/107/2/w/448/3642120107_2_2_1.jpg?ts=1684317205348': 'Image 1 of SOFT WOVEN MINI CROSSBODY BAG from Zara'}]",2590,Crossbody bag. Soft construction in a combination of different woven designs. Main compartment without closure. Long adjustable crossbody strap. Height x Length x Width: 20 x 19 x 6 cm. / 7.8 x 7.4 x 2.3″View more
300,TEXTURED RIGID SUITCASE,https://www.zara.com/in/en/textured-rigid-suitcase-p13001920.html,"[{'https://static.zara.net/photos///2023/I/1/1/p/3001/120/070/502/w/448/3001120070_6_1_1.jpg?ts=1684846781210': 'Image 0 of TEXTURED RIGID SUITCASE from Zara'}, {'https://static.zara.net/photos///2023/I/1/1/p/3001/120/070/502/w/448/3001120070_6_2_1.jpg?ts=1684846784867': 'Image 1 of TEXTURED RIGID SUITCASE from Zara'}]",9590,Rigid travel suitcase. The main compartment has double zip closure. Interior with separator with zip closure and adjustable straps for organising luggage. Top handle and extendible pull tab. Four swivel wheels.Height x Length x Width: 55 x 40 x 20 cm. / 21.6 x 15.7 x 7.8″View more
303,CROSSBODY BAG WITH FOLDOVER FLAP,https://www.zara.com/in/en/crossbody-bag-with-foldover-flap-p13648020.html,"[{'https://static.zara.net/photos///2023/V/1/2/p/3648/020/800/2/w/448/3648020800_2_1_1.jpg?ts=1683541806049': 'Image 0 of CROSSBODY BAG WITH FOLDOVER FLAP from Zara'}, {'https://static.zara.net/photos///2023/V/1/2/p/3648/020/800/2/w/448/3648020800_2_2_1.jpg?ts=1683541806108': 'Image 1 of CROSSBODY BAG WITH FOLDOVER FLAP from Zara'}]",2890,"Crossbody bag. Main compartment with flap and double magnetic closure. The inside features two pockets, one with zip closure. Plain design. Matching adjustable shoulder strap.Height x Length x Width 13 x 20 x 5 cm. / 5.1 x 7.8 x 1.9″View more"
306,MINI CROSSBODY BAG,https://www.zara.com/in/en/mini-crossbody-bag-p13632120.html,"[{'https://static.zara.net/photos///2023/I/1/2/p/3632/120/400/2/w/448/3632120400_2_1_1.jpg?ts=1684753832309': 'Image 0 of MINI CROSSBODY BAG from Zara'}, {'https://static.zara.net/photos///2023/I/1/2/p/3632/120/400/2/w/448/3632120400_2_2_1.jpg?ts=1684753832717': 'Image 1 of MINI CROSSBODY BAG from Zara'}]",2590,Crossbody bag. The main compartment closes with a zip and its interior has a mesh pocket with no closure. Front pocket with a zip. It has an adjustable and detachable shoulder strap.Height x Length x Width 12 x 18 x 4 cm. / 4.7 x 7.0 x 1.5″View more
308,TIE-DYE BACKPACK,https://www.zara.com/in/en/tie-dye-backpack-p13235220.html,"[{'https://static.zara.net/photos///2023/I/1/2/p/3235/220/400/2/w/448/3235220400_6_1_1.jpg?ts=1691148417508': 'Image 0 of TIE-DYE BACKPACK from Zara'}, {'https://static.zara.net/photos///2023/I/1/2/p/3235/220/400/2/w/448/3235220400_6_2_1.jpg?ts=1691148417502': 'Image 1 of TIE-DYE BACKPACK from Zara'}]",3290,Canvas backpack. The main compartment closes with a zip and its interior has a space for electronic devices of up to 13 inches and a pocket with zip closure. On the front there is a medium pocket with zip closure. The back is padded. It has one handle and two adjustable padded shoulder straps.Height x Length x Width: 39 x 31 x 14.5 cm.View more
310,FADED CANVAS BACKPACK,https://www.zara.com/in/en/faded-canvas-backpack-p13234220.html,"[{'https://static.zara.net/photos///2023/I/1/2/p/3234/220/500/2/w/448/3234220500_6_1_1.jpg?ts=1692192266697': 'Image 0 of FADED CANVAS BACKPACK from Zara'}, {'https://static.zara.net/photos///2023/I/1/2/p/3234/220/500/2/w/448/3234220500_6_2_1.jpg?ts=1692192266744': 'Image 1 of FADED CANVAS BACKPACK from Zara'}]",3290,Faded-effect canvas backpack. The main compartment closes with a zip and its interior has a space for electronic devices of up to 13 inches and a pocket with zip closure. On the front there is a medium pocket with zip closure. The back is padded. It has one handle and two adjustable padded shoulder straps.Height x Length x Width: 39 x 31 x 14.5 cm.View more
316,MINI NYLON MESSENGER BAG,https://www.zara.com/in/en/mini-nylon-messenger-bag-p13630220.html,"[{'https://static.zara.net/photos///2023/I/1/2/p/3630/220/120/2/w/448/3630220120_6_1_1.jpg?ts=1691752920872': 'Image 0 of MINI NYLON MESSENGER BAG from Zara'}, {'https://static.zara.net/photos///2023/I/1/2/p/3630/220/120/2/w/448/3630220120_6_2_1.jpg?ts=1691752920881': 'Image 1 of MINI NYLON MESSENGER BAG from Zara'}]",2590,Crossbody bag. Plain design. Main compartment with flap and manual closure. The inside features a small mesh pocket. Matching adjustable shoulder strap.Height x Length x Width 15 x 20 x 6 cm. / 5.9 x 7.8 x 2.3″View more
317,MINI NYLON MESSENGER BAG,https://www.zara.com/in/en/mini-nylon-messenger-bag-p13902220.html,"[{'https://static.zara.net/photos///2023/I/1/2/p/3902/220/032/2/w/448/3902220032_6_1_1.jpg?ts=1688726746043': 'Image 0 of MINI NYLON MESSENGER BAG from Zara'}, {'https://static.zara.net/photos///2023/I/1/2/p/3902/220/032/2/w/448/3902220032_6_2_1.jpg?ts=1688726745996': 'Image 1 of MINI NYLON MESSENGER BAG from Zara'}]",1590,Crossbody bag. Soft design. The main compartment is under the flap and fastens with a metal hook. Adjustable strap.Height x Length x Width: 16.5 x 11.5 x 3 cm. / 6.4 x 4.5 x 1.1″View more
319,NYLON BRIEFCASE,https://www.zara.com/in/en/nylon-briefcase-p13405220.html,"[{'https://static.zara.net/photos///2023/I/1/2/p/3405/220/800/2/w/448/3405220800_6_1_1.jpg?ts=1692706013172': 'Image 0 of NYLON BRIEFCASE from Zara'}, {'https://static.zara.net/photos///2023/I/1/2/p/3405/220/800/2/w/448/3405220800_6_2_1.jpg?ts=1692706013163': 'Image 1 of NYLON BRIEFCASE from Zara'}]",2890,"Monochrome briefcase. Plain technical fabric exterior. Main compartment with different spaces, one of which is specific and quilted for electronic devices and laptops of up to 13 inches. Flap with buckle fastening. Features a pocket with hidden magnetic closure at the back. Adjustable shoulder strap.Height x Length x Width 27 x 36 x 10 cm.View more"
320,NYLON BACKPACK,https://www.zara.com/in/en/nylon-backpack-p13214220.html,"[{'https://static.zara.net/photos///2023/I/1/2/p/3214/220/800/2/w/448/3214220800_6_1_1.jpg?ts=1688554492477': 'Image 0 of NYLON BACKPACK from Zara'}, {'https://static.zara.net/photos///2023/I/1/2/p/3214/220/800/2/w/448/3214220800_6_2_1.jpg?ts=1688554492481': 'Image 1 of NYLON BACKPACK from Zara'}]",2990,"Monochrome backpack. Soft design. The main compartment fastens with a zip and has two pockets inside, one with zip closure and a flat one with no closure. On the front there is a pocket with metal hook fastening. The back is padded and has fastening to attach it to luggage. Handle and two adjustable and breathable padded shoulder straps.Height x Length x Width: 40 x 27 x 15 cm. / 15.7 x 10.6 x 5.9″View more"
328,CROSSBODY BUCKET BAG,https://www.zara.com/in/en/crossbody-bucket-bag-p13618220.html,"[{'https://static.zara.net/photos///2023/I/1/2/p/3618/220/800/2/w/448/3618220800_2_1_1.jpg?ts=1690472295687': 'Image 0 of CROSSBODY BUCKET BAG from Zara'}, {'https://static.zara.net/photos///2023/I/1/2/p/3618/220/800/2/w/448/3618220800_2_2_1.jpg?ts=1690472298335': 'Image 1 of CROSSBODY BUCKET BAG from Zara'}]",2890,"Crossbody bag. Soft design. Main compartment with gathered drawstring closure and a small flat pocket on the inside. Flat adjustable shoulder strap, which can be worn crossbody style. Height x Length: 33 x 27 cm. / 12.9 x 10.6″View more"
333,CROSSBODY BAG WITH FLAP,https://www.zara.com/in/en/crossbody-bag-with-flap-p13631220.html,"[{'https://static.zara.net/photos///2023/I/1/2/p/3631/220/800/2/w/448/3631220800_6_1_1.jpg?ts=1691506702541': 'Image 0 of CROSSBODY BAG WITH FLAP from Zara'}, {'https://static.zara.net/photos///2023/I/1/2/p/3631/220/800/2/w/448/3631220800_6_2_1.jpg?ts=1691506702479': 'Image 1 of CROSSBODY BAG WITH FLAP from Zara'}]",2890,"Crossbody bag. Featuring four pockets under the flap, one of which fastens with a zip. Adjustable shoulder strap.Height x Length x Width: 13 x 19.5 x 7 cm. / 5.1 x 7.6 x 2.7″View more"
334,MINI CROSSBODY BAG WITH ASYMMETRIC FLAP,https://www.zara.com/in/en/mini-crossbody-bag-with-asymmetric-flap-p13632220.html,"[{'https://static.zara.net/photos///2023/I/1/2/p/3632/220/800/2/w/448/3632220800_6_1_1.jpg?ts=1692787344689': 'Image 0 of MINI CROSSBODY BAG WITH ASYMMETRIC FLAP from Zara'}, {'https://static.zara.net/photos///2023/I/1/2/p/3632/220/800/2/w/448/3632220800_6_2_1.jpg?ts=1692787344685': 'Image 1 of MINI CROSSBODY BAG WITH ASYMMETRIC FLAP from Zara'}]",2590,Crossbody bag. Main compartment with flap and double magnetic closure. The inside features a zip pocket. Plain exterior. Topstitching detail on the exterior. Features a small flat pocket at the back. Adjustable matching shoulder strap.Length x Height x Width: 20 x 13.5 x 5 cm. / 7.8 x 5.3 x 1.9″View more
335,SOFT TOTE BAG WITH DOUBLE POCKET,https://www.zara.com/in/en/soft-tote-bag-with-double-pocket-p13104220.html,"[{'https://static.zara.net/photos///2023/I/1/2/p/3104/220/800/2/w/448/3104220800_2_1_1.jpg?ts=1685708659866': 'Image 0 of SOFT TOTE BAG WITH DOUBLE POCKET from Zara'}, {'https://static.zara.net/photos///2023/I/1/2/p/3104/220/800/2/w/448/3104220800_2_2_1.jpg?ts=1685708659886': 'Image 1 of SOFT TOTE BAG WITH DOUBLE POCKET from Zara'}]",3990,Tote bag. Main compartment with zip closure. Small pocket on the inside with zip closure. On the front there are two pockets with hidden magnetic closures. Two handles and a detachable and adjustable shoulder strap.Height x Length x Width: 40 x 38 x 9 cm / 15.7 x 14.9 x 3.5″View more
337,XL SOFT TOTE BAG,https://www.zara.com/in/en/xl-soft-tote-bag-p13330220.html,"[{'https://static.zara.net/photos///2023/I/1/2/p/3330/220/800/2/w/448/3330220800_6_1_1.jpg?ts=1690817759154': 'Image 0 of XL SOFT TOTE BAG from Zara'}, {'https://static.zara.net/photos///2023/I/1/2/p/3330/220/800/2/w/448/3330220800_6_2_1.jpg?ts=1690817759246': 'Image 1 of XL SOFT TOTE BAG from Zara'}]",3290,"Tote bag. Soft construction. Main compartment without closure. Its interior features a small flat pocket without closure. Two adjustable handles.Height x Length x Width 43,5 x 48 x 15 cm. / 17.1 x 18.8 x 5.9″View more"
338,EMBOSSED BACKPACK,https://www.zara.com/in/en/embossed-backpack-p13243220.html,"[{'https://static.zara.net/photos///2023/I/1/2/p/3243/220/800/2/w/448/3243220800_2_1_1.jpg?ts=1692627348613': 'Image 0 of EMBOSSED BACKPACK from Zara'}, {'https://static.zara.net/photos///2023/I/1/2/p/3243/220/800/2/w/448/3243220800_2_2_1.jpg?ts=1692627350428': 'Image 1 of EMBOSSED BACKPACK from Zara'}]",4990,"Monochrome backpack with an embossed exterior. The main compartment closes with a zip and its interior has two pockets, one of which is large for electronic devices of up to 13 inches and another with a zip. On the front there is a medium pocket with zip closure. The back is padded. Top handle, two adjustable padded shoulder straps and a luggage tag. Height x Length x Width: 43 x 31 x 15 cm.View more"
339,EMBOSSED BOWLING BAG WITH POCKETS,https://www.zara.com/in/en/embossed-bowling-bag-with-pockets-p13110220.html,"[{'https://static.zara.net/photos///2023/I/1/2/p/3110/220/800/2/w/448/3110220800_6_1_1.jpg?ts=1689675460902': 'Image 0 of EMBOSSED BOWLING BAG WITH POCKETS from Zara'}, {'https://static.zara.net/photos///2023/I/1/2/p/3110/220/800/2/w/448/3110220800_6_2_1.jpg?ts=1689675460931': 'Image 1 of EMBOSSED BOWLING BAG WITH POCKETS from Zara'}]",5990,Bowling bag. Embossed detailing on the exterior. The main compartment has a double zip closure and the inside has a zip pocket. Featuring two medium-sized front pockets and zip fastening. Side pockets with no fastening. Featuring two handles and a matching adjustable and detachable shoulder strap.Height x Length x Width 30 x 50 x 20 cm. / 11.8 x 19.6 x 7.8″View more
340,RUBBERISED BACKPACK WITH FLAP,https://www.zara.com/in/en/rubberised-backpack-with-flap-p13211220.html,"[{'https://static.zara.net/photos///2023/I/1/2/p/3211/220/107/2/w/448/3211220107_2_1_1.jpg?ts=1689941743116': 'Image 0 of RUBBERISED BACKPACK WITH FLAP from Zara'}, {'https://static.zara.net/photos///2023/I/1/2/p/3211/220/107/2/w/448/3211220107_2_2_1.jpg?ts=1689941744467': 'Image 1 of RUBBERISED BACKPACK WITH FLAP from Zara'}]",2990,Backpack with a rubberised finish. The main compartment folds towards the front and closes with a zip and clip buckle. The inside has a zip pocket. The front has a zip pocket. Handle and two adjustable and breathable shoulder straps. The back is padded and breathable for improved comfort during use.Height x Length x Width 40 x 30 x 15 cm. / 15.7 x 11.8 x 5.9″View more
347,COMBINED BACKPACK WITH FLAP,https://www.zara.com/in/en/combined-backpack-with-flap-p13209221.html,"[{'https://static.zara.net/photos///2023/V/1/2/p/3209/220/400/2/w/448/3209220400_2_1_1.jpg?ts=1683289817172': 'Image 0 of COMBINED BACKPACK WITH FLAP from Zara'}, {'https://static.zara.net/photos///2023/V/1/2/p/3209/220/400/2/w/448/3209220400_2_2_1.jpg?ts=1683289817238': 'Image 1 of COMBINED BACKPACK WITH FLAP from Zara'}]",3290,Backpack in a combination of materials. The main compartment folds towards the front and closes with a zip and clip buckle. The inside has a zip pocket. The front has a flap pocket. The handle and two adjustable and breathable shoulder straps. The back is padded and breathable for improved comfort during use. Height x Length x Width: 40 x 30 x 15 cm. / 15.7 x 11.8 x 5.9″View more
358,SOFT XL CROSSBODY BAG,https://www.zara.com/in/en/soft-xl-crossbody-bag-p13307220.html,"[{'https://static.zara.net/photos///2023/V/1/2/p/3307/220/800/2/w/448/3307220800_2_1_1.jpg?ts=1682521166161': 'Image 0 of SOFT XL CROSSBODY BAG from Zara'}, {'https://static.zara.net/photos///2023/V/1/2/p/3307/220/800/2/w/0/3307220800_2_2_1.jpg?ts=1682521168673': 'Image 1 of SOFT XL CROSSBODY BAG from Zara'}]",2890,Crossbody bag. Monochrome. Plain design. Soft construction. The main pocket has double zip closure. The inside has a zip pocket. Adjustable shoulder strap.Height x Length x Width 38 x 42 x 5 cm. / 14.9 x 16.5 x 1.9″View more
