,product_name,link, product_images,price,details
0,HEAT-REACTIVE PRINT T-SHIRT,https://www.zara.com/in/en/heat-reactive-print-t-shirt-p03992321.html,"[{'https://static.zara.net/photos///2023/I/0/2/p/3992/321/802/2/w/448/3992321802_1_1_1.jpg?ts=1692951284701': 'Image 0 of HEAT-REACTIVE PRINT T-SHIRT from Zara'}, {'https://static.zara.net/photos///2023/I/0/2/p/3992/321/802/2/w/448/3992321802_2_1_1.jpg?ts=1692951287543': 'Image 1 of HEAT-REACTIVE PRINT T-SHIRT from Zara'}]",2290,Loose-fitting T-shirt with a round neck and short sleeves. Featuring a front print that changes colour when exposed to heat.
3,T-SHIRT WITH SUNLIGHT-REACTIVE SLOGAN,https://www.zara.com/in/en/t-shirt-with-sunlight-reactive-slogan-p03992319.html,"[{'https://static.zara.net/photos///2023/I/0/2/p/3992/319/982/2/w/448/3992319982_1_1_1.jpg?ts=1692951283852': 'Image 0 of T-SHIRT WITH SUNLIGHT-REACTIVE SLOGAN from Zara'}, {'https://static.zara.net/photos///2023/I/0/2/p/3992/319/982/2/w/448/3992319982_2_1_1.jpg?ts=1692951288053': 'Image 1 of T-SHIRT WITH SUNLIGHT-REACTIVE SLOGAN from Zara'}]",2290,Loose-fitting T-shirt with a round neck and short sleeves. Featuring a front slogan print that appears when exposed to sunlight.
6,SWEATSHIRT WITH PRINTED SLOGANS,https://www.zara.com/in/en/sweatshirt-with-printed-slogans-p00722355.html,"[{'https://static.zara.net/photos///2023/I/0/2/p/0722/355/802/2/w/448/0722355802_1_1_1.jpg?ts=1692951281874': 'Image 0 of SWEATSHIRT WITH PRINTED SLOGANS from Zara'}, {'https://static.zara.net/photos///2023/I/0/2/p/0722/355/802/2/w/448/0722355802_2_1_1.jpg?ts=1692951290853': 'Image 1 of SWEATSHIRT WITH PRINTED SLOGANS from Zara'}]",2990,Loose-fitting sweatshirt with a round neck and short sleeves. Featuring a contrast slogan print all over the garment.
7,CONTRAST PRINTED T-SHIRT,https://www.zara.com/in/en/contrast-printed-t-shirt-p06224298.html,"[{'https://static.zara.net/photos///2023/I/0/2/p/6224/298/251/2/w/448/6224298251_1_1_1.jpg?ts=1692951283692': 'Image 0 of CONTRAST PRINTED T-SHIRT from Zara'}, {'https://static.zara.net/photos///2023/I/0/2/p/6224/298/251/2/w/448/6224298251_2_1_1.jpg?ts=1692951287258': 'Image 1 of CONTRAST PRINTED T-SHIRT from Zara'}]",2290,T-shirt with a round neckline and short sleeves. Contrast prints on the front and back.
9,SWEATSHIRT WITH EMBROIDERY AND SLOGANS,https://www.zara.com/in/en/sweatshirt-with-embroidery-and-slogans-p06224297.html,"[{'https://static.zara.net/photos///2023/I/0/2/p/6224/297/251/2/w/448/6224297251_1_1_1.jpg?ts=1692960481437': 'Image 0 of SWEATSHIRT WITH EMBROIDERY AND SLOGANS from Zara'}, {'https://static.zara.net/photos///2023/I/0/2/p/6224/297/251/2/w/448/6224297251_2_1_1.jpg?ts=1692960481868': 'Image 1 of SWEATSHIRT WITH EMBROIDERY AND SLOGANS from Zara'}]",2990,Round neck sweatshirt with short sleeves. Contrast embroidery and prints on the front and back. Ribbed trims.
11,FADED PRINTED T-SHIRT,https://www.zara.com/in/en/faded-printed-t-shirt-p06224389.html,"[{'https://static.zara.net/photos///2023/I/0/2/p/6224/389/700/2/w/448/6224389700_6_1_1.jpg?ts=1692862301874': 'Image 0 of FADED PRINTED T-SHIRT from Zara'}, {'https://static.zara.net/photos///2023/I/0/2/p/6224/389/700/2/w/448/6224389700_6_2_1.jpg?ts=1692862301639': 'Image 1 of FADED PRINTED T-SHIRT from Zara'}]",2290,"Round neck T-shirt with short sleeves. Contrast print on the front. Vintage faded effect.The garment is unique thanks to its special washing process. For this reason, it may differ in colour from that of the photo.View more"
12,FADED COLOURED T-SHIRT,https://www.zara.com/in/en/faded-coloured-t-shirt-p06462353.html,"[{'https://static.zara.net/photos///2023/I/0/2/p/6462/353/802/2/w/448/6462353802_6_1_1.jpg?ts=1692862301679': 'Image 0 of FADED COLOURED T-SHIRT from Zara'}, {'https://static.zara.net/photos///2023/I/0/2/p/6462/353/802/2/w/448/6462353802_6_2_1.jpg?ts=1692862301964': 'Image 1 of FADED COLOURED T-SHIRT from Zara'}]",2290,"Loose-fitting faded T-shirt with a round neckline and short sleeves.The garment is unique thanks to its special dyeing and washing process. For this reason, it may differ in colour from that of the photo.View more"
13,TIE-DYE PRINTED T-SHIRT,https://www.zara.com/in/en/tie-dye-printed-t-shirt-p01259350.html,"[{'https://static.zara.net/photos///2023/I/0/2/p/1259/350/629/2/w/448/1259350629_6_1_1.jpg?ts=1692862302411': 'Image 0 of TIE-DYE PRINTED T-SHIRT from Zara'}, {'https://static.zara.net/photos///2023/I/0/2/p/1259/350/629/2/w/448/1259350629_6_2_1.jpg?ts=1692862301895': 'Image 1 of TIE-DYE PRINTED T-SHIRT from Zara'}]",2290,"Loose-fitting T-shirt with a round neckline and short sleeves. Creased effect.The garment is unique thanks to its special printing process. For this reason, it may differ in colour from that of the photo.View more"
14,ACID WASH PRINT T-SHIRT,https://www.zara.com/in/en/acid-wash-print-t-shirt-p06224390.html,"[{'https://static.zara.net/photos///2023/I/0/2/p/6224/390/519/2/w/448/6224390519_6_1_1.jpg?ts=1692862509221': 'Image 0 of ACID WASH PRINT T-SHIRT from Zara'}, {'https://static.zara.net/photos///2023/I/0/2/p/6224/390/519/2/w/448/6224390519_6_2_1.jpg?ts=1692862509873': 'Image 1 of ACID WASH PRINT T-SHIRT from Zara'}]",2290,"Acid wash T-shirt with round neck and short sleeves.The garment is unique thanks to its special washing process. For this reason, it may differ in colour from that of the photo.View more"
15,SLOGAN PRINT T-SHIRT,https://www.zara.com/in/en/slogan-print-t-shirt-p06224391.html,"[{'https://static.zara.net/photos///2023/I/0/2/p/6224/391/807/2/w/448/6224391807_6_1_1.jpg?ts=1692718467568': 'Image 0 of SLOGAN PRINT T-SHIRT from Zara'}, {'https://static.zara.net/photos///2023/I/0/2/p/6224/391/807/2/w/448/6224391807_6_2_1.jpg?ts=1692715182490': 'Image 1 of SLOGAN PRINT T-SHIRT from Zara'}]",2290,Faded T-shirt with a round neck and short sleeves. Contrast print on the front.
16,BASIC SLIM FIT T-SHIRT,https://www.zara.com/in/en/basic-slim-fit-t-shirt-p05584461.html,"[{'https://static.zara.net/photos///2023/V/0/1/p/5584/461/250/2/w/448/5584461250_2_1_1.jpg?ts=1675790634469': 'Image 0 of BASIC SLIM FIT T-SHIRT from Zara'}, {'https://static.zara.net/photos///2023/V/0/1/p/5584/461/250/2/w/448/5584461250_2_2_1.jpg?ts=1675790639049': 'Image 1 of BASIC SLIM FIT T-SHIRT from Zara'}]",990,Stretch cotton T-shirt featuring a round neck and short sleeves.
31,SLOGAN PRINT T-SHIRT,https://www.zara.com/in/en/slogan-print-t-shirt-p01165315.html,"[{'https://static.zara.net/photos///2023/I/0/2/p/1165/315/643/2/w/448/1165315643_1_1_1.jpg?ts=1692780184438': 'Image 0 of SLOGAN PRINT T-SHIRT from Zara'}, {'https://static.zara.net/photos///2023/I/0/2/p/1165/315/643/2/w/448/1165315643_2_1_1.jpg?ts=1692780185667': 'Image 1 of SLOGAN PRINT T-SHIRT from Zara'}]",2290,Loose-fitting T-shirt with a round neck and short sleeves. Contrast front print.
33,WATERCOLOUR PRINT T-SHIRT,https://www.zara.com/in/en/watercolour-print-t-shirt-p00495335.html,"[{'https://static.zara.net/photos///2023/I/0/2/p/0495/335/251/2/w/448/0495335251_1_1_1.jpg?ts=1692786484399': 'Image 0 of WATERCOLOUR PRINT T-SHIRT from Zara'}, {'https://static.zara.net/photos///2023/I/0/2/p/0495/335/251/2/w/448/0495335251_2_1_1.jpg?ts=1692786484748': 'Image 1 of WATERCOLOUR PRINT T-SHIRT from Zara'}]",2290,Oversize round neck T-shirt with short sleeves. Contrast prints on the front and back.
37,PREMIUM SWEATSHIRT,https://www.zara.com/in/en/premium-sweatshirt-p00761438.html,"[{'https://static.zara.net/photos///2023/I/0/2/p/0761/438/401/2/w/448/0761438401_1_1_1.jpg?ts=1692951284259': 'Image 0 of PREMIUM SWEATSHIRT from Zara'}, {'https://static.zara.net/photos///2023/I/0/2/p/0761/438/401/2/w/448/0761438401_2_1_1.jpg?ts=1692951288530': 'Image 1 of PREMIUM SWEATSHIRT from Zara'}]",2590,Loose-fitting sweatshirt with a wide ribbed neck and short sleeves.
45,RIBBED SWEATSHIRT,https://www.zara.com/in/en/ribbed-sweatshirt-p05039501.html,"[{'https://static.zara.net/photos///2023/I/0/2/p/5039/501/251/2/w/448/5039501251_1_1_1.jpg?ts=1692956951377': 'Image 0 of RIBBED SWEATSHIRT from Zara'}, {'https://static.zara.net/photos///2023/I/0/2/p/5039/501/251/2/w/0/5039501251_2_1_1.jpg?ts=1692956953102': 'Image 1 of RIBBED SWEATSHIRT from Zara'}]",2990,Short sleeve sweatshirt with a round neck.
47,TEXTURED T-SHIRT,https://www.zara.com/in/en/textured-t-shirt-p03992324.html,"[{'https://static.zara.net/photos///2023/I/0/2/p/3992/324/707/2/w/448/3992324707_1_1_1.jpg?ts=1690536390808': 'Image 0 of TEXTURED T-SHIRT from Zara'}, {'https://static.zara.net/photos///2023/I/0/2/p/3992/324/707/2/w/448/3992324707_2_1_1.jpg?ts=1690536390543': 'Image 1 of TEXTURED T-SHIRT from Zara'}]",2590,Round neck T-shirt with short sleeves.
50,T-SHIRT WITH EMBROIDERED SLOGAN,https://www.zara.com/in/en/t-shirt-with-embroidered-slogan-p06224385.html,"[{'https://static.zara.net/photos///2023/I/0/1/p/6224/385/802/2/w/448/6224385802_1_1_1.jpg?ts=1692617071638': 'Image 0 of T-SHIRT WITH EMBROIDERED SLOGAN from Zara'}, {'https://static.zara.net/photos///2023/I/0/1/p/6224/385/802/2/w/448/6224385802_2_1_1.jpg?ts=1692617071742': 'Image 1 of T-SHIRT WITH EMBROIDERED SLOGAN from Zara'}]",2590,Loose-fitting T-shirt with a round neckline and short sleeves. Embroidered contrast slogan on the front.
51,T-SHIRT WITH EMBROIDERED SLOGAN,https://www.zara.com/in/en/t-shirt-with-embroidered-slogan-p03992331.html,"[{'https://static.zara.net/photos///2023/I/0/2/p/3992/331/250/2/w/448/3992331250_1_1_1.jpg?ts=1691483159578': 'Image 0 of T-SHIRT WITH EMBROIDERED SLOGAN from Zara'}, {'https://static.zara.net/photos///2023/I/0/2/p/3992/331/250/2/w/448/3992331250_2_1_1.jpg?ts=1691483158315': 'Image 1 of T-SHIRT WITH EMBROIDERED SLOGAN from Zara'}]",2590,Wide T-shirt with a round neck and short sleeves. Featuring front matching hemstitch and embroidered slogan. Asymmetric hem with side vents.
52,T-SHIRT WITH CALLIGRAPHY PRINT,https://www.zara.com/in/en/t-shirt-with-calligraphy-print-p06224396.html,"[{'https://static.zara.net/photos///2023/I/0/2/p/6224/396/251/2/w/448/6224396251_1_1_1.jpg?ts=1692951288217': 'Image 0 of T-SHIRT WITH CALLIGRAPHY PRINT from Zara'}, {'https://static.zara.net/photos///2023/I/0/2/p/6224/396/251/2/w/448/6224396251_2_1_1.jpg?ts=1692951287876': 'Image 1 of T-SHIRT WITH CALLIGRAPHY PRINT from Zara'}]",2290,Loose-fitting round neck T-shirt with short sleeves. Contrast prints on the front and back. Contrast topstitched trims.
54,SWEATSHIRT WITH CONTRAST TRIMS,https://www.zara.com/in/en/sweatshirt-with-contrast-trims-p00761309.html,"[{'https://static.zara.net/photos///2023/I/0/2/p/0761/309/251/2/w/448/0761309251_1_1_1.jpg?ts=1685432803292': 'Image 0 of SWEATSHIRT WITH CONTRAST TRIMS from Zara'}, {'https://static.zara.net/photos///2023/I/0/2/p/0761/309/251/2/w/448/0761309251_2_1_1.jpg?ts=1685432803022': 'Image 1 of SWEATSHIRT WITH CONTRAST TRIMS from Zara'}]",3290,Loose-fitting sweatshirt with a round neck and short sleeves. Contrast piping details on the front and back. Ribbed trims.
56,CONTRAST PRINTED T-SHIRT,https://www.zara.com/in/en/contrast-printed-t-shirt-p00977305.html,"[{'https://static.zara.net/photos///2023/I/0/2/p/0977/305/800/2/w/448/0977305800_1_1_1.jpg?ts=1685027872389': 'Image 0 of CONTRAST PRINTED T-SHIRT from Zara'}, {'https://static.zara.net/photos///2023/I/0/2/p/0977/305/800/2/w/448/0977305800_2_1_1.jpg?ts=1685027872266': 'Image 1 of CONTRAST PRINTED T-SHIRT from Zara'}]",2290,Round neck T-shirt with short sleeves. Matching textured velvet print on the front.
58,CONTRAST PRINTED T-SHIRT,https://www.zara.com/in/en/contrast-printed-t-shirt-p06224386.html,"[{'https://static.zara.net/photos///2023/I/0/2/p/6224/386/250/3/w/448/6224386250_1_1_1.jpg?ts=1693233017533': 'Image 0 of CONTRAST PRINTED T-SHIRT from Zara'}, {'https://static.zara.net/photos///2023/I/0/2/p/6224/386/250/3/w/448/6224386250_2_1_1.jpg?ts=1693233017654': 'Image 1 of CONTRAST PRINTED T-SHIRT from Zara'}]",2290,Loose-fitting T-shirt made of cotton fabric. Round neck and short sleeves. Contrast reflective-effect prints on the front and back.Zara Athleticz.
60,HATTHANAN™ PRINT T-SHIRT,https://www.zara.com/in/en/hatthanan--print-t-shirt-p00761314.html,"[{'https://static.zara.net/photos///2023/I/0/2/p/0761/314/250/2/w/448/0761314250_1_1_1.jpg?ts=1691052738825': 'Image 0 of HATTHANAN™ PRINT T-SHIRT from Zara'}, {'https://static.zara.net/photos///2023/I/0/2/p/0761/314/250/2/w/448/0761314250_2_1_1.jpg?ts=1691052740956': 'Image 1 of HATTHANAN™ PRINT T-SHIRT from Zara'}]",2290,T-shirt made of cotton. Round neck and short sleeves. Contrast Hatthanan™ graphic print on the back.Zara Athleticz.
62,T-SHIRT WITH PRINTED LOGO,https://www.zara.com/in/en/t-shirt-with-printed-logo-p04274303.html,"[{'https://static.zara.net/photos///2023/I/0/2/p/4274/303/250/2/w/448/4274303250_6_1_1.jpg?ts=1692692960490': 'Image 0 of T-SHIRT WITH PRINTED LOGO from Zara'}, {'https://static.zara.net/photos///2023/I/0/2/p/4274/303/250/2/w/448/4274303250_6_2_1.jpg?ts=1692692960207': 'Image 1 of T-SHIRT WITH PRINTED LOGO from Zara'}]",2290,T-shirt made of a cotton fabric. Round neck and short sleeves. Contrast prints on the front and back.Zara Athleticz.
66,STRIPED T-SHIRT,https://www.zara.com/in/en/striped-t-shirt-p04092304.html,"[{'https://static.zara.net/photos///2023/I/0/2/p/4092/304/400/2/w/448/4092304400_1_1_1.jpg?ts=1692776632277': 'Image 0 of STRIPED T-SHIRT from Zara'}, {'https://static.zara.net/photos///2023/I/0/2/p/4092/304/400/2/w/448/4092304400_2_1_1.jpg?ts=1692776632878': 'Image 1 of STRIPED T-SHIRT from Zara'}]",2290,Loose-fitting T-shirt with round neckline and short sleeves.
67,STRIPED T-SHIRT,https://www.zara.com/in/en/striped-t-shirt-p06224355.html,"[{'https://static.zara.net/photos///2023/I/0/2/p/6224/355/710/2/w/448/6224355710_1_1_1.jpg?ts=1689926901097': 'Image 0 of STRIPED T-SHIRT from Zara'}, {'https://static.zara.net/photos///2023/I/0/2/p/6224/355/710/2/w/448/6224355710_2_1_1.jpg?ts=1689926901076': 'Image 1 of STRIPED T-SHIRT from Zara'}]",2290,Round neck T-shirt with short sleeves. Contrast embroidery on the chest.
71,CONTRAST PRINTED T-SHIRT,https://www.zara.com/in/en/contrast-printed-t-shirt-p01165326.html,"[{'https://static.zara.net/photos///2023/I/0/1/p/1165/326/805/2/w/448/1165326805_1_1_1.jpg?ts=1693218825953': 'Image 0 of CONTRAST PRINTED T-SHIRT from Zara'}, {'https://static.zara.net/photos///2023/I/0/2/p/1165/326/805/2/w/448/1165326805_2_1_1.jpg?ts=1693218816307': 'Image 1 of CONTRAST PRINTED T-SHIRT from Zara'}]",2290,Round neck T-shirt with short sleeves. Contrast prints on the front and back.
75,TEXTURED OTTOMAN T-SHIRT,https://www.zara.com/in/en/textured-ottoman-t-shirt-p04087480.html,"[{'https://static.zara.net/photos///2023/V/0/2/p/4087/480/807/2/w/448/4087480807_1_1_1.jpg?ts=1683122237773': 'Image 0 of TEXTURED OTTOMAN T-SHIRT from Zara'}, {'https://static.zara.net/photos///2023/V/0/2/p/4087/480/807/2/w/448/4087480807_2_1_1.jpg?ts=1683122237505': 'Image 1 of TEXTURED OTTOMAN T-SHIRT from Zara'}]",2290,Loose-fitting short sleeve T-shirt with a round neckline.
80,MUSCLE FIT KNIT T-SHIRT,https://www.zara.com/in/en/muscle-fit-knit-t-shirt-p06674302.html,"[{'https://static.zara.net/photos///2023/I/0/2/p/6674/302/822/2/w/448/6674302822_1_1_1.jpg?ts=1691150050171': 'Image 0 of MUSCLE FIT KNIT T-SHIRT from Zara'}, {'https://static.zara.net/photos///2023/I/0/2/p/6674/302/822/2/w/448/6674302822_2_1_1.jpg?ts=1691136024538': 'Image 1 of MUSCLE FIT KNIT T-SHIRT from Zara'}]",2990,Faded knit T-shirt with a round neckline and fitted short sleeves.
82,SWEATSHIRT WITH CONTRAST TOPSTITCHING,https://www.zara.com/in/en/sweatshirt-with-contrast-topstitching-p02795317.html,"[{'https://static.zara.net/photos///2023/I/0/2/p/2795/317/712/2/w/448/2795317712_1_1_1.jpg?ts=1692780185502': 'Image 0 of SWEATSHIRT WITH CONTRAST TOPSTITCHING from Zara'}, {'https://static.zara.net/photos///2023/I/0/2/p/2795/317/712/2/w/448/2795317712_2_1_1.jpg?ts=1692780185003': 'Image 1 of SWEATSHIRT WITH CONTRAST TOPSTITCHING from Zara'}]",2990,Loose-fitting sweatshirt with a round neck and short sleeves. Featuring contrast topstitching all over the garment.
84,RIPPED T-SHIRT,https://www.zara.com/in/en/ripped-t-shirt-p03665310.html,"[{'https://static.zara.net/photos///2023/I/0/2/p/3665/310/300/2/w/448/3665310300_1_1_1.jpg?ts=1692181731057': 'Image 0 of RIPPED T-SHIRT from Zara'}, {'https://static.zara.net/photos///2023/I/0/2/p/3665/310/300/2/w/448/3665310300_2_1_1.jpg?ts=1692181731330': 'Image 1 of RIPPED T-SHIRT from Zara'}]",2290,Loose-fitting T-shirt with a round neck and short sleeves. Faded effect. Rip details all over the garment.
85,RIPPED T-SHIRT,https://www.zara.com/in/en/ripped-t-shirt-p03992314.html,"[{'https://static.zara.net/photos///2023/I/0/2/p/3992/314/804/2/w/448/3992314804_1_1_1.jpg?ts=1688718275113': 'Image 0 of RIPPED T-SHIRT from Zara'}, {'https://static.zara.net/photos///2023/I/0/2/p/3992/314/804/2/w/448/3992314804_2_1_1.jpg?ts=1688718274631': 'Image 1 of RIPPED T-SHIRT from Zara'}]",2290,Loose-fitting T-shirt with a round neck and short sleeves. Rip details all over the garment.
86,TIE-DYE RIPPED KNIT T-SHIRT,https://www.zara.com/in/en/tie-dye-ripped-knit-t-shirt-p03166308.html,"[{'https://static.zara.net/photos///2023/I/0/2/p/3166/308/251/2/w/448/3166308251_1_1_1.jpg?ts=1689335547635': 'Image 0 of TIE-DYE RIPPED KNIT T-SHIRT from Zara'}, {'https://static.zara.net/photos///2023/I/0/2/p/3166/308/251/2/w/448/3166308251_2_1_1.jpg?ts=1689335547216': 'Image 1 of TIE-DYE RIPPED KNIT T-SHIRT from Zara'}]",3290,"Loose-fitting knit T-shirt with round neckline, short sleeves and ripped effect."
87,PRINTED RIPPED T-SHIRT,https://www.zara.com/in/en/printed-ripped-t-shirt-p03992302.html,"[{'https://static.zara.net/photos///2023/I/0/2/p/3992/302/802/2/w/448/3992302802_1_1_1.jpg?ts=1686729906677': 'Image 0 of PRINTED RIPPED T-SHIRT from Zara'}, {'https://static.zara.net/photos///2023/I/0/2/p/3992/302/802/2/w/448/3992302802_2_1_1.jpg?ts=1686729906514': 'Image 1 of PRINTED RIPPED T-SHIRT from Zara'}]",2290,T-shirt with a round neck and short sleeves. Contrast slogan print detail on the front and back. Ripped-effect details all over the garment.
88,RIPPED T-SHIRT WITH SLOGAN,https://www.zara.com/in/en/ripped-t-shirt-with-slogan-p06224392.html,"[{'https://static.zara.net/photos///2023/I/0/2/p/6224/392/826/2/w/448/6224392826_1_1_1.jpg?ts=1692776874359': 'Image 0 of RIPPED T-SHIRT WITH SLOGAN from Zara'}, {'https://static.zara.net/photos///2023/I/0/2/p/6224/392/826/2/w/448/6224392826_2_1_1.jpg?ts=1692776874544': 'Image 1 of RIPPED T-SHIRT WITH SLOGAN from Zara'}]",2290,Faded T-shirt with a round neck and short sleeves. Ripped effect. Contrast print on the back.
89,RIB NECK T-SHIRT,https://www.zara.com/in/en/rib-neck-t-shirt-p04442451.html,"[{'https://static.zara.net/photos///2023/I/0/2/p/4087/461/527/2/w/448/4087461527_1_1_1.jpg?ts=1692951282722': 'Image 0 of RIB NECK T-SHIRT from Zara'}, {'https://static.zara.net/photos///2023/I/0/2/p/4087/461/527/2/w/448/4087461527_2_1_1.jpg?ts=1692951287619': 'Image 1 of RIB NECK T-SHIRT from Zara'}]",2290,Loose-fitting T-shirt with a wide rib neckline and short sleeves.
95,KNIT T-SHIRT WITH VISCOSE,https://www.zara.com/in/en/knit-t-shirt-with-viscose-p00304406.html,"[{'https://static.zara.net/photos///2023/I/0/2/p/2621/406/700/2/w/448/2621406700_1_1_1.jpg?ts=1688108945153': 'Image 0 of KNIT T-SHIRT WITH VISCOSE from Zara'}, {'https://static.zara.net/photos///2023/I/0/2/p/2621/406/700/2/w/448/2621406700_2_1_1.jpg?ts=1688108945111': 'Image 1 of KNIT T-SHIRT WITH VISCOSE from Zara'}]",2590,Knit T-shirt made of a spun viscose blend. Round neck and short sleeves. Ribbed trims.
103,MUSCLE FIT RIBBED T-SHIRT,https://www.zara.com/in/en/muscle-fit-ribbed-t-shirt-p00977307.html,"[{'https://static.zara.net/photos///2023/I/0/2/p/0977/307/251/2/w/448/0977307251_1_1_1.jpg?ts=1686139354108': 'Image 0 of MUSCLE FIT RIBBED T-SHIRT from Zara'}, {'https://static.zara.net/photos///2023/I/0/2/p/0977/307/251/2/w/448/0977307251_2_1_1.jpg?ts=1686139354027': 'Image 1 of MUSCLE FIT RIBBED T-SHIRT from Zara'}]",2290,Slim fit T-shirt with a round neck and fitted short sleeves.
107,RIBBED TANK TOP,https://www.zara.com/in/en/ribbed-tank-top-p00679340.html,"[{'https://static.zara.net/photos///2023/I/0/2/p/0679/340/802/2/w/448/0679340802_6_1_1.jpg?ts=1688110917540': 'Image 0 of RIBBED TANK TOP from Zara'}, {'https://static.zara.net/photos///2023/I/0/2/p/0679/340/802/2/w/448/0679340802_6_2_1.jpg?ts=1688110916735': 'Image 1 of RIBBED TANK TOP from Zara'}]",1590,Sleeveless top with a wide round neckline.
112,GRAFFITI PRINT T-SHIRT,https://www.zara.com/in/en/graffiti-print-t-shirt-p06224387.html,"[{'https://static.zara.net/photos///2023/I/0/2/p/6224/387/611/2/w/448/6224387611_1_1_1.jpg?ts=1692181731674': 'Image 0 of GRAFFITI PRINT T-SHIRT from Zara'}, {'https://static.zara.net/photos///2023/I/0/2/p/6224/387/611/2/w/448/6224387611_2_1_1.jpg?ts=1692181732307': 'Image 1 of GRAFFITI PRINT T-SHIRT from Zara'}]",2290,T-shirt with a round neckline and short sleeves. Featuring a contrast prints on the front.
113,CONTRAST PRINTED T-SHIRT,https://www.zara.com/in/en/contrast-printed-t-shirt-p00962341.html,"[{'https://static.zara.net/photos///2023/I/0/2/p/0962/341/310/2/w/448/0962341310_1_1_1.jpg?ts=1692179833501': 'Image 0 of CONTRAST PRINTED T-SHIRT from Zara'}, {'https://static.zara.net/photos///2023/I/0/2/p/0962/341/310/2/w/448/0962341310_2_1_1.jpg?ts=1692179833804': 'Image 1 of CONTRAST PRINTED T-SHIRT from Zara'}]",2290,T-shirt with a round neck and short sleeves. Contrast prints on the front and back. Faded effect and ripped details all over the garment.
117,SKULL PRINT T-SHIRT,https://www.zara.com/in/en/skull-print-t-shirt-p06224377.html,"[{'https://static.zara.net/photos///2023/I/0/2/p/6224/377/044/2/w/448/6224377044_1_1_1.jpg?ts=1688718276127': 'Image 0 of SKULL PRINT T-SHIRT from Zara'}, {'https://static.zara.net/photos///2023/I/0/2/p/6224/377/044/2/w/448/6224377044_2_1_1.jpg?ts=1688718275658': 'Image 1 of SKULL PRINT T-SHIRT from Zara'}]",2290,Oversize round neck sleeveless T-shirt. Contrast print on the front and back.
119,PRINTED T-SHIRT,https://www.zara.com/in/en/printed-t-shirt-p00962322.html,"[{'https://static.zara.net/photos///2023/I/0/2/p/0962/322/615/2/w/448/0962322615_1_1_1.jpg?ts=1688718275344': 'Image 0 of PRINTED T-SHIRT from Zara'}, {'https://static.zara.net/photos///2023/I/0/2/p/0962/322/615/2/w/448/0962322615_2_1_1.jpg?ts=1688718276217': 'Image 1 of PRINTED T-SHIRT from Zara'}]",2290,Loose-fitting short sleeve T-shirt with a round neckline and a contrast print on the front.
121,T-SHIRT WITH EMBROIDERED SLOGAN,https://www.zara.com/in/en/t-shirt-with-embroidered-slogan-p03992311.html,"[{'https://static.zara.net/photos///2023/I/0/2/p/3992/311/629/2/w/448/3992311629_1_1_1.jpg?ts=1689760700872': 'Image 0 of T-SHIRT WITH EMBROIDERED SLOGAN from Zara'}, {'https://static.zara.net/photos///2023/I/0/2/p/3992/311/629/2/w/448/3992311629_2_1_1.jpg?ts=1689760702465': 'Image 1 of T-SHIRT WITH EMBROIDERED SLOGAN from Zara'}]",2290,T-shirt with a round neckline and short sleeves. Embroidered contrast slogan on the front.
122,ACID WASH T-SHIRT WITH SLOGAN,https://www.zara.com/in/en/acid-wash-t-shirt-with-slogan-p00722339.html,"[{'https://static.zara.net/photos///2023/I/0/2/p/0722/339/833/2/w/448/0722339833_1_1_1.jpg?ts=1689782771372': 'Image 0 of ACID WASH T-SHIRT WITH SLOGAN from Zara'}, {'https://static.zara.net/photos///2023/I/0/2/p/0722/339/833/2/w/448/0722339833_2_1_1.jpg?ts=1689760699598': 'Image 1 of ACID WASH T-SHIRT WITH SLOGAN from Zara'}]",2290,Loose-fitting T-shirt with a round neck and short sleeves. Contrast slogan print on the front.
123,SHIRT WITH CONTRAST SLOGAN,https://www.zara.com/in/en/shirt-with-contrast-slogan-p00495328.html,"[{'https://static.zara.net/photos///2023/I/0/2/p/0495/328/688/2/w/448/0495328688_1_1_1.jpg?ts=1691072084569': 'Image 0 of SHIRT WITH CONTRAST SLOGAN from Zara'}, {'https://static.zara.net/photos///2023/I/0/2/p/0495/328/688/2/w/448/0495328688_2_1_1.jpg?ts=1691072086323': 'Image 1 of SHIRT WITH CONTRAST SLOGAN from Zara'}]",2290,"Loose-fitting T-shirt featuring a round neck, short sleeves, a matching slogan print on the chest and a faded effect."
124,T-SHIRT WITH CONTRAST SLOGANS,https://www.zara.com/in/en/t-shirt-with-contrast-slogans-p00962318.html,"[{'https://static.zara.net/photos///2023/I/0/2/p/0962/318/250/2/w/448/0962318250_1_1_1.jpg?ts=1689782771648': 'Image 0 of T-SHIRT WITH CONTRAST SLOGANS from Zara'}, {'https://static.zara.net/photos///2023/I/0/2/p/0962/318/250/2/w/448/0962318250_2_1_1.jpg?ts=1689760699167': 'Image 1 of T-SHIRT WITH CONTRAST SLOGANS from Zara'}]",2290,Loose-fitting T-shirt with a round neck and short sleeves. Contrast slogan prints on the front.
126,SILVER PRINTED T-SHIRT,https://www.zara.com/in/en/silver-printed-t-shirt-p03992301.html,"[{'https://static.zara.net/photos///2023/I/0/2/p/3992/301/802/2/w/448/3992301802_1_1_1.jpg?ts=1686727297735': 'Image 0 of SILVER PRINTED T-SHIRT from Zara'}, {'https://static.zara.net/photos///2023/I/0/2/p/3992/301/802/2/w/448/3992301802_2_1_1.jpg?ts=1686727297710': 'Image 1 of SILVER PRINTED T-SHIRT from Zara'}]",2290,T-shirt with a round neckline and short sleeves. Contrast slogan print on the front and back.
128,SLOGAN PRINT T-SHIRT,https://www.zara.com/in/en/slogan-print-t-shirt-p03992313.html,"[{'https://static.zara.net/photos///2023/I/0/2/p/3992/313/802/2/w/448/3992313802_1_1_1.jpg?ts=1689171137424': 'Image 0 of SLOGAN PRINT T-SHIRT from Zara'}, {'https://static.zara.net/photos///2023/I/0/2/p/3992/313/802/2/w/448/3992313802_2_1_1.jpg?ts=1689171137456': 'Image 1 of SLOGAN PRINT T-SHIRT from Zara'}]",2290,Loose-fitting T-shirt with a round neck and short sleeves. Featuring contrast slogan prints all over the garment.
131,SLOGAN PRINT T-SHIRT,https://www.zara.com/in/en/slogan-print-t-shirt-p06224380.html,"[{'https://static.zara.net/photos///2023/I/0/2/p/6224/380/800/2/w/448/6224380800_1_1_1.jpg?ts=1690540908015': 'Image 0 of SLOGAN PRINT T-SHIRT from Zara'}, {'https://static.zara.net/photos///2023/I/0/2/p/6224/380/800/2/w/448/6224380800_2_1_1.jpg?ts=1690540908265': 'Image 1 of SLOGAN PRINT T-SHIRT from Zara'}]",2290,Round neck T-shirt with short sleeves. Contrast patch detail on the front. Contrast prints on the front and back.
135,T-SHIRT WITH PRINTED GRAPHICS,https://www.zara.com/in/en/t-shirt-with-printed-graphics-p00679302.html,"[{'https://static.zara.net/photos///2023/I/0/2/p/0679/302/710/2/w/448/0679302710_1_1_1.jpg?ts=1688564090229': 'Image 0 of T-SHIRT WITH PRINTED GRAPHICS from Zara'}, {'https://static.zara.net/photos///2023/I/0/2/p/0679/302/710/2/w/448/0679302710_2_1_1.jpg?ts=1688564090386': 'Image 1 of T-SHIRT WITH PRINTED GRAPHICS from Zara'}]",2290,Loose-fitting T-shirt with a round neck and short sleeves. Contrast prints on the front and sleeve.
136,PRINTED SWEATSHIRT WITH SLOGAN,https://www.zara.com/in/en/printed-sweatshirt-with-slogan-p05644301.html,"[{'https://static.zara.net/photos///2023/I/0/2/p/5644/301/403/2/w/448/5644301403_1_1_1.jpg?ts=1688546809649': 'Image 0 of PRINTED SWEATSHIRT WITH SLOGAN from Zara'}, {'https://static.zara.net/photos///2023/I/0/2/p/5644/301/403/2/w/448/5644301403_2_1_1.jpg?ts=1688546809535': 'Image 1 of PRINTED SWEATSHIRT WITH SLOGAN from Zara'}]",2990,Sweatshirt with a round neck and short sleeves. Featuring a contrast print on the front.
137,T-SHIRT WITH CONTRAST POCKET,https://www.zara.com/in/en/t-shirt-with-contrast-pocket-p03665302.html,"[{'https://static.zara.net/photos///2023/I/0/2/p/3665/302/800/2/w/448/3665302800_1_1_1.jpg?ts=1688555875761': 'Image 0 of T-SHIRT WITH CONTRAST POCKET from Zara'}, {'https://static.zara.net/photos///2023/I/0/2/p/3665/302/800/2/w/448/3665302800_2_1_1.jpg?ts=1688555875671': 'Image 1 of T-SHIRT WITH CONTRAST POCKET from Zara'}]",2290,Loose-fitting T-shirt with a round neck and short sleeves. Flap patch pocket on the chest.
138,SWEATSHIRT WITH PRINTED SLOGANS,https://www.zara.com/in/en/sweatshirt-with-printed-slogans-p06224342.html,"[{'https://static.zara.net/photos///2023/I/0/2/p/6224/342/712/2/w/448/6224342712_1_1_1.jpg?ts=1688546809912': 'Image 0 of SWEATSHIRT WITH PRINTED SLOGANS from Zara'}, {'https://static.zara.net/photos///2023/I/0/2/p/6224/342/712/2/w/448/6224342712_2_1_1.jpg?ts=1688546809984': 'Image 1 of SWEATSHIRT WITH PRINTED SLOGANS from Zara'}]",2990,Sweatshirt with a round neck and short sleeves. Contrast prints on the front and back.
141,SLOGAN PATCH T-SHIRT,https://www.zara.com/in/en/slogan-patch-t-shirt-p06224397.html,"[{'https://static.zara.net/photos///2023/I/0/2/p/6224/397/800/2/w/448/6224397800_1_1_1.jpg?ts=1692361199325': 'Image 0 of SLOGAN PATCH T-SHIRT from Zara'}, {'https://static.zara.net/photos///2023/I/0/2/p/6224/397/800/2/w/448/6224397800_2_1_1.jpg?ts=1692361199644': 'Image 1 of SLOGAN PATCH T-SHIRT from Zara'}]",2290,Loose-fitting T-shirt with a round neck and short sleeves. Patch with slogan printed on the chest.
142,PAPER PATCH SWEATSHIRT,https://www.zara.com/in/en/paper-patch-sweatshirt-p06224399.html,"[{'https://static.zara.net/photos///2023/I/0/2/p/6224/399/251/2/w/448/6224399251_1_1_1.jpg?ts=1692361198588': 'Image 0 of PAPER PATCH SWEATSHIRT from Zara'}, {'https://static.zara.net/photos///2023/I/0/2/p/6224/399/251/2/w/448/6224399251_2_1_1.jpg?ts=1692361198701': 'Image 1 of PAPER PATCH SWEATSHIRT from Zara'}]",3290,Loose-fitting sweatshirt with a round neck and short sleeves. Patch on the front made of kraft paper with a printed slogan. Irregular finish with contrast topstitching detail.
143,T-SHIRT WITH CONTRAST PATCH,https://www.zara.com/in/en/t-shirt-with-contrast-patch-p04092301.html,"[{'https://static.zara.net/photos///2023/I/0/2/p/4092/301/800/2/w/448/4092301800_1_1_1.jpg?ts=1688552338130': 'Image 0 of T-SHIRT WITH CONTRAST PATCH from Zara'}, {'https://static.zara.net/photos///2023/I/0/2/p/4092/301/800/2/w/448/4092301800_2_1_1.jpg?ts=1688552338355': 'Image 1 of T-SHIRT WITH CONTRAST PATCH from Zara'}]",2290,T-shirt with a round neck and short sleeves. Featuring a contrast patch on the front.
147,T-SHIRT WITH CONTRAST PATCH,https://www.zara.com/in/en/t-shirt-with-contrast-patch-p06224373.html,"[{'https://static.zara.net/photos///2023/I/0/2/p/6224/373/800/2/w/448/6224373800_1_1_1.jpg?ts=1690962643971': 'Image 0 of T-SHIRT WITH CONTRAST PATCH from Zara'}, {'https://static.zara.net/photos///2023/I/0/2/p/6224/373/800/2/w/448/6224373800_2_1_1.jpg?ts=1690962648319': 'Image 1 of T-SHIRT WITH CONTRAST PATCH from Zara'}]",2290,Oversize round neck T-shirt with short sleeves. Contrast patch and prints on the front and back.
149,EMBROIDERED TEXTURED T-SHIRT,https://www.zara.com/in/en/embroidered-textured-t-shirt-p06462321.html,"[{'https://static.zara.net/photos///2023/I/0/2/p/6462/321/712/2/w/448/6462321712_1_1_1.jpg?ts=1689150682236': 'Image 0 of EMBROIDERED TEXTURED T-SHIRT from Zara'}, {'https://static.zara.net/photos///2023/I/0/2/p/6462/321/712/2/w/448/6462321712_2_1_1.jpg?ts=1689150682351': 'Image 1 of EMBROIDERED TEXTURED T-SHIRT from Zara'}]",2290,T-shirt with a round neck and short sleeves. Contrast embroidery detail on the front.
154,THE NOTORIOUS B.I.G. © BROOKLYN MINT T-SHIRT,https://www.zara.com/in/en/the-notorious-b-i-g----brooklyn-mint-t-shirt-p02160302.html,"[{'https://static.zara.net/photos///2023/I/0/2/p/2160/302/800/2/w/448/2160302800_1_1_1.jpg?ts=1692200662245': 'Image 0 of THE NOTORIOUS B.I.G. © BROOKLYN MINT T-SHIRT from Zara'}, {'https://static.zara.net/photos///2023/I/0/2/p/2160/302/800/2/w/448/2160302800_2_1_1.jpg?ts=1692200662254': 'Image 1 of THE NOTORIOUS B.I.G. © BROOKLYN MINT T-SHIRT from Zara'}]",2590,"T-shirt with a round neckline and short sleeves. Notorious B.I.G. © Brooklyn Mint, LLC contrast graphics on the front and back."
159,SHIELD PRINT T-SHIRT,https://www.zara.com/in/en/shield-print-t-shirt-p06224379.html,"[{'https://static.zara.net/photos///2023/I/0/2/p/6224/379/600/2/w/448/6224379600_1_1_1.jpg?ts=1691151338083': 'Image 0 of SHIELD PRINT T-SHIRT from Zara'}, {'https://static.zara.net/photos///2023/I/0/2/p/6224/379/600/2/w/448/6224379600_2_1_1.jpg?ts=1691151338379': 'Image 1 of SHIELD PRINT T-SHIRT from Zara'}]",2290,Round neck T-shirt featuring short sleeves with contrast trims and a front print.
161,STRIPED T-SHIRT,https://www.zara.com/in/en/striped-t-shirt-p00722337.html,"[{'https://static.zara.net/photos///2023/I/0/2/p/0722/337/050/2/w/448/0722337050_1_1_1.jpg?ts=1691415874594': 'Image 0 of STRIPED T-SHIRT from Zara'}, {'https://static.zara.net/photos///2023/I/0/2/p/0722/337/050/2/w/448/0722337050_2_1_1.jpg?ts=1691415874338': 'Image 1 of STRIPED T-SHIRT from Zara'}]",2590,Round neck T-shirt with long sleeves.
162,EMBROIDERED T-SHIRT,https://www.zara.com/in/en/embroidered-t-shirt-p06224384.html,"[{'https://static.zara.net/photos///2023/I/0/2/p/6224/384/712/2/w/448/6224384712_1_1_1.jpg?ts=1691415871842': 'Image 0 of EMBROIDERED T-SHIRT from Zara'}, {'https://static.zara.net/photos///2023/I/0/2/p/6224/384/712/2/w/448/6224384712_2_1_1.jpg?ts=1691415874002': 'Image 1 of EMBROIDERED T-SHIRT from Zara'}]",2290,T-shirt with a round neckline and short sleeves. Contrast embroidery detail on the front.
164,CROPPED DENIM T-SHIRT,https://www.zara.com/in/en/cropped-denim-t-shirt-p08062339.html,"[{'https://static.zara.net/photos///2023/I/0/2/p/8062/339/800/2/w/448/8062339800_1_1_1.jpg?ts=1689335546885': 'Image 0 of CROPPED DENIM T-SHIRT from Zara'}, {'https://static.zara.net/photos///2023/I/0/2/p/8062/339/800/2/w/448/8062339800_2_1_1.jpg?ts=1689335546992': 'Image 1 of CROPPED DENIM T-SHIRT from Zara'}]",2590,Boxy fit cropped T-shirt with a round neck and short sleeves. Irregular trims.
168,CONTRAST DENIM T-SHIRT,https://www.zara.com/in/en/contrast-denim-t-shirt-p00840304.html,"[{'https://static.zara.net/photos///2023/I/0/2/p/0840/304/800/2/w/448/0840304800_1_1_1.jpg?ts=1690535016839': 'Image 0 of CONTRAST DENIM T-SHIRT from Zara'}, {'https://static.zara.net/photos///2023/I/0/2/p/0840/304/800/2/w/448/0840304800_2_1_1.jpg?ts=1690535017849': 'Image 1 of CONTRAST DENIM T-SHIRT from Zara'}]",3290,Oversize denim T-shirt. Round neckline and short sleeves.
170,VINTAGE FADED DENIM T-SHIRT,https://www.zara.com/in/en/vintage-faded-denim-t-shirt-p07627304.html,"[{'https://static.zara.net/photos///2023/I/0/2/p/7627/304/400/2/w/448/7627304400_1_1_1.jpg?ts=1689319989939': 'Image 0 of VINTAGE FADED DENIM T-SHIRT from Zara'}, {'https://static.zara.net/photos///2023/I/0/2/p/7627/304/400/2/w/448/7627304400_2_1_1.jpg?ts=1689319990948': 'Image 1 of VINTAGE FADED DENIM T-SHIRT from Zara'}]",2590,"T-shirt made of lightweight denim. Featuring a round neckline, short sleeves and a vintage-effect fade."
177,MICKEY MOUSE © DISNEY SWEATSHIRT,https://www.zara.com/in/en/mickey-mouse---disney-sweatshirt-p06224345.html,"[{'https://static.zara.net/photos///2023/I/0/2/p/6224/345/251/2/w/448/6224345251_1_1_1.jpg?ts=1688564090905': 'Image 0 of MICKEY MOUSE © DISNEY SWEATSHIRT from Zara'}, {'https://static.zara.net/photos///2023/I/0/2/p/6224/345/251/2/w/448/6224345251_2_1_1.jpg?ts=1688564090376': 'Image 1 of MICKEY MOUSE © DISNEY SWEATSHIRT from Zara'}]",3290,Loose-fitting short sleeve sweatshirt with a round neck. Mickey Mouse © Disney prints on the front and back.
179,BUGS BUNNY ™ LOONEY TUNES T-SHIRT,https://www.zara.com/in/en/bugs-bunny---looney-tunes-t-shirt-p06224343.html,"[{'https://static.zara.net/photos///2023/I/0/2/p/6224/343/251/2/w/448/6224343251_1_1_1.jpg?ts=1688564090327': 'Image 0 of BUGS BUNNY ™ LOONEY TUNES T-SHIRT from Zara'}, {'https://static.zara.net/photos///2023/I/0/2/p/6224/343/251/2/w/448/6224343251_2_1_1.jpg?ts=1688564089788': 'Image 1 of BUGS BUNNY ™ LOONEY TUNES T-SHIRT from Zara'}]",2290,Short sleeve T-shirt with a round neckline. Featuring Looney Tunes © Warner Bros. Entertainment Inc. prints on the front and back.
181,HEAVY-WEIGHT EMBROIDERED T-SHIRT,https://www.zara.com/in/en/heavy-weight-embroidered-t-shirt-p01887310.html,"[{'https://static.zara.net/photos///2023/I/0/2/p/1887/310/700/2/w/448/1887310700_1_1_1.jpg?ts=1689169842180': 'Image 0 of HEAVY-WEIGHT EMBROIDERED T-SHIRT from Zara'}, {'https://static.zara.net/photos///2023/I/0/2/p/1887/310/700/2/w/448/1887310700_2_1_1.jpg?ts=1689169846548': 'Image 1 of HEAVY-WEIGHT EMBROIDERED T-SHIRT from Zara'}]",1890,Round neck oversize T-shirt with short sleeves. Contrast embroidery on the chest.
185,T-SHIRT WITH EMBROIDERED SLOGAN,https://www.zara.com/in/en/t-shirt-with-embroidered-slogan-p00722323.html,"[{'https://static.zara.net/photos///2023/I/0/2/p/0722/323/519/2/w/448/0722323519_1_1_1.jpg?ts=1689319989616': 'Image 0 of T-SHIRT WITH EMBROIDERED SLOGAN from Zara'}, {'https://static.zara.net/photos///2023/I/0/2/p/0722/323/519/2/w/448/0722323519_2_1_1.jpg?ts=1689319989835': 'Image 1 of T-SHIRT WITH EMBROIDERED SLOGAN from Zara'}]",2290,Loose-fitting T-shirt with a round neck and short sleeves. Embroidered slogan on the chest. Faded effect.
189,BASIC MEDIUM WEIGHT T-SHIRT,https://www.zara.com/in/en/basic-medium-weight-t-shirt-p01887400.html,"[{'https://static.zara.net/photos///2023/I/0/2/p/1887/400/061/2/w/448/1887400061_1_1_1.jpg?ts=1688544257903': 'Image 0 of BASIC MEDIUM WEIGHT T-SHIRT from Zara'}, {'https://static.zara.net/photos///2023/I/0/2/p/1887/400/061/2/w/448/1887400061_2_1_1.jpg?ts=1688544255513': 'Image 1 of BASIC MEDIUM WEIGHT T-SHIRT from Zara'}]",1590,Regular fit T-shirt with a round neckline and short sleeves.
196,SLOGAN PRINT T-SHIRT,https://www.zara.com/in/en/slogan-print-t-shirt-p06224353.html,"[{'https://static.zara.net/photos///2023/I/0/2/p/6224/353/250/2/w/448/6224353250_1_1_1.jpg?ts=1689256345230': 'Image 0 of SLOGAN PRINT T-SHIRT from Zara'}, {'https://static.zara.net/photos///2023/I/0/2/p/6224/353/250/2/w/448/6224353250_2_1_1.jpg?ts=1689256345327': 'Image 1 of SLOGAN PRINT T-SHIRT from Zara'}]",2290,T-shirt with a round neck and short sleeves. Contrast slogan print on the print.
198,CONTRAST PRINTED T-SHIRT,https://www.zara.com/in/en/contrast-printed-t-shirt-p00962324.html,"[{'https://static.zara.net/photos///2023/I/0/2/p/0962/324/420/2/w/448/0962324420_1_1_1.jpg?ts=1689928105270': 'Image 0 of CONTRAST PRINTED T-SHIRT from Zara'}, {'https://static.zara.net/photos///2023/I/0/2/p/0962/324/420/2/w/448/0962324420_2_1_1.jpg?ts=1689926683198': 'Image 1 of CONTRAST PRINTED T-SHIRT from Zara'}]",2990,Oversize T-shirt with contrast V-neck and short sleeves. Contrast prints on the front and back.
205,OVERSIZE T-SHIRT WITH SLOGANS,https://www.zara.com/in/en/oversize-t-shirt-with-slogans-p00722374.html,"[{'https://static.zara.net/photos///2023/I/0/2/p/0722/374/250/2/w/448/0722374250_6_1_1.jpg?ts=1689927794171': 'Image 0 of OVERSIZE T-SHIRT WITH SLOGANS from Zara'}, {'https://static.zara.net/photos///2023/I/0/2/p/0722/374/250/2/w/448/0722374250_6_2_1.jpg?ts=1689927793949': 'Image 1 of OVERSIZE T-SHIRT WITH SLOGANS from Zara'}]",2290,Oversize round neck T-shirt with sleeves falling below the elbow and contrast prints on the front and back.
207,T-SHIRT WITH METALLIC FINISH,https://www.zara.com/in/en/t-shirt-with-metallic-finish-p05644303.html,"[{'https://static.zara.net/photos///2023/I/0/2/p/5644/303/707/2/w/448/5644303707_1_1_1.jpg?ts=1690540907939': 'Image 0 of T-SHIRT WITH METALLIC FINISH from Zara'}, {'https://static.zara.net/photos///2023/I/0/2/p/5644/303/707/2/w/448/5644303707_2_1_1.jpg?ts=1690540907963': 'Image 1 of T-SHIRT WITH METALLIC FINISH from Zara'}]",2290,Round neck T-shirt with short sleeves and an ombré coloured finish.
208,TIE-DYE DENIM HOODIE,https://www.zara.com/in/en/tie-dye-denim-hoodie-p00840300.html,"[{'https://static.zara.net/photos///2023/I/0/1/p/0840/300/251/2/w/448/0840300251_1_1_1.jpg?ts=1689335818566': 'Image 0 of TIE-DYE DENIM HOODIE from Zara'}, {'https://static.zara.net/photos///2023/I/0/1/p/0840/300/251/2/w/0/0840300251_2_1_1.jpg?ts=1689335819079': 'Image 1 of TIE-DYE DENIM HOODIE from Zara'}]",3290,Denim sweatshirt. Round neck and short sleeves. Ribbed trims.
209,DENIM T-SHIRT WITH ABSTRACT PRINT,https://www.zara.com/in/en/denim-t-shirt-with-abstract-print-p07627305.html,"[{'https://static.zara.net/photos///2023/I/0/2/p/7627/305/426/2/w/0/7627305426_1_1_1.jpg?ts=1689319990245': 'Image 0 of DENIM T-SHIRT WITH ABSTRACT PRINT from Zara'}, {'https://static.zara.net/photos///2023/I/0/2/p/7627/305/426/2/w/448/7627305426_2_1_1.jpg?ts=1689319990077': 'Image 1 of DENIM T-SHIRT WITH ABSTRACT PRINT from Zara'}]",2990,Lightweight denim T-shirt with a round neckline and short sleeves.
210,TULLE T-SHIRT WITH ABSTRACT PRINT,https://www.zara.com/in/en/tulle-t-shirt-with-abstract-print-p03665301.html,"[{'https://static.zara.net/photos///2023/I/0/2/p/3665/301/022/2/w/448/3665301022_1_1_1.jpg?ts=1692359828074': 'Image 0 of TULLE T-SHIRT WITH ABSTRACT PRINT from Zara'}, {'https://static.zara.net/photos///2023/I/0/2/p/3665/301/022/2/w/448/3665301022_2_1_1.jpg?ts=1692359829670': 'Image 1 of TULLE T-SHIRT WITH ABSTRACT PRINT from Zara'}]",2290,T-shirt made of semi-sheer fabric. Round neck and long sleeves.
212,SWEATSHIRT WITH CROCHET POCKET,https://www.zara.com/in/en/sweatshirt-with-crochet-pocket-p04087317.html,"[{'https://static.zara.net/photos///2023/I/0/2/p/4087/317/505/2/w/448/4087317505_1_1_1.jpg?ts=1688546807650': 'Image 0 of SWEATSHIRT WITH CROCHET POCKET from Zara'}, {'https://static.zara.net/photos///2023/I/0/2/p/4087/317/505/2/w/448/4087317505_2_1_1.jpg?ts=1688546808901': 'Image 1 of SWEATSHIRT WITH CROCHET POCKET from Zara'}]",2990,Loose-fitting sweatshirt with a round neck and short sleeves. Front patch pocket in matching crochet.
214,TIE-DYE PRINT SWEATSHIRT,https://www.zara.com/in/en/tie-dye-print-sweatshirt-p00962338.html,"[{'https://static.zara.net/photos///2023/I/0/2/p/0962/338/505/2/w/448/0962338505_1_1_1.jpg?ts=1692020567476': 'Image 0 of TIE-DYE PRINT SWEATSHIRT from Zara'}, {'https://static.zara.net/photos///2023/I/0/2/p/0962/338/505/2/w/448/0962338505_2_1_1.jpg?ts=1692020568352': 'Image 1 of TIE-DYE PRINT SWEATSHIRT from Zara'}]",3290,Round neck sweatshirt with short sleeves and irregular trims.
216,MESH TEXTURED TANK TOP,https://www.zara.com/in/en/mesh-textured-tank-top-p03665307.html,"[{'https://static.zara.net/photos///2023/I/0/2/p/3665/307/800/2/w/448/3665307800_1_1_1.jpg?ts=1691746948704': 'Image 0 of MESH TEXTURED TANK TOP from Zara'}, {'https://static.zara.net/photos///2023/I/0/2/p/3665/307/800/2/w/448/3665307800_2_1_1.jpg?ts=1691746949585': 'Image 1 of MESH TEXTURED TANK TOP from Zara'}]",2590,Open-textured tank top. Round neckline. Contrast embroidered slogan on the front.
217,CROPPED TANK TOP,https://www.zara.com/in/en/cropped-tank-top-p06224394.html,"[{'https://static.zara.net/photos///2023/I/0/2/p/6224/394/800/2/w/448/6224394800_1_1_1.jpg?ts=1692183115085': 'Image 0 of CROPPED TANK TOP from Zara'}, {'https://static.zara.net/photos///2023/I/0/2/p/6224/394/800/2/w/448/6224394800_2_1_1.jpg?ts=1692183115030': 'Image 1 of CROPPED TANK TOP from Zara'}]",1990,Oversize round neck tank top. Faded effect. Contrast prints on the front and back. Cropped length.
218,FADED TANK TOP,https://www.zara.com/in/en/faded-tank-top-p00679305.html,"[{'https://static.zara.net/photos///2023/I/0/2/p/0679/305/648/2/w/448/0679305648_1_1_1.jpg?ts=1692179833873': 'Image 0 of FADED TANK TOP from Zara'}, {'https://static.zara.net/photos///2023/I/0/2/p/0679/305/648/2/w/448/0679305648_2_1_1.jpg?ts=1692179833765': 'Image 1 of FADED TANK TOP from Zara'}]",1990,Sleeveless T-shirt with round neckline. Faded effect.
219,TANK TOP WITH CONTRAST PRINT,https://www.zara.com/in/en/tank-top-with-contrast-print-p05643301.html,"[{'https://static.zara.net/photos///2023/I/0/2/p/5643/301/250/2/w/448/5643301250_1_1_1.jpg?ts=1691753699857': 'Image 0 of TANK TOP WITH CONTRAST PRINT from Zara'}, {'https://static.zara.net/photos///2023/I/0/2/p/5643/301/250/2/w/448/5643301250_2_1_1.jpg?ts=1691753699919': 'Image 1 of TANK TOP WITH CONTRAST PRINT from Zara'}]",1990,Sleeveless top with a round neckline. Contrast prints and embroidery on the front.
221,TANK TOP,https://www.zara.com/in/en/tank-top-p04231307.html,"[{'https://static.zara.net/photos///2023/I/0/2/p/4231/307/526/2/w/448/4231307526_1_1_1.jpg?ts=1688564089840': 'Image 0 of TANK TOP from Zara'}, {'https://static.zara.net/photos///2023/I/0/2/p/4231/307/526/2/w/448/4231307526_2_1_1.jpg?ts=1688564089869': 'Image 1 of TANK TOP from Zara'}]",1990,Loose-fitting sleeveless T-shirt with a round neckline.
223,MESH TEXTURED TANK TOP,https://www.zara.com/in/en/mesh-textured-tank-top-p03992332.html,"[{'https://static.zara.net/photos///2023/I/0/2/p/3992/332/800/2/w/448/3992332800_1_1_1.jpg?ts=1692188871328': 'Image 0 of MESH TEXTURED TANK TOP from Zara'}, {'https://static.zara.net/photos///2023/I/0/2/p/3992/332/800/2/w/448/3992332800_2_1_1.jpg?ts=1692188872075': 'Image 1 of MESH TEXTURED TANK TOP from Zara'}]",2990,Double-weave tank top in open textured fabric with a wide round neck.
225,BASIC LIGHTWEIGHT T-SHIRT,https://www.zara.com/in/en/basic-lightweight-t-shirt-p01887440.html,"[{'https://static.zara.net/photos///2023/I/0/1/p/1887/440/811/3/w/448/1887440811_1_1_1.jpg?ts=1688984770367': 'Image 0 of BASIC LIGHTWEIGHT T-SHIRT from Zara'}, {'https://static.zara.net/photos///2023/I/0/1/p/1887/440/811/3/w/448/1887440811_2_1_1.jpg?ts=1688984773629': 'Image 1 of BASIC LIGHTWEIGHT T-SHIRT from Zara'}]",990,Lightweight cotton T-shirt with a round neckline and short sleeves.
239,TEXTURED T-SHIRT,https://www.zara.com/in/en/textured-t-shirt-p00722321.html,"[{'https://static.zara.net/photos///2023/I/0/2/p/0722/321/804/2/w/448/0722321804_1_1_1.jpg?ts=1689156202118': 'Image 0 of TEXTURED T-SHIRT from Zara'}, {'https://static.zara.net/photos///2023/I/0/2/p/0722/321/804/2/w/448/0722321804_2_1_1.jpg?ts=1689156204442': 'Image 1 of TEXTURED T-SHIRT from Zara'}]",2290,T-shirt in crepe textured fabric. Round neckline and short sleeves.
243,KNIT OVERSIZE T-SHIRT,https://www.zara.com/in/en/knit-oversize-t-shirt-p05536306.html,"[{'https://static.zara.net/photos///2023/I/0/2/p/5536/306/800/2/w/448/5536306800_1_1_1.jpg?ts=1689763224776': 'Image 0 of KNIT OVERSIZE T-SHIRT from Zara'}, {'https://static.zara.net/photos///2023/I/0/2/p/5536/306/800/2/w/448/5536306800_2_1_1.jpg?ts=1689763221862': 'Image 1 of KNIT OVERSIZE T-SHIRT from Zara'}]",2990,Knit oversize T-shirt. Round neck and short sleeves.
247,KNIT COTTON T-SHIRT,https://www.zara.com/in/en/knit-cotton-t-shirt-p04231425.html,"[{'https://static.zara.net/photos///2023/I/0/2/p/4231/425/707/2/w/448/4231425707_1_1_1.jpg?ts=1687445757856': 'Image 0 of KNIT COTTON T-SHIRT from Zara'}, {'https://static.zara.net/photos///2023/I/0/2/p/4231/425/707/2/w/448/4231425707_2_1_1.jpg?ts=1687445759864': 'Image 1 of KNIT COTTON T-SHIRT from Zara'}]",1990,Knit T-shirt made of spun cotton fabric. Featuring a round neckline and short sleeves.
255,TRAINING TANK TOP,https://www.zara.com/in/en/training-tank-top-p00765305.html,"[{'https://static.zara.net/photos///2023/I/0/1/p/0765/305/426/612/w/448/0765305426_1_1_1.jpg?ts=1692608988130': 'Image 0 of TRAINING TANK TOP from Zara'}, {'https://static.zara.net/photos///2023/I/0/1/p/0765/305/426/612/w/448/0765305426_2_1_1.jpg?ts=1692608987575': 'Image 1 of TRAINING TANK TOP from Zara'}]",1990,T-shirt made of lightweight textured stretch fabric that moves in every direction.- Sleeveless with a round neck.- Printed logo detail.Zara Athleticz.View more
258,TEXTURED COMPRESSION T-SHIRT,https://www.zara.com/in/en/textured-compression-t-shirt-p01368410.html,"[{'https://static.zara.net/photos///2023/I/0/2/p/1368/410/400/2/w/448/1368410400_1_1_1.jpg?ts=1684491174924': 'Image 0 of TEXTURED COMPRESSION T-SHIRT from Zara'}, {'https://static.zara.net/photos///2023/I/0/2/p/1368/410/400/2/w/448/1368410400_2_1_1.jpg?ts=1684491175635': 'Image 1 of TEXTURED COMPRESSION T-SHIRT from Zara'}]",2990,"T-shirt made of technical fabric with high elasticity, adapting perfectly to movement. - Sleeveless with a round neck.- Combination of textures for improved breathability and wicking.Zara Athleticz.View more"
260,TRAINING TANK TOP,https://www.zara.com/in/en/training-tank-top-p00765400.html,"[{'https://static.zara.net/photos///2023/I/0/1/p/0765/400/250/2/w/448/0765400250_1_1_1.jpg?ts=1689863398783': 'Image 0 of TRAINING TANK TOP from Zara'}, {'https://static.zara.net/photos///2023/I/0/1/p/0765/400/250/2/w/448/0765400250_2_1_1.jpg?ts=1689863394084': 'Image 1 of TRAINING TANK TOP from Zara'}]",2290,"T-shirt made of lightweight textured stretch fabric that moves in every direction.- Sleeveless and with a round neckline. Its seams are flat, to avoid skin abrasions.- Printed logo detail.Zara Athleticz.View more"
266,CONTRAST PRINTED T-SHIRT,https://www.zara.com/in/en/contrast-printed-t-shirt-p01165305.html,"[{'https://static.zara.net/photos///2023/I/0/2/p/1165/305/800/2/w/448/1165305800_1_1_1.jpg?ts=1690535016949': 'Image 0 of CONTRAST PRINTED T-SHIRT from Zara'}, {'https://static.zara.net/photos///2023/I/0/2/p/1165/305/800/2/w/448/1165305800_2_1_1.jpg?ts=1690535018186': 'Image 1 of CONTRAST PRINTED T-SHIRT from Zara'}]",2290,Oversize round neck T-shirt with short sleeves. Contrast prints on the front and back. Faded effect.
267,CONTRAST PRINTED T-SHIRT,https://www.zara.com/in/en/contrast-printed-t-shirt-p00977309.html,"[{'https://static.zara.net/photos///2023/I/0/2/p/0977/309/250/2/w/448/0977309250_1_1_1.jpg?ts=1690535015926': 'Image 0 of CONTRAST PRINTED T-SHIRT from Zara'}, {'https://static.zara.net/photos///2023/I/0/2/p/0977/309/250/2/w/448/0977309250_2_1_1.jpg?ts=1690535016738': 'Image 1 of CONTRAST PRINTED T-SHIRT from Zara'}]",2290,T-shirt with a round neckline and short sleeves. Contrast embroidery prints on the front and back.
269,CONTRAST PRINT SWEATSHIRT,https://www.zara.com/in/en/contrast-print-sweatshirt-p05643302.html,"[{'https://static.zara.net/photos///2023/I/0/2/p/5643/302/250/2/w/448/5643302250_1_1_1.jpg?ts=1690963409656': 'Image 0 of CONTRAST PRINT SWEATSHIRT from Zara'}, {'https://static.zara.net/photos///2023/I/0/2/p/5643/302/250/2/w/448/5643302250_2_1_1.jpg?ts=1690963410355': 'Image 1 of CONTRAST PRINT SWEATSHIRT from Zara'}]",2990,Boxy fit sweatshirt with a round neck and short sleeves. Contrast prints on the front.
271,T-SHIRT WITH PHOTO PRINT,https://www.zara.com/in/en/t-shirt-with-photo-print-p01165307.html,"[{'https://static.zara.net/photos///2023/I/0/2/p/1165/307/251/2/w/448/1165307251_1_1_1.jpg?ts=1690986047090': 'Image 0 of T-SHIRT WITH PHOTO PRINT from Zara'}, {'https://static.zara.net/photos///2023/I/0/2/p/1165/307/251/2/w/448/1165307251_2_1_1.jpg?ts=1690986046764': 'Image 1 of T-SHIRT WITH PHOTO PRINT from Zara'}]",2290,T-shirt with a round neck and short sleeves. Featuring a contrast photo print on the back.
275,TEXTURED T-SHIRT,https://www.zara.com/in/en/textured-t-shirt-p04087333.html,"[{'https://static.zara.net/photos///2023/I/0/2/p/4087/333/712/2/w/448/4087333712_1_1_1.jpg?ts=1691141197699': 'Image 0 of TEXTURED T-SHIRT from Zara'}, {'https://static.zara.net/photos///2023/I/0/2/p/4087/333/712/2/w/448/4087333712_2_1_1.jpg?ts=1691141197683': 'Image 1 of TEXTURED T-SHIRT from Zara'}]",2990,Relaxed fit T-shirt. Round neck and short sleeves.
280,V-NECK T-SHIRT,https://www.zara.com/in/en/v-neck-t-shirt-p06462322.html,"[{'https://static.zara.net/photos///2023/I/0/2/p/6462/322/712/2/w/448/6462322712_1_1_1.jpg?ts=1689156204414': 'Image 0 of V-NECK T-SHIRT from Zara'}, {'https://static.zara.net/photos///2023/I/0/2/p/6462/322/712/2/w/448/6462322712_2_1_1.jpg?ts=1689156204475': 'Image 1 of V-NECK T-SHIRT from Zara'}]",2590,T-shirt with an open neck and short sleeves.
282,TEXTURED TANK TOP,https://www.zara.com/in/en/textured-tank-top-p01198319.html,"[{'https://static.zara.net/photos///2023/I/0/2/p/1198/319/250/2/w/448/1198319250_1_1_1.jpg?ts=1691571265149': 'Image 0 of TEXTURED TANK TOP from Zara'}, {'https://static.zara.net/photos///2023/I/0/2/p/1198/319/250/2/w/448/1198319250_2_1_1.jpg?ts=1691571266083': 'Image 1 of TEXTURED TANK TOP from Zara'}]",2290,Sleeveless T-shirt in mesh textured fabric with a wide round neck.
285,RUSTIC TANK TOP,https://www.zara.com/in/en/rustic-tank-top-p03992381.html,"[{'https://static.zara.net/photos///2023/I/0/2/p/3992/381/706/2/w/448/3992381706_1_1_1.jpg?ts=1692627095271': 'Image 0 of RUSTIC TANK TOP from Zara'}, {'https://static.zara.net/photos///2023/I/0/2/p/3992/381/706/2/w/448/3992381706_2_1_1.jpg?ts=1692627095607': 'Image 1 of RUSTIC TANK TOP from Zara'}]",2290,Double trim tank top with a wide round neck.
287,TEXTURED TANK TOP,https://www.zara.com/in/en/textured-tank-top-p04087361.html,"[{'https://static.zara.net/photos///2023/I/0/2/p/4087/361/251/2/w/448/4087361251_2_1_1.jpg?ts=1689148216584': 'Image 0 of TEXTURED TANK TOP from Zara'}, {'https://static.zara.net/photos///2023/I/0/2/p/4087/361/251/2/w/448/4087361251_2_4_1.jpg?ts=1689148215826': 'Image 1 of TEXTURED TANK TOP from Zara'}]",2290,Oversize sleeveless T-shirt with a round neck and irregular trims.
289,TEXTURED TANK TOP,https://www.zara.com/in/en/textured-tank-top-p03992323.html,"[{'https://static.zara.net/photos///2023/I/0/2/p/3992/323/800/2/w/448/3992323800_1_1_1.jpg?ts=1690536390844': 'Image 0 of TEXTURED TANK TOP from Zara'}, {'https://static.zara.net/photos///2023/I/0/2/p/3992/323/800/2/w/448/3992323800_2_1_1.jpg?ts=1690536389244': 'Image 1 of TEXTURED TANK TOP from Zara'}]",2290,Round neck tank top.
291,COTTON - LINEN T-SHIRT,https://www.zara.com/in/en/cotton---linen-t-shirt-p00347300.html,"[{'https://static.zara.net/photos///2023/I/0/2/p/0347/300/700/2/w/448/0347300700_1_1_1.jpg?ts=1688108944359': 'Image 0 of COTTON - LINEN T-SHIRT from Zara'}, {'https://static.zara.net/photos///2023/I/0/2/p/0347/300/700/2/w/448/0347300700_2_1_1.jpg?ts=1688108944363': 'Image 1 of COTTON - LINEN T-SHIRT from Zara'}]",1990,Loose-fitting T-shirt made of a linen and cotton blend fabric. Round neckline and short sleeves.
295,BASIC HEAVY WEIGHT T-SHIRT,https://www.zara.com/in/en/basic-heavy-weight-t-shirt-p01887411.html,"[{'https://static.zara.net/photos///2023/I/0/2/p/1887/411/250/2/w/448/1887411250_1_1_1.jpg?ts=1691999871977': 'Image 0 of BASIC HEAVY WEIGHT T-SHIRT from Zara'}, {'https://static.zara.net/photos///2023/I/0/2/p/1887/411/250/2/w/448/1887411250_2_1_1.jpg?ts=1691999871678': 'Image 1 of BASIC HEAVY WEIGHT T-SHIRT from Zara'}]",1590,Loose-fit T-shirt made of compact cotton. Round neck and short sleeves.
304,HIGH NECK KNIT T-SHIRT,https://www.zara.com/in/en/high-neck-knit-t-shirt-p03471301.html,"[{'https://static.zara.net/photos///2023/I/0/2/p/3471/301/800/2/w/448/3471301800_1_1_1.jpg?ts=1689256085179': 'Image 0 of HIGH NECK KNIT T-SHIRT from Zara'}, {'https://static.zara.net/photos///2023/I/0/2/p/3471/301/800/2/w/448/3471301800_2_1_1.jpg?ts=1689256085225': 'Image 1 of HIGH NECK KNIT T-SHIRT from Zara'}]",2590,Knit high neck T-shirt with short sleeves and ribbed trims.
309,ACID WASH PRINT T-SHIRT,https://www.zara.com/in/en/acid-wash-print-t-shirt-p04442350.html,"[{'https://static.zara.net/photos///2023/I/0/2/p/4442/350/826/2/w/448/4442350826_1_1_1.jpg?ts=1688108946885': 'Image 0 of ACID WASH PRINT T-SHIRT from Zara'}, {'https://static.zara.net/photos///2023/I/0/2/p/4442/350/826/2/w/448/4442350826_2_1_1.jpg?ts=1688108946636': 'Image 1 of ACID WASH PRINT T-SHIRT from Zara'}]",1990,Loose-fitting faded T-shirt with a round neckline and short sleeves.
314,SLOGAN PRINT T-SHIRT,https://www.zara.com/in/en/slogan-print-t-shirt-p00495330.html,"[{'https://static.zara.net/photos///2023/I/0/2/p/0495/330/707/2/w/448/0495330707_1_1_1.jpg?ts=1691575360499': 'Image 0 of SLOGAN PRINT T-SHIRT from Zara'}, {'https://static.zara.net/photos///2023/I/0/2/p/0495/330/707/2/w/448/0495330707_2_1_1.jpg?ts=1691575360486': 'Image 1 of SLOGAN PRINT T-SHIRT from Zara'}]",2290,T-shirt with a round neckline and short sleeves. Featuring a contrast slogan print on the front.
318,SLOGAN PRINT T-SHIRT,https://www.zara.com/in/en/slogan-print-t-shirt-p04087328.html,"[{'https://static.zara.net/photos///2023/I/0/2/p/4087/328/800/2/w/448/4087328800_1_1_1.jpg?ts=1691753369222': 'Image 0 of SLOGAN PRINT T-SHIRT from Zara'}, {'https://static.zara.net/photos///2023/I/0/2/p/4087/328/800/2/w/448/4087328800_2_1_1.jpg?ts=1691753368594': 'Image 1 of SLOGAN PRINT T-SHIRT from Zara'}]",2290,T-shirt with a round neckline and short sleeves. Printed slogan on the front and back.
319,T-SHIRT WITH EMBROIDERED SLOGAN,https://www.zara.com/in/en/t-shirt-with-embroidered-slogan-p06224381.html,"[{'https://static.zara.net/photos///2023/I/0/2/p/6224/381/250/2/w/448/6224381250_1_1_1.jpg?ts=1691739359737': 'Image 0 of T-SHIRT WITH EMBROIDERED SLOGAN from Zara'}, {'https://static.zara.net/photos///2023/I/0/2/p/6224/381/250/2/w/448/6224381250_2_1_1.jpg?ts=1691739359274': 'Image 1 of T-SHIRT WITH EMBROIDERED SLOGAN from Zara'}]",2290,Loose-fitting round neck T-shirt with short sleeves. Contrast embroidery and prints on the front and back.
322,TEXTURED KNIT T-SHIRT,https://www.zara.com/in/en/textured-knit-t-shirt-p02621420.html,"[{'https://static.zara.net/photos///2023/I/0/1/p/2621/420/251/2/w/448/2621420251_1_1_1.jpg?ts=1689847577985': 'Image 0 of TEXTURED KNIT T-SHIRT from Zara'}, {'https://static.zara.net/photos///2023/I/0/1/p/2621/420/251/2/w/448/2621420251_2_1_1.jpg?ts=1689847573333': 'Image 1 of TEXTURED KNIT T-SHIRT from Zara'}]",2890,Knit T-shirt made of spun cotton fabric. Round neck and short sleeves. Ribbed trims.
328,CROPPED T-SHIRT WITH SLOGAN,https://www.zara.com/in/en/cropped-t-shirt-with-slogan-p03992306.html,"[{'https://static.zara.net/photos///2023/I/0/2/p/3992/306/251/2/w/448/3992306251_1_1_1.jpg?ts=1685958487239': 'Image 0 of CROPPED T-SHIRT WITH SLOGAN from Zara'}, {'https://static.zara.net/photos///2023/I/0/2/p/3992/306/251/2/w/448/3992306251_2_1_1.jpg?ts=1685958487112': 'Image 1 of CROPPED T-SHIRT WITH SLOGAN from Zara'}]",1890,Cropped T-shirt with a round neck and short sleeves. Contrast slogan print on the front.
330,CROCHET KNIT T-SHIRT,https://www.zara.com/in/en/crochet-knit-t-shirt-p04938303.html,"[{'https://static.zara.net/photos///2023/I/0/2/p/4938/303/800/2/w/448/4938303800_1_1_1.jpg?ts=1687874713848': 'Image 0 of CROCHET KNIT T-SHIRT from Zara'}, {'https://static.zara.net/photos///2023/I/0/2/p/4938/303/800/2/w/448/4938303800_2_1_1.jpg?ts=1687874789044': 'Image 1 of CROCHET KNIT T-SHIRT from Zara'}]",2990,Short sleeve knit T-shirt made of an open-textured fabric. Round neck and ribbed trims.
331,LINEN - VISCOSE KNIT T-SHIRT,https://www.zara.com/in/en/linen---viscose-knit-t-shirt-p09598304.html,"[{'https://static.zara.net/photos///2023/I/0/2/p/9598/304/710/2/w/448/9598304710_1_1_1.jpg?ts=1688478953918': 'Image 0 of LINEN - VISCOSE KNIT T-SHIRT from Zara'}, {'https://static.zara.net/photos///2023/I/0/2/p/9598/304/710/2/w/448/9598304710_2_1_1.jpg?ts=1688478954279': 'Image 1 of LINEN - VISCOSE KNIT T-SHIRT from Zara'}]",3290,Knit oversize T-shirt made of a spun linen and viscose blend. Round neck and short sleeves. Ribbed trims.
332,LINEN - VISCOSE KNIT T-SHIRT,https://www.zara.com/in/en/linen---viscose-knit-t-shirt-p09598301.html,"[{'https://static.zara.net/photos///2023/I/0/2/p/9598/301/731/2/w/448/9598301731_1_1_1.jpg?ts=1688478953288': 'Image 0 of LINEN - VISCOSE KNIT T-SHIRT from Zara'}, {'https://static.zara.net/photos///2023/I/0/2/p/9598/301/731/2/w/448/9598301731_2_1_1.jpg?ts=1688478954493': 'Image 1 of LINEN - VISCOSE KNIT T-SHIRT from Zara'}]",3290,Loose-fitting knit T-shirt made of a spun linen and viscose blend. Round neck and short sleeves. Chest patch pocket. Contrast topstitching detail.
333,COTTON KNIT T-SHIRT,https://www.zara.com/in/en/cotton-knit-t-shirt-p06771309.html,"[{'https://static.zara.net/photos///2023/I/0/1/p/6771/309/916/2/w/448/6771309916_1_1_1.jpg?ts=1688458557112': 'Image 0 of COTTON KNIT T-SHIRT from Zara'}, {'https://static.zara.net/photos///2023/I/0/1/p/6771/309/916/2/w/448/6771309916_2_1_1.jpg?ts=1688458551783': 'Image 1 of COTTON KNIT T-SHIRT from Zara'}]",2990,"Knit T-shirt made of spun cotton fabric. Featuring a round neck, short sleeves and ribbed trims."
340,TIE-DYE STRIPED T-SHIRT,https://www.zara.com/in/en/tie-dye-striped-t-shirt-p06224359.html,"[{'https://static.zara.net/photos///2023/I/0/2/p/6224/359/710/2/w/448/6224359710_1_1_1.jpg?ts=1689256347393': 'Image 0 of TIE-DYE STRIPED T-SHIRT from Zara'}, {'https://static.zara.net/photos///2023/I/0/2/p/6224/359/710/2/w/448/6224359710_2_1_1.jpg?ts=1689256346117': 'Image 1 of TIE-DYE STRIPED T-SHIRT from Zara'}]",2290,T-shirt with a round neckline and short sleeves. Featuring a contrast print on the front.
344,SHORT SLEEVE HEAVY WEIGHT T-SHIRT,https://www.zara.com/in/en/short-sleeve-heavy-weight-t-shirt-p00761323.html,"[{'https://static.zara.net/photos///2023/V/0/2/p/0761/323/250/2/w/489/0761323250_6_1_1.jpg?ts=1675790430296': 'Image 0 of SHORT SLEEVE HEAVY WEIGHT T-SHIRT from Zara'}, {'https://static.zara.net/photos///2023/V/0/2/p/0761/323/250/2/w/489/0761323250_6_2_1.jpg?ts=1675790430674': 'Image 1 of SHORT SLEEVE HEAVY WEIGHT T-SHIRT from Zara'}]",1990,Regular-fit T-shirt in compact cotton fabric. Round neck and short sleeves.Origins special collection.
349,CROCHET TANK TOP,https://www.zara.com/in/en/crochet-tank-top-p02795313.html,"[{'https://static.zara.net/photos///2023/I/0/2/p/2795/313/712/2/w/0/2795313712_1_1_1.jpg?ts=1692286398339': 'Image 0 of CROCHET TANK TOP from Zara'}, {'https://static.zara.net/photos///2023/I/0/2/p/2795/313/712/2/w/0/2795313712_2_1_1.jpg?ts=1692286398591': 'Image 1 of CROCHET TANK TOP from Zara'}]",2290,Round neck tank top in a textured open knit fabric.
364,MESH TEXTURE T-SHIRT,https://www.zara.com/in/en/mesh-texture-t-shirt-p02795306.html,"[{'https://static.zara.net/photos///2023/I/0/1/p/2795/306/800/2/w/448/2795306800_1_1_1.jpg?ts=1688566357380': 'Image 0 of MESH TEXTURE T-SHIRT from Zara'}, {'https://static.zara.net/photos///2023/I/0/1/p/2795/306/800/2/w/448/2795306800_2_1_1.jpg?ts=1688566354820': 'Image 1 of MESH TEXTURE T-SHIRT from Zara'}]",2290,Relaxed fit T-shirt made of an open textured fabric. Round neck and short sleeves.
372,WORKOUT T-SHIRT,https://www.zara.com/in/en/workout-t-shirt-p05320450.html,"[{'https://static.zara.net/photos///2023/I/0/2/p/5320/450/250/2/w/448/5320450250_1_1_1.jpg?ts=1688985619667': 'Image 0 of WORKOUT T-SHIRT from Zara'}, {'https://static.zara.net/photos///2023/I/0/2/p/5320/450/250/2/w/448/5320450250_2_1_1.jpg?ts=1688985619771': 'Image 1 of WORKOUT T-SHIRT from Zara'}]",2290,T-shirt made of lightweight textured stretch fabric that moves in every direction.- Round neck T-shirt with short sleeves.- Printed logo detail on the hem.Zara Athleticz.View more
376,TEXTURED TRAINING T-SHIRT,https://www.zara.com/in/en/textured-training-t-shirt-p01943316.html,"[{'https://static.zara.net/photos///2023/I/0/2/p/1943/316/832/2/w/448/1943316832_1_1_1.jpg?ts=1689863847212': 'Image 0 of TEXTURED TRAINING T-SHIRT from Zara'}, {'https://static.zara.net/photos///2023/I/0/2/p/1943/316/832/2/w/448/1943316832_2_1_1.jpg?ts=1689863847463': 'Image 1 of TEXTURED TRAINING T-SHIRT from Zara'}]",2590,"T-shirt made of a textured technical fabric, lightweight and elastic that moves in every direction.- Round neck T-shirt with short sleeves.- Side slits at the hem.- Printed logo detail on the hem.Zara Athleticz.View more"
380,COMFORT WORKOUT T-SHIRT,https://www.zara.com/in/en/comfort-workout-t-shirt-p02888402.html,"[{'https://static.zara.net/photos///2023/I/0/2/p/2888/402/982/2/w/448/2888402982_1_1_1.jpg?ts=1692362141492': 'Image 0 of COMFORT WORKOUT T-SHIRT from Zara'}, {'https://static.zara.net/photos///2023/I/0/2/p/2888/402/982/2/w/448/2888402982_2_1_1.jpg?ts=1692362141465': 'Image 1 of COMFORT WORKOUT T-SHIRT from Zara'}]",1890,"T-shirt made of a lightweight and elastic fabric in every direction.- Round neck T-shirt with short sleeves.- Flat seams, more resistant and ideal for movement.- Printed logo detail.Zara Athleticz.View more"
385,OVERSIZE T-SHIRT - LIMITED EDITION,https://www.zara.com/in/en/oversize-t-shirt---limited-edition-p00722329.html,"[{'https://static.zara.net/photos///2023/I/0/2/p/0722/329/250/2/w/448/0722329250_1_1_1.jpg?ts=1689332813417': 'Image 0 of OVERSIZE T-SHIRT - LIMITED EDITION from Zara'}, {'https://static.zara.net/photos///2023/I/0/2/p/0722/329/250/2/w/448/0722329250_2_1_1.jpg?ts=1689332811301': 'Image 1 of OVERSIZE T-SHIRT - LIMITED EDITION from Zara'}]",2590,Oversize T-shirt with a round neck and short sleeves falling below the elbow.
386,OVERSIZE SWEATSHIRT - LIMITED EDITION,https://www.zara.com/in/en/oversize-sweatshirt---limited-edition-p00761320.html,"[{'https://static.zara.net/photos///2023/I/0/2/p/0761/320/401/2/w/448/0761320401_1_1_1.jpg?ts=1689327625837': 'Image 0 of OVERSIZE SWEATSHIRT - LIMITED EDITION from Zara'}, {'https://static.zara.net/photos///2023/I/0/2/p/0761/320/401/2/w/0/0761320401_2_1_1.jpg?ts=1689327629710': 'Image 1 of OVERSIZE SWEATSHIRT - LIMITED EDITION from Zara'}]",3290,Oversize sweatshirt with a round neckline and short sleeves falling below the elbow.
387,POPLIN T-SHIRT - LIMITED EDITION,https://www.zara.com/in/en/poplin-t-shirt---limited-edition-p05821198.html,"[{'https://static.zara.net/photos///2023/I/0/2/p/5821/198/250/2/w/448/5821198250_1_1_1.jpg?ts=1689577165040': 'Image 0 of POPLIN T-SHIRT - LIMITED EDITION from Zara'}, {'https://static.zara.net/photos///2023/I/0/2/p/5821/198/250/2/w/448/5821198250_2_1_1.jpg?ts=1689577165451': 'Image 1 of POPLIN T-SHIRT - LIMITED EDITION from Zara'}]",3290,Oversize cotton poplin T-shirt. Round neck with ribbed trims. Short sleeves. Pleated details at the back. Asymmetric hem with side vents.
388,T-SHIRT WITH POCKET - LIMITED EDITION,https://www.zara.com/in/en/t-shirt-with-pocket---limited-edition-p00977311.html,"[{'https://static.zara.net/photos///2023/I/0/2/p/0977/311/505/2/w/448/0977311505_1_1_1.jpg?ts=1689327625835': 'Image 0 of T-SHIRT WITH POCKET - LIMITED EDITION from Zara'}, {'https://static.zara.net/photos///2023/I/0/2/p/0977/311/505/2/w/448/0977311505_2_1_1.jpg?ts=1689327629900': 'Image 1 of T-SHIRT WITH POCKET - LIMITED EDITION from Zara'}]",2990,Oversize T-shirt with a round neck and short sleeves. Contrast patch pocket on the chest.
392,LONG SLEEVE T-SHIRT - LIMITED EDITION,https://www.zara.com/in/en/long-sleeve-t-shirt---limited-edition-p00722331.html,"[{'https://static.zara.net/photos///2023/I/0/2/p/0722/331/286/2/w/448/0722331286_1_1_1.jpg?ts=1689332810434': 'Image 0 of LONG SLEEVE T-SHIRT - LIMITED EDITION from Zara'}, {'https://static.zara.net/photos///2023/I/0/2/p/0722/331/286/2/w/448/0722331286_2_1_1.jpg?ts=1689332811480': 'Image 1 of LONG SLEEVE T-SHIRT - LIMITED EDITION from Zara'}]",2990,Loose-fitting round neck T-shirt with long sleeves.
394,WORKOUT T-SHIRT,https://www.zara.com/in/en/workout-t-shirt-p04387404.html,"[{'https://static.zara.net/photos///2023/I/0/2/p/4387/404/712/2/w/448/4387404712_1_1_1.jpg?ts=1687950693431': 'Image 0 of WORKOUT T-SHIRT from Zara'}, {'https://static.zara.net/photos///2023/I/0/2/p/4387/404/712/2/w/448/4387404712_2_1_1.jpg?ts=1687950694503': 'Image 1 of WORKOUT T-SHIRT from Zara'}]",2290,T-shirt made of lightweight textured stretch fabric that moves in every direction.- Round neck T-shirt with short sleeves. - Printed logo detail on the hem.Zara Athleticz.View more
395,COMPACT COTTON T-SHIRT,https://www.zara.com/in/en/compact-cotton-t-shirt-p05643400.html,"[{'https://static.zara.net/photos///2023/I/0/2/p/5643/400/712/2/w/448/5643400712_1_1_1.jpg?ts=1687950693638': 'Image 0 of COMPACT COTTON T-SHIRT from Zara'}, {'https://static.zara.net/photos///2023/I/0/2/p/5643/400/712/2/w/448/5643400712_2_1_1.jpg?ts=1687950698548': 'Image 1 of COMPACT COTTON T-SHIRT from Zara'}]",2290,Loose-fitting T-shirt made of compact cotton. Round neckline and short sleeves. Contrast logo print on the hem.Zara Athleticz.
396,TRAINING TANK TOP,https://www.zara.com/in/en/training-tank-top-p04387408.html,"[{'https://static.zara.net/photos///2023/I/0/2/p/4387/408/712/2/w/448/4387408712_1_1_1.jpg?ts=1687950693624': 'Image 0 of TRAINING TANK TOP from Zara'}, {'https://static.zara.net/photos///2023/I/0/2/p/4387/408/712/2/w/448/4387408712_2_1_1.jpg?ts=1687950696960': 'Image 1 of TRAINING TANK TOP from Zara'}]",1990,Loose-fitting T-shirt made of lightweight technical stretch fabric that moves in every direction.- Sleeveless with a round neck.- Front vents at the hem.- Logo print on the hem.Zara Athleticz.View more
397,SLOGAN PRINT T-SHIRT,https://www.zara.com/in/en/slogan-print-t-shirt-p06224372.html,"[{'https://static.zara.net/photos///2023/I/0/2/p/6224/372/712/2/w/448/6224372712_1_1_1.jpg?ts=1687950692365': 'Image 0 of SLOGAN PRINT T-SHIRT from Zara'}, {'https://static.zara.net/photos///2023/I/0/2/p/6224/372/712/2/w/0/6224372712_2_1_1.jpg?ts=1687950693370': 'Image 1 of SLOGAN PRINT T-SHIRT from Zara'}]",2290,T-shirt made of cotton. Round neck and short sleeves. Contrast slogan prints on the front and back.Zara Athleticz.
402,TANK TOP WITH SLOGAN,https://www.zara.com/in/en/tank-top-with-slogan-p06224374.html,"[{'https://static.zara.net/photos///2023/I/0/2/p/6224/374/701/2/w/448/6224374701_1_1_1.jpg?ts=1687950692782': 'Image 0 of TANK TOP WITH SLOGAN from Zara'}, {'https://static.zara.net/photos///2023/I/0/2/p/6224/374/701/2/w/0/6224374701_2_1_1.jpg?ts=1687950698524': 'Image 1 of TANK TOP WITH SLOGAN from Zara'}]",1990,Loose-fitting T-shirt made of cotton. Round neck and short sleeves. Contrast slogan print on the front.Zara Athleticz.
403,BASIC TRAINING T-SHIRT,https://www.zara.com/in/en/basic-training-t-shirt-p04387401.html,"[{'https://static.zara.net/photos///2023/I/0/2/p/4387/401/428/2/w/448/4387401428_1_1_1.jpg?ts=1690369387056': 'Image 0 of BASIC TRAINING T-SHIRT from Zara'}, {'https://static.zara.net/photos///2023/I/0/2/p/4387/401/428/2/w/448/4387401428_2_1_1.jpg?ts=1690369260156': 'Image 1 of BASIC TRAINING T-SHIRT from Zara'}]",1890,"T-shirt made of a technical, lightweight and stretch fabric. - Round neck and short sleeves. - Flat seams, more resistant and ideal for movement.- Printed logo detail.View more"
409,CONTRAST PRINTED T-SHIRT,https://www.zara.com/in/en/contrast-printed-t-shirt-p06224339.html,"[{'https://static.zara.net/photos///2023/I/0/2/p/6224/339/321/2/w/448/6224339321_1_1_1.jpg?ts=1688986168006': 'Image 0 of CONTRAST PRINTED T-SHIRT from Zara'}, {'https://static.zara.net/photos///2023/I/0/2/p/6224/339/321/2/w/448/6224339321_2_1_1.jpg?ts=1688986167598': 'Image 1 of CONTRAST PRINTED T-SHIRT from Zara'}]",2290,Loose-fitting T-shirt made of a cotton fabric. Round neck and short sleeves. Contrast prints on the front and back.Zara Athleticz.
411,TANK TOP WITH SLOGAN,https://www.zara.com/in/en/tank-top-with-slogan-p06224340.html,"[{'https://static.zara.net/photos///2023/I/0/2/p/6224/340/832/2/w/448/6224340832_1_1_1.jpg?ts=1688986167285': 'Image 0 of TANK TOP WITH SLOGAN from Zara'}, {'https://static.zara.net/photos///2023/I/0/2/p/6224/340/832/2/w/448/6224340832_2_1_1.jpg?ts=1688986169095': 'Image 1 of TANK TOP WITH SLOGAN from Zara'}]",1990,Loose-fitting tank top made of cotton. Round neck. Contrast slogan print on the front.Zara Athleticz.
412,T-SHIRT WITH A PASSO STELVIO PRINT,https://www.zara.com/in/en/t-shirt-with-a-passo-stelvio-print-p01501404.html,"[{'https://static.zara.net/photos///2023/I/0/2/p/1501/404/406/2/w/448/1501404406_1_1_1.jpg?ts=1684491174922': 'Image 0 of T-SHIRT WITH A PASSO STELVIO PRINT from Zara'}, {'https://static.zara.net/photos///2023/I/0/2/p/1501/404/406/2/w/448/1501404406_2_1_1.jpg?ts=1684491174867': 'Image 1 of T-SHIRT WITH A PASSO STELVIO PRINT from Zara'}]",2290,T-shirt made of stretchy cotton fabric. Round neck and short sleeves. Contrast graphic prints on the front and back.Zara Athleticz.
413,RIBBED TANK TOP,https://www.zara.com/in/en/ribbed-tank-top-p00761308.html,"[{'https://static.zara.net/photos///2023/I/0/2/p/0761/308/803/2/w/448/0761308803_1_1_1.jpg?ts=1687940544921': 'Image 0 of RIBBED TANK TOP from Zara'}, {'https://static.zara.net/photos///2023/I/0/2/p/0761/308/803/2/w/448/0761308803_2_1_1.jpg?ts=1687940545415': 'Image 1 of RIBBED TANK TOP from Zara'}]",1590,Sleeveless top with a wide round neck.Zara Athleticz.
417,TANK TOP - LIMITED EDITION,https://www.zara.com/in/en/tank-top---limited-edition-p06085900.html,"[{'https://static.zara.net/photos///2023/I/0/1/p/6085/900/712/2/w/448/6085900712_1_1_1.jpg?ts=1688477975635': 'Image 0 of TANK TOP - LIMITED EDITION from Zara'}, {'https://static.zara.net/photos///2023/I/0/2/p/6085/900/712/2/w/448/6085900712_2_1_1.jpg?ts=1688477959165': 'Image 1 of TANK TOP - LIMITED EDITION from Zara'}]",2590,Sleeveless T-shirt in open textured fabric with a wide round neck.
421,OVERSIZE T-SHIRT WITH TOPSTITCHING,https://www.zara.com/in/en/oversize-t-shirt-with-topstitching-p03992380.html,"[{'https://static.zara.net/photos///2023/I/0/2/p/3992/380/706/2/w/448/3992380706_1_1_1.jpg?ts=1691571263808': 'Image 0 of OVERSIZE T-SHIRT WITH TOPSTITCHING from Zara'}, {'https://static.zara.net/photos///2023/I/0/2/p/3992/380/706/2/w/448/3992380706_2_1_1.jpg?ts=1691571264755': 'Image 1 of OVERSIZE T-SHIRT WITH TOPSTITCHING from Zara'}]",2590,Oversize T-shirt with a round neck and sleeves falling below the elbow. Trims with contrast topstitching detail.
422,LYOCELL - COTTON T-SHIRT,https://www.zara.com/in/en/lyocell---cotton-t-shirt-p00722344.html,"[{'https://static.zara.net/photos///2023/I/0/2/p/0722/344/832/2/w/448/0722344832_1_1_1.jpg?ts=1691486099361': 'Image 0 of LYOCELL - COTTON T-SHIRT from Zara'}, {'https://static.zara.net/photos///2023/I/0/2/p/0722/344/832/2/w/448/0722344832_2_1_1.jpg?ts=1691507788927': 'Image 1 of LYOCELL - COTTON T-SHIRT from Zara'}]",2590,T-shirt made of a lyocell and cotton blend. Featuring a round neck and short sleeves.
424,BOXY FIT T-SHIRT,https://www.zara.com/in/en/boxy-fit-t-shirt-p05644310.html,"[{'https://static.zara.net/photos///2023/I/0/2/p/5644/310/800/2/w/448/5644310800_1_1_1.jpg?ts=1691142187387': 'Image 0 of BOXY FIT T-SHIRT from Zara'}, {'https://static.zara.net/photos///2023/I/0/2/p/5644/310/800/2/w/448/5644310800_2_1_1.jpg?ts=1691142188233': 'Image 1 of BOXY FIT T-SHIRT from Zara'}]",2290,"Boxy fit T-shirt with a round neck, short sleeves and side vents at the hem."
426,TERRY TANK TOP,https://www.zara.com/in/en/terry-tank-top-p01198311.html,"[{'https://static.zara.net/photos///2023/I/0/2/p/1198/311/406/2/w/448/1198311406_1_1_1.jpg?ts=1689756837363': 'Image 0 of TERRY TANK TOP from Zara'}, {'https://static.zara.net/photos///2023/I/0/2/p/1198/311/406/2/w/448/1198311406_2_1_1.jpg?ts=1689756841822': 'Image 1 of TERRY TANK TOP from Zara'}]",1990,Loose-fitting round neck tank top made of a cotton blend fabric.
427,TERRY SWEATSHIRT,https://www.zara.com/in/en/terry-sweatshirt-p02795307.html,"[{'https://static.zara.net/photos///2023/I/0/2/p/2795/307/615/2/w/448/2795307615_1_1_1.jpg?ts=1689763222608': 'Image 0 of TERRY SWEATSHIRT from Zara'}, {'https://static.zara.net/photos///2023/I/0/2/p/2795/307/615/2/w/448/2795307615_2_1_1.jpg?ts=1689763226114': 'Image 1 of TERRY SWEATSHIRT from Zara'}]",2990,Loose-fitting sweatshirt made of a cotton blend fabric. Round neckline and short sleeves.
