,product_name,link, product_images,price,details
0,WIDE-FIT KNIT JOGGERS,https://www.zara.com/in/en/wide-fit-knit-joggers-p05755301.html,"[{'https://static.zara.net/photos///2023/I/0/2/p/5755/301/800/2/w/448/5755301800_1_1_1.jpg?ts=1692951284336': 'Image 0 of WIDE-FIT KNIT JOGGERS from Zara'}, {'https://static.zara.net/photos///2023/I/0/2/p/5755/301/800/2/w/448/5755301800_2_1_1.jpg?ts=1692951287061': 'Image 1 of WIDE-FIT KNIT JOGGERS from Zara'}]",3290,Knit trousers with an adjustable elasticated waistband. Side pockets and rear pocket detail.
4,RIBBED JOGGERS,https://www.zara.com/in/en/ribbed-joggers-p05039503.html,"[{'https://static.zara.net/photos///2023/I/0/2/p/5039/503/800/2/w/0/5039503800_1_1_1.jpg?ts=1692956953130': 'Image 0 of RIBBED JOGGERS from Zara'}, {'https://static.zara.net/photos///2023/I/0/2/p/5039/503/800/2/w/448/5039503800_2_1_1.jpg?ts=1692956952856': 'Image 1 of RIBBED JOGGERS from Zara'}]",3290,Trousers featuring an adjustable elasticated waistband with drawstring. Front pockets and rear pocket detail.
8,SLIM FIT CARGO TROUSERS,https://www.zara.com/in/en/slim-fit-cargo-trousers-p09252300.html,"[{'https://static.zara.net/photos///2023/I/0/2/p/9252/300/800/2/w/448/9252300800_1_1_1.jpg?ts=1691144900170': 'Image 0 of SLIM FIT CARGO TROUSERS from Zara'}, {'https://static.zara.net/photos///2023/I/0/2/p/9252/300/800/2/w/448/9252300800_2_1_1.jpg?ts=1691144901614': 'Image 1 of SLIM FIT CARGO TROUSERS from Zara'}]",3990,Slim fit trousers. Front pockets and rear pocket details. Patch pockets with flaps on the legs. Front zip fly and button fastening.
13,STRAIGHT FIT CARGO TROUSERS,https://www.zara.com/in/en/straight-fit-cargo-trousers-p06917306.html,"[{'https://static.zara.net/photos///2023/I/0/2/p/6917/306/818/2/w/448/6917306818_2_1_1.jpg?ts=1691079127613': 'Image 0 of STRAIGHT FIT CARGO TROUSERS from Zara'}, {'https://static.zara.net/photos///2023/I/0/2/p/6917/306/818/2/w/0/6917306818_1_1_1.jpg?ts=1691079126929': 'Image 1 of STRAIGHT FIT CARGO TROUSERS from Zara'}]",3990,Straight fit trousers. Front pockets and back flap pockets. Patch pockets with flaps on the legs. Adjustable hems with tab. Front zip fly and button fastening.
15,PLEATED TROUSERS,https://www.zara.com/in/en/pleated-trousers-p06332616.html,"[{'https://static.zara.net/photos///2023/I/0/2/p/6332/616/807/2/w/448/6332616807_1_1_1.jpg?ts=1692959379367': 'Image 0 of PLEATED TROUSERS from Zara'}, {'https://static.zara.net/photos///2023/I/0/2/p/6332/616/807/2/w/448/6332616807_2_1_1.jpg?ts=1692959379397': 'Image 1 of PLEATED TROUSERS from Zara'}]",4990,Relaxed fit trousers. Waistband with front pleated details. Front pockets and rear welt pockets. Front zip fly and button fastening.
16,PLEATED TROUSERS WITH BELT,https://www.zara.com/in/en/pleated-trousers-with-belt-p00706605.html,"[{'https://static.zara.net/photos///2023/I/0/2/p/0706/605/800/2/w/448/0706605800_1_1_1.jpg?ts=1689763216484': 'Image 0 of PLEATED TROUSERS WITH BELT from Zara'}, {'https://static.zara.net/photos///2023/I/0/2/p/0706/605/800/2/w/448/0706605800_2_1_1.jpg?ts=1689763217443': 'Image 1 of PLEATED TROUSERS WITH BELT from Zara'}]",4990,Relaxed fit trousers featuring a waist with front pleats and a belt in the same fabric. Front pockets and rear welt pockets. Front zip and button fastening.
20,COMFORT FIT JOGGER WAIST TROUSERS,https://www.zara.com/in/en/comfort-fit-jogger-waist-trousers-p02553310.html,"[{'https://static.zara.net/photos///2023/I/0/2/p/2553/310/916/2/w/448/2553310916_1_1_1.jpg?ts=1692776030192': 'Image 0 of COMFORT FIT JOGGER WAIST TROUSERS from Zara'}, {'https://static.zara.net/photos///2023/I/0/2/p/2553/310/916/2/w/448/2553310916_2_1_1.jpg?ts=1692776029772': 'Image 1 of COMFORT FIT JOGGER WAIST TROUSERS from Zara'}]",3290,Trousers made of stretchy fabric. Adjustable inner elasticated waistband. Front and back pockets.
24,RELAXED-FIT TROUSERS WITH PLEATS,https://www.zara.com/in/en/relaxed-fit-trousers-with-pleats-p06861313.html,"[{'https://static.zara.net/photos///2023/I/0/2/p/6861/313/800/2/w/448/6861313800_1_1_1.jpg?ts=1692776632816': 'Image 0 of RELAXED-FIT TROUSERS WITH PLEATS from Zara'}, {'https://static.zara.net/photos///2023/I/0/2/p/6861/313/800/2/w/448/6861313800_2_1_1.jpg?ts=1692776632712': 'Image 1 of RELAXED-FIT TROUSERS WITH PLEATS from Zara'}]",3990,Relaxed-fit trousers. Waistband with front pleated details. Front pockets and rear pockets with buttoned flaps. Front zip fly and button fastening.
25,PLEATED TROUSERS,https://www.zara.com/in/en/pleated-trousers-p06861336.html,"[{'https://static.zara.net/photos///2023/I/0/2/p/6861/336/800/2/w/448/6861336800_1_1_1.jpg?ts=1692181731410': 'Image 0 of PLEATED TROUSERS from Zara'}, {'https://static.zara.net/photos///2023/I/0/2/p/6861/336/800/2/w/448/6861336800_2_1_1.jpg?ts=1692181731665': 'Image 1 of PLEATED TROUSERS from Zara'}]",4990,Straight fit trousers. Waist with front pleated details. Front pockets and rear pocket details. Turn-up hems. Front zip fly and button fastening.
29,100% WOOL SUIT TROUSERS - LIMITED EDITION,https://www.zara.com/in/en/100-wool-suit-trousers---limited-edition-p05830542.html,"[{'https://static.zara.net/photos///2023/I/0/2/p/5830/542/800/2/w/448/5830542800_1_1_1.jpg?ts=1689334797751': 'Image 0 of 100% WOOL SUIT TROUSERS - LIMITED EDITION from Zara'}, {'https://static.zara.net/photos///2023/I/0/2/p/5830/542/800/2/w/448/5830542800_2_1_1.jpg?ts=1689334798050': 'Image 1 of 100% WOOL SUIT TROUSERS - LIMITED EDITION from Zara'}]",5990,Relaxed fit trousers with an elasticated waistband with front pleated details. Front pockets and rear jetted pockets. Hidden metal hook and zip fly front fastening.
30,100% WOOL SUIT TROUSERS,https://www.zara.com/in/en/100-wool-suit-trousers-p05956218.html,"[{'https://static.zara.net/photos///2023/I/0/2/p/5956/218/800/2/w/448/5956218800_1_1_1.jpg?ts=1691507789721': 'Image 0 of 100% WOOL SUIT TROUSERS from Zara'}, {'https://static.zara.net/photos///2023/I/0/2/p/5956/218/800/2/w/448/5956218800_2_1_1.jpg?ts=1691507789919': 'Image 1 of 100% WOOL SUIT TROUSERS from Zara'}]",5990,Slim-fit trousers made of Italian wool fabric. Front pockets and back welt pockets with buttons. Hidden metal hook and zip fly fastening at the front.
32,100% WOOL SUIT TROUSERS,https://www.zara.com/in/en/100-wool-suit-trousers-p05956544.html,"[{'https://static.zara.net/photos///2023/I/0/2/p/5956/544/706/2/w/448/5956544706_1_1_1.jpg?ts=1692785577934': 'Image 0 of 100% WOOL SUIT TROUSERS from Zara'}, {'https://static.zara.net/photos///2023/I/0/2/p/5956/544/706/2/w/448/5956544706_2_1_1.jpg?ts=1692785579174': 'Image 1 of 100% WOOL SUIT TROUSERS from Zara'}]",5990,Slim fit trousers made of Italian wool fabric. Front pockets and rear welt pockets. Front zip fly and crossover button fastening.
34,TECHNICAL TRAINING TROUSERS,https://www.zara.com/in/en/technical-training-trousers-p01698303.html,"[{'https://static.zara.net/photos///2023/I/0/2/p/1698/303/800/3/w/448/1698303800_1_1_1.jpg?ts=1693233016475': 'Image 0 of TECHNICAL TRAINING TROUSERS from Zara'}, {'https://static.zara.net/photos///2023/I/0/2/p/1698/303/800/3/w/448/1698303800_2_1_1.jpg?ts=1693233017047': 'Image 1 of TECHNICAL TRAINING TROUSERS from Zara'}]",3290,Trousers made of lightweight and stretchy technical fabric.- Elastic waistband with drawstrings. - Front pockets with autolock zip fastening. - Hem with elasticated cuffs. - Printed logo detail.Zara Athleticz.View more
39,JOGGER WAIST COTTON TROUSERS,https://www.zara.com/in/en/jogger-waist-cotton-trousers-p00761335.html,"[{'https://static.zara.net/photos///2023/I/0/2/p/0761/335/800/3/w/448/0761335800_1_1_1.jpg?ts=1693233016350': 'Image 0 of JOGGER WAIST COTTON TROUSERS from Zara'}, {'https://static.zara.net/photos///2023/I/0/2/p/0761/335/800/3/w/448/0761335800_2_1_1.jpg?ts=1693233016725': 'Image 1 of JOGGER WAIST COTTON TROUSERS from Zara'}]",3290,Trousers made of compact cotton fabric. Adjustable elastic waistband with drawstring. Side welt pockets with zip closures. Cuffed hems.Zara Athleticz.View more
47,RELAXED-FIT SUIT,https://www.zara.com/in/en/relaxed-fit-suit-p00706577.html,"[{'https://static.zara.net/photos///2023/I/0/2/p/0706/577/706/2/w/0/0706577706_1_1_1.jpg?ts=1689670151064': 'Image 0 of RELAXED-FIT SUIT from Zara'}, {'https://static.zara.net/photos///2023/I/0/2/p/0706/577/706/2/w/0/0706577706_2_1_1.jpg?ts=1689670152116': 'Image 1 of RELAXED-FIT SUIT from Zara'}]",4990,Relaxed fit trousers. Front pockets and rear welt pockets. Front zip fly and button fastening.
48,SUIT TROUSERS WITH IRREGULAR TRIMS,https://www.zara.com/in/en/suit-trousers-with-irregular-trims-p05826507.html,"[{'https://static.zara.net/photos///2023/I/0/2/p/5826/507/800/2/w/448/5826507800_1_1_1.jpg?ts=1689675754638': 'Image 0 of SUIT TROUSERS WITH IRREGULAR TRIMS from Zara'}, {'https://static.zara.net/photos///2023/I/0/2/p/5826/507/800/2/w/0/5826507800_2_1_1.jpg?ts=1689675755494': 'Image 1 of SUIT TROUSERS WITH IRREGULAR TRIMS from Zara'}]",3990,Oversize fit trousers. Adjustable elasticated waistband with drawstring. Front pleated details. Side pockets and rear welt pockets. Front zip fly and button fastening.
49,STRAIGHT FIT SUIT TROUSERS,https://www.zara.com/in/en/straight-fit-suit-trousers-p05624086.html,"[{'https://static.zara.net/photos///2023/I/0/2/p/5624/086/819/2/w/448/5624086819_1_1_1.jpg?ts=1689695238840': 'Image 0 of STRAIGHT FIT SUIT TROUSERS from Zara'}, {'https://static.zara.net/photos///2023/I/0/2/p/5624/086/819/2/w/448/5624086819_2_1_1.jpg?ts=1689695238896': 'Image 1 of STRAIGHT FIT SUIT TROUSERS from Zara'}]",4990,Straight-fit trousers with front pockets and back welt pockets. Front zip fly and button fastening.
50,RELAXED FIT CARGO TROUSERS,https://www.zara.com/in/en/relaxed-fit-cargo-trousers-p06335564.html,"[{'https://static.zara.net/photos///2023/I/0/2/p/6335/564/800/2/w/448/6335564800_1_1_1.jpg?ts=1692956954188': 'Image 0 of RELAXED FIT CARGO TROUSERS from Zara'}, {'https://static.zara.net/photos///2023/I/0/2/p/6335/564/800/2/w/448/6335564800_2_1_1.jpg?ts=1692956953537': 'Image 1 of RELAXED FIT CARGO TROUSERS from Zara'}]",4990,Relaxed fit trousers with an elasticated waistband with adjustable drawstring. Side pockets and rear welt pockets. Patch pockets on the legs.
52,TEXTURED COMFORT TROUSERS,https://www.zara.com/in/en/textured-comfort-trousers-p00706215.html,"[{'https://static.zara.net/photos///2023/I/0/2/p/6861/251/757/2/w/448/6861251757_1_1_1.jpg?ts=1692962622507': 'Image 0 of TEXTURED COMFORT TROUSERS from Zara'}, {'https://static.zara.net/photos///2023/I/0/2/p/6861/251/757/2/w/448/6861251757_2_1_1.jpg?ts=1692962620959': 'Image 1 of TEXTURED COMFORT TROUSERS from Zara'}]",2990,Slim-fit trousers made of two-way stretchy fabric. Front pockets and rear welt pockets with button detail. Front zip fly and top button fastening.
63,FADED JOGGERS WITH RIPS,https://www.zara.com/in/en/faded-joggers-with-rips-p06462352.html,"[{'https://static.zara.net/photos///2023/I/0/2/p/6462/352/605/2/w/448/6462352605_1_1_1.jpg?ts=1692951284198': 'Image 0 of FADED JOGGERS WITH RIPS from Zara'}, {'https://static.zara.net/photos///2023/I/0/2/p/6462/352/605/2/w/448/6462352605_2_1_1.jpg?ts=1692951291882': 'Image 1 of FADED JOGGERS WITH RIPS from Zara'}]",3990,Wide-fit trousers. Elastic drawstring waistband. Front pockets and rear patch pocket. Ripped-effect trims. Front vent at the hems.
64,TECHNICAL PARACHUTE TROUSERS,https://www.zara.com/in/en/technical-parachute-trousers-p05070307.html,"[{'https://static.zara.net/photos///2023/I/0/2/p/5070/307/803/2/w/448/5070307803_1_1_1.jpg?ts=1691072083790': 'Image 0 of TECHNICAL PARACHUTE TROUSERS from Zara'}, {'https://static.zara.net/photos///2023/I/0/2/p/5070/307/803/2/w/448/5070307803_2_1_1.jpg?ts=1691072085799': 'Image 1 of TECHNICAL PARACHUTE TROUSERS from Zara'}]",3290,Relaxed fit trousers made of technical fabric. Adjustable elasticated waistband with inside drawstring and elastic on the sides. Front pockets and back welt pockets.
67,WIDE FIT JOGGER WAIST TROUSERS,https://www.zara.com/in/en/wide-fit-jogger-waist-trousers-p00761389.html,"[{'https://static.zara.net/photos///2023/I/0/2/p/0761/389/706/2/w/448/0761389706_1_1_1.jpg?ts=1691486099804': 'Image 0 of WIDE FIT JOGGER WAIST TROUSERS from Zara'}, {'https://static.zara.net/photos///2023/I/0/2/p/0761/389/706/2/w/448/0761389706_2_1_1.jpg?ts=1691486099507': 'Image 1 of WIDE FIT JOGGER WAIST TROUSERS from Zara'}]",3290,Wide fit trousers made of cotton fabric. Adjustable elasticated waistband with drawstring. Side pockets and rear patch pocket detail.
68,SLIM FIT SUIT TROUSERS,https://www.zara.com/in/en/slim-fit-suit-trousers-p01564711.html,"[{'https://static.zara.net/photos///2023/I/0/2/p/1564/711/800/2/w/448/1564711800_1_1_1.jpg?ts=1689605444912': 'Image 0 of SLIM FIT SUIT TROUSERS from Zara'}, {'https://static.zara.net/photos///2023/I/0/2/p/1564/711/800/2/w/448/1564711800_2_1_1.jpg?ts=1689605444749': 'Image 1 of SLIM FIT SUIT TROUSERS from Zara'}]",2990,"Slim fit trousers with front pockets, rear welt pockets and zip fly and top button fastening."
72,SLIM FIT SUIT TROUSERS,https://www.zara.com/in/en/slim-fit-suit-trousers-p06861371.html,"[{'https://static.zara.net/photos///2023/I/0/2/p/6861/371/420/2/w/448/6861371420_1_1_1.jpg?ts=1692963777200': 'Image 0 of SLIM FIT SUIT TROUSERS from Zara'}, {'https://static.zara.net/photos///2023/I/0/2/p/6861/371/420/2/w/448/6861371420_2_1_1.jpg?ts=1692963777678': 'Image 1 of SLIM FIT SUIT TROUSERS from Zara'}]",4990,"Slim fit trousers featuring front pockets, rear buttoned jetted pockets and zip fly and top button fastening."
73,SLIM FIT SUIT TROUSERS,https://www.zara.com/in/en/slim-fit-suit-trousers-p01564351.html,"[{'https://static.zara.net/photos///2023/I/0/2/p/1564/351/708/2/w/448/1564351708_1_1_1.jpg?ts=1689605443936': 'Image 0 of SLIM FIT SUIT TROUSERS from Zara'}, {'https://static.zara.net/photos///2023/I/0/2/p/1564/351/708/2/w/448/1564351708_2_1_1.jpg?ts=1689605446242': 'Image 1 of SLIM FIT SUIT TROUSERS from Zara'}]",4990,"Slim fit trousers featuring front pockets, rear jetted pockets and zip fly and top button fastening."
75,CARGO TROUSERS,https://www.zara.com/in/en/cargo-trousers-p00108421.html,"[{'https://static.zara.net/photos///2023/I/0/1/p/0108/421/709/2/w/448/0108421709_1_1_1.jpg?ts=1690442728649': 'Image 0 of CARGO TROUSERS from Zara'}, {'https://static.zara.net/photos///2023/I/0/1/p/0108/421/709/2/w/448/0108421709_2_1_1.jpg?ts=1690442724140': 'Image 1 of CARGO TROUSERS from Zara'}]",2990,Relaxed fit trousers with an elasticated waistband and adjustable drawstring. Front pockets and rear welt pockets. Patch pockets with flaps on the legs. Cuffed elasticated hems.
81,SOFT CARGO TROUSERS,https://www.zara.com/in/en/soft-cargo-trousers-p05862331.html,"[{'https://static.zara.net/photos///2023/I/0/2/p/5862/331/505/2/w/448/5862331505_1_1_1.jpg?ts=1690543155741': 'Image 0 of SOFT CARGO TROUSERS from Zara'}, {'https://static.zara.net/photos///2023/I/0/2/p/5862/331/505/2/w/448/5862331505_2_1_1.jpg?ts=1690543155971': 'Image 1 of SOFT CARGO TROUSERS from Zara'}]",3990,Slim fit trousers with an elasticated waistband and adjustable drawstring. Front pockets and rear welt pocket. Patch pockets with flaps on the front of the legs. Cuffed elasticated hems.
85,RELAXED FIT CARGO TROUSERS,https://www.zara.com/in/en/relaxed-fit-cargo-trousers-p00108310.html,"[{'https://static.zara.net/photos///2023/I/0/2/p/0108/310/800/2/w/448/0108310800_1_1_1.jpg?ts=1692351040339': 'Image 0 of RELAXED FIT CARGO TROUSERS from Zara'}, {'https://static.zara.net/photos///2023/I/0/2/p/0108/310/800/2/w/448/0108310800_2_1_1.jpg?ts=1692351040808': 'Image 1 of RELAXED FIT CARGO TROUSERS from Zara'}]",3990,Relaxed-fit trousers. Front pockets and rear welt pockets. Patch pockets with flaps on the legs. Front zip fly and top button fastening.
89,100% LINEN TROUSERS,https://www.zara.com/in/en/100-linen-trousers-p01538402.html,"[{'https://static.zara.net/photos///2023/I/0/2/p/1538/302/916/2/w/448/1538302916_1_1_1.jpg?ts=1686065081362': 'Image 0 of 100% LINEN TROUSERS from Zara'}, {'https://static.zara.net/photos///2023/I/0/2/p/1538/302/916/2/w/448/1538302916_2_1_1.jpg?ts=1686065081085': 'Image 1 of 100% LINEN TROUSERS from Zara'}]",3990,Trousers made of linen fabric. Elasticated waistband. Front pockets and back welt pockets. Zip fly and top button fastening.
95,100% LINEN SUIT TROUSERS,https://www.zara.com/in/en/100-linen-suit-trousers-p04468003.html,"[{'https://static.zara.net/photos///2023/I/0/2/p/4468/003/052/2/w/448/4468003052_1_1_1.jpg?ts=1689675754012': 'Image 0 of 100% LINEN SUIT TROUSERS from Zara'}, {'https://static.zara.net/photos///2023/I/0/2/p/4468/003/052/2/w/448/4468003052_2_1_1.jpg?ts=1689675754075': 'Image 1 of 100% LINEN SUIT TROUSERS from Zara'}]",4990,Regular-fit trousers. Front pockets and back welt pockets. Front zip fly and top button fastening.
96,100% LINEN SUIT TROUSERS,https://www.zara.com/in/en/100-linen-suit-trousers-p04471003.html,"[{'https://static.zara.net/photos///2023/I/0/2/p/4471/003/251/2/w/448/4471003251_1_1_1.jpg?ts=1689605443375': 'Image 0 of 100% LINEN SUIT TROUSERS from Zara'}, {'https://static.zara.net/photos///2023/I/0/2/p/4471/003/251/2/w/448/4471003251_2_1_1.jpg?ts=1689605445944': 'Image 1 of 100% LINEN SUIT TROUSERS from Zara'}]",4990,Regular fit trousers. Waist with front pleats. Front pockets and rear welt pockets. Front zip fly and button fastening.
97,100% LINEN SUIT TROUSERS,https://www.zara.com/in/en/100-linen-suit-trousers-p01564101.html,"[{'https://static.zara.net/photos///2023/I/0/2/p/1564/101/401/2/w/489/1564101401_1_1_1.jpg?ts=1689605441849': 'Image 0 of 100% LINEN SUIT TROUSERS from Zara'}, {'https://static.zara.net/photos///2023/I/0/2/p/1564/101/401/2/w/489/1564101401_2_1_1.jpg?ts=1689605443295': 'Image 1 of 100% LINEN SUIT TROUSERS from Zara'}]",5990,Straight fit trousers made of linen. Front pockets and buttoned jetted pockets on the back. Front zip fly and top button fastening.
99,EASY CARE JOGGER WAIST TROUSERS,https://www.zara.com/in/en/easy-care-jogger-waist-trousers-p00706540.html,"[{'https://static.zara.net/photos///2023/I/0/2/p/0706/540/800/2/w/448/0706540800_1_1_1.jpg?ts=1688053933028': 'Image 0 of EASY CARE JOGGER WAIST TROUSERS from Zara'}, {'https://static.zara.net/photos///2023/I/0/2/p/0706/540/800/2/w/448/0706540800_2_1_1.jpg?ts=1688053935141': 'Image 1 of EASY CARE JOGGER WAIST TROUSERS from Zara'}]",2590,Trousers featuring an adjustable elasticated waistband with drawstrings. Side pockets and rear welt pockets. Turn-up hems.
107,BASIC JOGGERS,https://www.zara.com/in/en/basic-joggers-p00761352.html,"[{'https://static.zara.net/photos///2023/I/0/2/p/0761/352/712/2/w/448/0761352712_1_1_1.jpg?ts=1690965179879': 'Image 0 of BASIC JOGGERS from Zara'}, {'https://static.zara.net/photos///2023/I/0/2/p/0761/352/712/2/w/448/0761352712_2_1_1.jpg?ts=1690964998357': 'Image 1 of BASIC JOGGERS from Zara'}]",2590,Trousers with an adjustable drawstring waistband. Front pockets and back patch pocket. Cuffed elastic hems.
115,SLIM FIT COMFORT TROUSERS,https://www.zara.com/in/en/slim-fit-comfort-trousers-p06861451.html,"[{'https://static.zara.net/photos///2022/I/0/1/p/6861/450/802/12/w/448/6861450802_1_1_1.jpg?ts=1653044325580': 'Image 0 of SLIM FIT COMFORT TROUSERS from Zara'}, {'https://static.zara.net/photos///2022/I/0/1/p/6861/450/802/12/w/448/6861450802_2_1_1.jpg?ts=1653044325752': 'Image 1 of SLIM FIT COMFORT TROUSERS from Zara'}]",2790,"Trousers made of high-stretch fabric. Featuring an elastic waistband, front pockets, rear welt pockets and zip fly and top button fastening."
127,SEERSUCKER TROUSERS WITH PLEATS,https://www.zara.com/in/en/seersucker-trousers-with-pleats-p06861326.html,"[{'https://static.zara.net/photos///2023/I/0/2/p/6861/326/526/2/w/448/6861326526_1_1_1.jpg?ts=1691585940055': 'Image 0 of SEERSUCKER TROUSERS WITH PLEATS from Zara'}, {'https://static.zara.net/photos///2023/I/0/2/p/6861/326/526/2/w/448/6861326526_2_1_1.jpg?ts=1691585940055': 'Image 1 of SEERSUCKER TROUSERS WITH PLEATS from Zara'}]",3990,Relaxed-fit trousers featuring front pleats at the waist. Front pockets and rear welt pocket details. Hidden metal hook and zip fly fastening on the front.
129,SEERSUCKER CARGO TROUSERS,https://www.zara.com/in/en/seersucker-cargo-trousers-p06416320.html,"[{'https://static.zara.net/photos///2023/I/0/2/p/6416/320/250/2/w/448/6416320250_1_1_1.jpg?ts=1691508194232': 'Image 0 of SEERSUCKER CARGO TROUSERS from Zara'}, {'https://static.zara.net/photos///2023/I/0/2/p/6416/320/250/2/w/448/6416320250_2_1_1.jpg?ts=1691508194161': 'Image 1 of SEERSUCKER CARGO TROUSERS from Zara'}]",4990,Straight fit trousers. Elastic waistband. Front pockets and buttoned jetted pockets on the back. Patch pockets with flaps on the legs. Adjustable hem with elastic side gores.
130,SEERSUCKER TROUSERS WITH CONTRAST TOPSTITCHING,https://www.zara.com/in/en/seersucker-trousers-with-contrast-topstitching-p06861334.html,"[{'https://static.zara.net/photos///2023/I/0/2/p/6861/334/401/2/w/448/6861334401_1_1_1.jpg?ts=1691508195318': 'Image 0 of SEERSUCKER TROUSERS WITH CONTRAST TOPSTITCHING from Zara'}, {'https://static.zara.net/photos///2023/I/0/2/p/6861/334/401/2/w/448/6861334401_2_1_1.jpg?ts=1691508195001': 'Image 1 of SEERSUCKER TROUSERS WITH CONTRAST TOPSTITCHING from Zara'}]",3990,Relaxed fit trousers. Adjustable elastic waistband with interior drawstring. Side pockets and rear patch pocket detail. Contrast topstitching all over the garment.
132,WIDE FIT TROUSERS,https://www.zara.com/in/en/wide-fit-trousers-p08288788.html,"[{'https://static.zara.net/photos///2023/V/0/2/p/4055/120/800/2/w/448/4055120800_1_1_1.jpg?ts=1678099887450': 'Image 0 of WIDE FIT TROUSERS from Zara'}, {'https://static.zara.net/photos///2023/V/0/2/p/4055/120/800/2/w/448/4055120800_2_4_1.jpg?ts=1678099887771': 'Image 1 of WIDE FIT TROUSERS from Zara'}]",2990,"Wide fit trousers featuring an elastic waistband with front pleats, front pockets and rear welt pocket details. Zip fly and top button fastening on the front."
133,WIDE FIT TROUSERS,https://www.zara.com/in/en/wide-fit-trousers-p06861310.html,"[{'https://static.zara.net/photos///2023/I/0/2/p/6861/310/712/32/w/448/6861310712_1_1_1.jpg?ts=1686846698808': 'Image 0 of WIDE FIT TROUSERS from Zara'}, {'https://static.zara.net/photos///2023/I/0/2/p/6861/310/712/2/w/448/6861310712_6_1_1.jpg?ts=1686553215179': 'Image 1 of WIDE FIT TROUSERS from Zara'}]",3990,Wide fit trousers made of a cotton blend. Adjustable elasticated waistband with front pleats. Side pockets and rear patch pocket. Pleated details on the knees.
137,RELAXED FIT CARGO TROUSERS,https://www.zara.com/in/en/relaxed-fit-cargo-trousers-p05520310.html,"[{'https://static.zara.net/photos///2023/I/0/2/p/5520/310/505/2/w/448/5520310505_1_1_1.jpg?ts=1690381578673': 'Image 0 of RELAXED FIT CARGO TROUSERS from Zara'}, {'https://static.zara.net/photos///2023/I/0/2/p/5520/310/505/2/w/448/5520310505_2_1_1.jpg?ts=1690381578782': 'Image 1 of RELAXED FIT CARGO TROUSERS from Zara'}]",4990,Faded relaxed fit trousers with an elasticated waistband with adjustable drawstring. Front and rear pockets. Patch pockets with flaps on the legs.
138,TROUSERS WITH UTILITY POCKETS,https://www.zara.com/in/en/trousers-with-utility-pockets-p06987313.html,"[{'https://static.zara.net/photos///2023/I/0/2/p/6987/313/800/2/w/448/6987313800_1_1_1.jpg?ts=1690444374925': 'Image 0 of TROUSERS WITH UTILITY POCKETS from Zara'}, {'https://static.zara.net/photos///2023/I/0/2/p/6987/313/800/2/w/448/6987313800_2_1_1.jpg?ts=1690444375288': 'Image 1 of TROUSERS WITH UTILITY POCKETS from Zara'}]",4990,Relaxed fit trousers. Front pockets and rear patch pockets. Multifunctional leg pockets. Adjustable elasticated hems. Front zip fly and button fastening.
139,CARGO TROUSERS WITH CONTRAST TOPSTITCHING,https://www.zara.com/in/en/cargo-trousers-with-contrast-topstitching-p02553311.html,"[{'https://static.zara.net/photos///2023/I/0/2/p/2553/311/520/2/w/448/2553311520_1_1_1.jpg?ts=1692359831344': 'Image 0 of CARGO TROUSERS WITH CONTRAST TOPSTITCHING from Zara'}, {'https://static.zara.net/photos///2023/I/0/2/p/2553/311/520/2/w/448/2553311520_2_1_1.jpg?ts=1692359831515': 'Image 1 of CARGO TROUSERS WITH CONTRAST TOPSTITCHING from Zara'}]",4990,Relaxed fit trousers made of technical fabric. Elasticated waistband. Front pockets and patch pockets at the back. Patch pockets with flaps on the legs. Contrast topstitching all over the garment. Adjustable elasticated hems. Zip fly and hidden snap-button fastening at the front.View more
140,UTILITY CARGO TROUSERS,https://www.zara.com/in/en/utility-cargo-trousers-p06987312.html,"[{'https://static.zara.net/photos///2023/I/0/2/p/6987/312/922/2/w/448/6987312922_1_1_1.jpg?ts=1691150973212': 'Image 0 of UTILITY CARGO TROUSERS from Zara'}, {'https://static.zara.net/photos///2023/I/0/2/p/6987/312/922/2/w/448/6987312922_2_1_1.jpg?ts=1691150973367': 'Image 1 of UTILITY CARGO TROUSERS from Zara'}]",4990,Relaxed fit trousers. Front welt pockets and rear pockets. Multifunctional leg pockets. Contrast topstitching detail all over the garment. Front zip fly and button fastening.
141,TROUSERS WITH UTILITY POCKETS,https://www.zara.com/in/en/trousers-with-utility-pockets-p05575375.html,"[{'https://static.zara.net/photos///2023/I/0/2/p/5575/375/500/2/w/448/5575375500_1_1_1.jpg?ts=1688552338125': 'Image 0 of TROUSERS WITH UTILITY POCKETS from Zara'}, {'https://static.zara.net/photos///2023/I/0/2/p/5575/375/500/2/w/448/5575375500_2_1_1.jpg?ts=1688552338491': 'Image 1 of TROUSERS WITH UTILITY POCKETS from Zara'}]",5990,Relaxed fit trousers. Front pockets and rear patch pockets. Multifunctional leg pockets. Adjustable hems with tabs. Front zip fly and button fastening.
142,COMFORT FIT JOGGER WAIST TROUSERS,https://www.zara.com/in/en/comfort-fit-jogger-waist-trousers-p05805623.html,"[{'https://static.zara.net/photos///2023/I/0/2/p/5805/623/706/12/w/448/5805623706_1_1_1.jpg?ts=1688716638591': 'Image 0 of COMFORT FIT JOGGER WAIST TROUSERS from Zara'}, {'https://static.zara.net/photos///2023/I/0/2/p/5805/623/706/2/w/448/5805623706_2_1_1.jpg?ts=1688555084246': 'Image 1 of COMFORT FIT JOGGER WAIST TROUSERS from Zara'}]",3290,Regular-fit trousers made of stretch fabric. Elasticated waistband with adjustable drawstring. Side pockets and back welt pocket detail.
146,CONTRAST PARACHUTE TROUSERS,https://www.zara.com/in/en/contrast-parachute-trousers-p04164300.html,"[{'https://static.zara.net/photos///2023/I/0/2/p/4164/300/700/2/w/448/4164300700_1_1_1.jpg?ts=1687331172152': 'Image 0 of CONTRAST PARACHUTE TROUSERS from Zara'}, {'https://static.zara.net/photos///2023/I/0/2/p/4164/300/700/2/w/448/4164300700_2_1_1.jpg?ts=1687331172074': 'Image 1 of CONTRAST PARACHUTE TROUSERS from Zara'}]",4990,Faded trousers featuring an inner adjustable elasticated waistband. Front pockets and rear patch pockets with flaps. Patch pocket appliqués with flaps on the legs. Adjustable hems with elastic at the sides.
147,CARGO PARACHUTE TROUSERS,https://www.zara.com/in/en/cargo-parachute-trousers-p05862345.html,"[{'https://static.zara.net/photos///2023/I/0/2/p/5862/345/818/2/w/448/5862345818_1_1_1.jpg?ts=1691739360450': 'Image 0 of CARGO PARACHUTE TROUSERS from Zara'}, {'https://static.zara.net/photos///2023/I/0/2/p/5862/345/818/2/w/448/5862345818_2_1_1.jpg?ts=1691739360431': 'Image 1 of CARGO PARACHUTE TROUSERS from Zara'}]",4990,Relaxed fit trousers made of textured ripstop fabric that is resistant to tearing. Elastic waistband. Front pockets and rear welt pocket detail. Patch pockets with flaps on the legs. Adjustable hems with elastic on the sides. Front zip fly and button fastening.View more
148,POPLIN PARACHUTE TROUSERS,https://www.zara.com/in/en/poplin-parachute-trousers-p05862302.html,"[{'https://static.zara.net/photos///2023/I/0/2/p/5862/302/821/2/w/448/5862302821_1_1_1.jpg?ts=1691741037888': 'Image 0 of POPLIN PARACHUTE TROUSERS from Zara'}, {'https://static.zara.net/photos///2023/I/0/2/p/5862/302/821/2/w/448/5862302821_2_1_1.jpg?ts=1691741038303': 'Image 1 of POPLIN PARACHUTE TROUSERS from Zara'}]",3990,Relaxed fit trousers made of cotton poplin. Adjustable elastic waistband. Front pockets and rear patch pockets. Patch pockets on the legs. Adjustable hems with elastic at the sides.
151,PARACHUTE CARGO TROUSERS,https://www.zara.com/in/en/parachute-cargo-trousers-p06917360.html,"[{'https://static.zara.net/photos///2023/I/0/2/p/6917/360/800/2/w/448/6917360800_1_1_1.jpg?ts=1687354907376': 'Image 0 of PARACHUTE CARGO TROUSERS from Zara'}, {'https://static.zara.net/photos///2023/I/0/2/p/6917/360/800/2/w/448/6917360800_2_1_1.jpg?ts=1687354907370': 'Image 1 of PARACHUTE CARGO TROUSERS from Zara'}]",3290,Trousers featuring an adjustable elasticated waistband. Front pockets and rear welt pockets. Patch pocket appliqués with flaps on the legs. Pleated knees. Adjustable hems with elastic at the sides.
153,LINEN/COTTON TROUSERS,https://www.zara.com/in/en/linen-cotton-trousers-p04432450.html,"[{'https://static.zara.net/photos///2023/V/0/2/p/4432/450/052/2/w/448/4432450052_1_1_1.jpg?ts=1674579479138': 'Image 0 of LINEN/COTTON TROUSERS from Zara'}, {'https://static.zara.net/photos///2023/V/0/2/p/4432/450/052/2/w/448/4432450052_2_1_1.jpg?ts=1674579480132': 'Image 1 of LINEN/COTTON TROUSERS from Zara'}]",2990,Trousers made of a cotton and linen blend. Elasticated waistband with adjustable drawstring. Front pockets and back welt pockets.
157,COTTON-LINEN TROUSERS,https://www.zara.com/in/en/cotton-linen-trousers-p06861485.html,"[{'https://static.zara.net/photos///2023/I/0/1/p/6861/485/805/12/w/448/6861485805_1_1_1.jpg?ts=1689074007462': 'Image 0 of COTTON-LINEN TROUSERS from Zara'}, {'https://static.zara.net/photos///2023/I/0/1/p/6861/485/805/12/w/448/6861485805_2_1_1.jpg?ts=1689074003833': 'Image 1 of COTTON-LINEN TROUSERS from Zara'}]",4990,Regular-fit trousers made of cotton and linen blend fabric. Waistband with front pleats. Front pockets and rear pocket details. Front zip fly and top button fastening.
161,TEXTURED SUIT TROUSERS,https://www.zara.com/in/en/textured-suit-trousers-p00706361.html,"[{'https://static.zara.net/photos///2023/I/0/2/p/0706/361/401/2/w/448/0706361401_1_1_1.jpg?ts=1689681526888': 'Image 0 of TEXTURED SUIT TROUSERS from Zara'}, {'https://static.zara.net/photos///2023/I/0/2/p/0706/361/401/2/w/0/0706361401_2_1_1.jpg?ts=1689681527482': 'Image 1 of TEXTURED SUIT TROUSERS from Zara'}]",4990,Straight fit trousers with front pockets and rear jetted pockets with buttons. Front zip fly and button fastening.
162,TEXTURED SUIT TROUSERS,https://www.zara.com/in/en/textured-suit-trousers-p05725510.html,"[{'https://static.zara.net/photos///2023/I/0/2/p/5725/510/802/2/w/448/5725510802_1_1_1.jpg?ts=1689675754028': 'Image 0 of TEXTURED SUIT TROUSERS from Zara'}, {'https://static.zara.net/photos///2023/I/0/2/p/5725/510/802/2/w/448/5725510802_2_1_1.jpg?ts=1689675755280': 'Image 1 of TEXTURED SUIT TROUSERS from Zara'}]",4990,"Straight fit trousers featuring front pockets, rear buttoned jetted pockets and zip fly and top button fastening."
163,TEXTURED SUIT TROUSERS,https://www.zara.com/in/en/textured-suit-trousers-p04585898.html,"[{'https://static.zara.net/photos///2023/I/0/2/p/4585/898/403/2/w/448/4585898403_1_1_1.jpg?ts=1689681528339': 'Image 0 of TEXTURED SUIT TROUSERS from Zara'}, {'https://static.zara.net/photos///2023/I/0/1/p/4585/898/403/2/w/448/4585898403_2_1_1.jpg?ts=1689681658581': 'Image 1 of TEXTURED SUIT TROUSERS from Zara'}]",4990,Straight fit trousers featuring front pockets and buttoned welt pockets at the back. Front zip and top button fastening.
166,SUIT TROUSERS,https://www.zara.com/in/en/suit-trousers-p05735524.html,"[{'https://static.zara.net/photos///2023/I/0/2/p/5735/524/431/2/w/448/5735524431_1_1_1.jpg?ts=1689605447689': 'Image 0 of SUIT TROUSERS from Zara'}, {'https://static.zara.net/photos///2023/I/0/2/p/5735/524/431/2/w/448/5735524431_2_1_1.jpg?ts=1689605448187': 'Image 1 of SUIT TROUSERS from Zara'}]",4990,Straight-fit trousers with front pockets and back double-welt pockets. Front zip fly and button fastening.
168,SUIT TROUSERS,https://www.zara.com/in/en/suit-trousers-p05624243.html,"[{'https://static.zara.net/photos///2023/I/0/1/p/5624/243/500/2/w/448/5624243500_1_1_1.jpg?ts=1690883303116': 'Image 0 of SUIT TROUSERS from Zara'}, {'https://static.zara.net/photos///2023/I/0/2/p/5624/243/500/2/w/448/5624243500_2_1_1.jpg?ts=1689334797591': 'Image 1 of SUIT TROUSERS from Zara'}]",4990,Straight fit trousers with front pockets and rear welt pockets. Front zip fly and button fastening.
170,CARGO TROUSERS WITH CONTRAST TOPSTITCHING,https://www.zara.com/in/en/cargo-trousers-with-contrast-topstitching-p06987310.html,"[{'https://static.zara.net/photos///2023/I/0/2/p/6987/310/500/2/w/448/6987310500_1_1_1.jpg?ts=1690384000464': 'Image 0 of CARGO TROUSERS WITH CONTRAST TOPSTITCHING from Zara'}, {'https://static.zara.net/photos///2023/I/0/2/p/6987/310/500/2/w/0/6987310500_2_1_1.jpg?ts=1690384000324': 'Image 1 of CARGO TROUSERS WITH CONTRAST TOPSTITCHING from Zara'}]",3290,"Straight fit trousers featuring front pockets, rear patch pockets, patch pockets with flaps on the legs, contrast topstitching all over the garment and front zip fly and top button fastening."
171,CARGO TROUSERS WITH CONTRAST TOPSTITCHING,https://www.zara.com/in/en/cargo-trousers-with-contrast-topstitching-p05520374.html,"[{'https://static.zara.net/photos///2023/I/0/2/p/5520/374/405/2/w/448/5520374405_1_1_1.jpg?ts=1689926679250': 'Image 0 of CARGO TROUSERS WITH CONTRAST TOPSTITCHING from Zara'}, {'https://static.zara.net/photos///2023/I/0/2/p/5520/374/405/2/w/448/5520374405_2_1_1.jpg?ts=1689926680008': 'Image 1 of CARGO TROUSERS WITH CONTRAST TOPSTITCHING from Zara'}]",3990,Straight-fit trousers. Front pockets and back welt pocket detail. Patch pocket appliqués with flaps on the legs. Faded effect. Front zip fly and button fastening.
173,CARGO TROUSERS WITH CONTRAST TOPSTITCHING,https://www.zara.com/in/en/cargo-trousers-with-contrast-topstitching-p06917320.html,"[{'https://static.zara.net/photos///2023/I/0/2/p/6917/320/505/2/w/448/6917320505_1_1_1.jpg?ts=1689760702006': 'Image 0 of CARGO TROUSERS WITH CONTRAST TOPSTITCHING from Zara'}, {'https://static.zara.net/photos///2023/I/0/2/p/6917/320/505/2/w/448/6917320505_2_1_1.jpg?ts=1689760704664': 'Image 1 of CARGO TROUSERS WITH CONTRAST TOPSTITCHING from Zara'}]",4990,"Relaxed-fit trousers made of rip stop textured fabric, resistant to tearing. Front pockets and back patch pockets. Faded effect. Patch pockets with flaps on the legs. Contrast topstitching all over the garment. Front zip and button fastening.View more"
175,TEXTURED SUIT TROUSERS,https://www.zara.com/in/en/textured-suit-trousers-p04026227.html,"[{'https://static.zara.net/photos///2023/I/0/2/p/4026/227/800/2/w/448/4026227800_1_1_1.jpg?ts=1689681787247': 'Image 0 of TEXTURED SUIT TROUSERS from Zara'}, {'https://static.zara.net/photos///2023/I/0/2/p/4026/227/800/2/w/448/4026227800_2_1_1.jpg?ts=1689681787597': 'Image 1 of TEXTURED SUIT TROUSERS from Zara'}]",2990,Slim-fit trousers with front pockets and back welt pockets. Turn-up hems. Zip fly and top button fastening.
180,LINEN - VISCOSE TROUSERS,https://www.zara.com/in/en/linen---viscose-trousers-p04302688.html,"[{'https://static.zara.net/photos///2023/V/0/2/p/4302/300/800/2/w/448/4302300800_1_1_1.jpg?ts=1683714392429': 'Image 0 of LINEN - VISCOSE TROUSERS from Zara'}, {'https://static.zara.net/photos///2023/V/0/2/p/4302/300/800/2/w/448/4302300800_2_1_1.jpg?ts=1683714392024': 'Image 1 of LINEN - VISCOSE TROUSERS from Zara'}]",2990,Regular-fit trousers made of a viscose and linen blend fabric. Adjustable elasticated waistband. Front pockets and back pockets. Faded effect.
184,TEXTURED RELAXED FIT TROUSERS,https://www.zara.com/in/en/textured-relaxed-fit-trousers-p04087337.html,"[{'https://static.zara.net/photos///2023/I/0/2/p/4087/337/712/2/w/448/4087337712_1_1_1.jpg?ts=1691141197401': 'Image 0 of TEXTURED RELAXED FIT TROUSERS from Zara'}, {'https://static.zara.net/photos///2023/I/0/2/p/4087/337/712/2/w/448/4087337712_2_2_1.jpg?ts=1691141196726': 'Image 1 of TEXTURED RELAXED FIT TROUSERS from Zara'}]",3290,Relaxed fit trousers. Adjustable elasticated waistband with drawstring. Side pockets and rear patch pocket detail.
185,GEOMETRIC JACQUARD TROUSERS,https://www.zara.com/in/en/geometric-jacquard-trousers-p05644306.html,"[{'https://static.zara.net/photos///2023/I/0/2/p/5644/306/100/2/w/448/5644306100_1_1_1.jpg?ts=1691580145860': 'Image 0 of GEOMETRIC JACQUARD TROUSERS from Zara'}, {'https://static.zara.net/photos///2023/I/0/2/p/5644/306/100/2/w/448/5644306100_2_1_1.jpg?ts=1691580145861': 'Image 1 of GEOMETRIC JACQUARD TROUSERS from Zara'}]",3290,Trousers featuring an adjustable elasticated waistband with drawstring. Side pockets and rear patch pocket detail.
187,JOGGER WAIST TROUSERS,https://www.zara.com/in/en/jogger-waist-trousers-p06861304.html,"[{'https://static.zara.net/photos///2023/I/0/2/p/6861/304/520/2/w/448/6861304520_1_1_1.jpg?ts=1688544256229': 'Image 0 of JOGGER WAIST TROUSERS from Zara'}, {'https://static.zara.net/photos///2023/I/0/2/p/6861/304/520/2/w/448/6861304520_2_4_1.jpg?ts=1688544258081': 'Image 1 of JOGGER WAIST TROUSERS from Zara'}]",4990,Relaxed fit trousers made of cotton fabric. Adjustable elasticated waistband with drawstring. Front pockets and back patch pocket detail.
189,PARACHUTE CARGO TROUSERS,https://www.zara.com/in/en/parachute-cargo-trousers-p08281428.html,"[{'https://static.zara.net/photos///2023/I/0/2/p/8281/428/727/2/w/448/8281428727_6_1_1.jpg?ts=1686565058742': 'Image 0 of PARACHUTE CARGO TROUSERS from Zara'}, {'https://static.zara.net/photos///2023/I/0/2/p/8281/428/727/2/w/448/8281428727_6_2_1.jpg?ts=1686565058622': 'Image 1 of PARACHUTE CARGO TROUSERS from Zara'}]",4990,Trousers featuring an adjustable elasticated waistband with a matching belt. Front pockets and a rear welt pocket. Patch pocket appliqués on the leg. Pleated knees. Adjustable hems with elastic at the sides.
190,PLEATED SEERSUCKER TROUSERS,https://www.zara.com/in/en/pleated-seersucker-trousers-p07380303.html,"[{'https://static.zara.net/photos///2023/V/0/2/p/7380/303/800/2/w/448/7380303800_1_1_1.jpg?ts=1679054156788': 'Image 0 of PLEATED SEERSUCKER TROUSERS from Zara'}, {'https://static.zara.net/photos///2023/V/0/2/p/7380/303/800/2/w/448/7380303800_2_1_1.jpg?ts=1679054156481': 'Image 1 of PLEATED SEERSUCKER TROUSERS from Zara'}]",3290,Regular-fit trousers with an elasticated adjustable waistband with front pleats. Side pockets and back welt pockets.
192,LINEN/COTTON TROUSERS,https://www.zara.com/in/en/linen-cotton-trousers-p08574347.html,"[{'https://static.zara.net/photos///2023/V/0/2/p/8574/347/250/2/w/0/8574347250_1_1_1.jpg?ts=1675265762444': 'Image 0 of LINEN/COTTON TROUSERS from Zara'}, {'https://static.zara.net/photos///2023/V/0/2/p/8574/347/250/2/w/0/8574347250_2_1_1.jpg?ts=1675265761100': 'Image 1 of LINEN/COTTON TROUSERS from Zara'}]",3990,Slim-fit trousers with an elasticated waistband with matching adjustable drawstrings. Front and back welt pockets. Zip fly and top button fastening.
195,COTTON - LINEN TROUSERS,https://www.zara.com/in/en/cotton---linen-trousers-p05797592.html,"[{'https://static.zara.net/photos///2023/I/0/2/p/5797/592/505/2/w/448/5797592505_1_1_1.jpg?ts=1688369859660': 'Image 0 of COTTON - LINEN TROUSERS from Zara'}, {'https://static.zara.net/photos///2023/I/0/2/p/5797/592/505/2/w/0/5797592505_2_4_1.jpg?ts=1688369862789': 'Image 1 of COTTON - LINEN TROUSERS from Zara'}]",3990,Trousers made of a cotton and linen blend. Adjustable elasticated waistband with pleated detail on the front. Front pockets and back welt pockets. Zip fly and top button fastening.
197,COTTON - LINEN TROUSERS,https://www.zara.com/in/en/cotton---linen-trousers-p00706414.html,"[{'https://static.zara.net/photos///2023/I/0/2/p/0706/414/730/2/w/0/0706414730_1_1_1.jpg?ts=1688122586506': 'Image 0 of COTTON - LINEN TROUSERS from Zara'}, {'https://static.zara.net/photos///2023/I/0/2/p/0706/414/730/2/w/448/0706414730_2_1_1.jpg?ts=1688122586254': 'Image 1 of COTTON - LINEN TROUSERS from Zara'}]",3290,Regular-fit trousers made of cotton and linen blend fabric. Elasticated waistband with adjustable drawstring. Front pockets and back patch pockets. Front zip fly and snap button.
199,JOGGER WAIST TROUSERS,https://www.zara.com/in/en/jogger-waist-trousers-p00706532.html,"[{'https://static.zara.net/photos///2023/I/0/2/p/0706/532/500/2/w/448/0706532500_1_1_1.jpg?ts=1691586338897': 'Image 0 of JOGGER WAIST TROUSERS from Zara'}, {'https://static.zara.net/photos///2023/I/0/2/p/0706/532/500/2/w/448/0706532500_2_1_1.jpg?ts=1691586339005': 'Image 1 of JOGGER WAIST TROUSERS from Zara'}]",4990,Relaxed-fit trousers made of cotton fabric. Adjustable elasticated waistband with drawstring. Front pockets and back patch pockets.
200,MODAL BLEND TROUSERS,https://www.zara.com/in/en/modal-blend-trousers-p00706447.html,"[{'https://static.zara.net/photos///2023/I/0/2/p/0706/447/807/2/w/448/0706447807_1_1_1.jpg?ts=1689763220663': 'Image 0 of MODAL BLEND TROUSERS from Zara'}, {'https://static.zara.net/photos///2023/I/0/2/p/0706/447/807/2/w/448/0706447807_2_1_1.jpg?ts=1689763217731': 'Image 1 of MODAL BLEND TROUSERS from Zara'}]",3990,Regular-fit trousers made of a modal blend fabric. Featuring an adjustable elasticated waistband with drawstring. Side pockets and rear pocket details.
201,JACQUARD TEXTURED TROUSERS,https://www.zara.com/in/en/jacquard-textured-trousers-p04087365.html,"[{'https://static.zara.net/photos///2023/I/0/2/p/4087/365/706/2/w/448/4087365706_1_1_1.jpg?ts=1690810061998': 'Image 0 of JACQUARD TEXTURED TROUSERS from Zara'}, {'https://static.zara.net/photos///2023/I/0/2/p/4087/365/706/2/w/448/4087365706_2_1_1.jpg?ts=1690810062119': 'Image 1 of JACQUARD TEXTURED TROUSERS from Zara'}]",3290,Relaxed fit trousers with an adjustable elasticated waistband. Front pockets and rear pocket detail.
204,VERTICAL TEXTURED TROUSERS,https://www.zara.com/in/en/vertical-textured-trousers-p05039301.html,"[{'https://static.zara.net/photos///2023/I/0/2/p/5039/301/804/2/w/448/5039301804_1_1_1.jpg?ts=1687337706600': 'Image 0 of VERTICAL TEXTURED TROUSERS from Zara'}, {'https://static.zara.net/photos///2023/I/0/2/p/5039/301/804/2/w/448/5039301804_2_1_1.jpg?ts=1687337707007': 'Image 1 of VERTICAL TEXTURED TROUSERS from Zara'}]",3290,Relaxed fit trousers with an adjustable elasticated drawstring waistband. Front pockets and rear patch pocket.
208,LYOCELL JOGGER WAIST TROUSERS,https://www.zara.com/in/en/lyocell-jogger-waist-trousers-p04432460.html,"[{'https://static.zara.net/photos///2023/I/0/2/p/4432/460/518/2/w/448/4432460518_1_1_1.jpg?ts=1690381091228': 'Image 0 of LYOCELL JOGGER WAIST TROUSERS from Zara'}, {'https://static.zara.net/photos///2023/I/0/2/p/4432/460/518/2/w/448/4432460518_2_1_1.jpg?ts=1690380556440': 'Image 1 of LYOCELL JOGGER WAIST TROUSERS from Zara'}]",3290,"Regular fit trousers made of lyocell. Featuring an adjustable elasticated drawstring waistband, front pockets and rear buttoned welt pockets. Front zip fly and top button fastening."
212,WIDE FIT TEXTURED TROUSERS,https://www.zara.com/in/en/wide-fit-textured-trousers-p03992326.html,"[{'https://static.zara.net/photos///2023/I/0/2/p/3992/326/707/2/w/448/3992326707_2_4_1.jpg?ts=1690538952111': 'Image 0 of WIDE FIT TEXTURED TROUSERS from Zara'}, {'https://static.zara.net/photos///2023/I/0/2/p/3992/326/707/2/w/448/3992326707_1_1_1.jpg?ts=1690538952300': 'Image 1 of WIDE FIT TEXTURED TROUSERS from Zara'}]",3290,"Wide fit trousers featuring an elasticated waistband with adjustable drawstring, front pockets and a patch pocket detail."
213,COTTON - LINEN TROUSERS,https://www.zara.com/in/en/cotton---linen-trousers-p06917300.html,"[{'https://static.zara.net/photos///2023/I/0/2/p/6917/300/811/2/w/448/6917300811_1_1_1.jpg?ts=1688731458333': 'Image 0 of COTTON - LINEN TROUSERS from Zara'}, {'https://static.zara.net/photos///2023/I/0/2/p/6917/300/811/2/w/448/6917300811_2_1_1.jpg?ts=1688731458232': 'Image 1 of COTTON - LINEN TROUSERS from Zara'}]",3290,Regular fit trousers made of a cotton and linen blend fabric. Adjustable inner elasticated waistband. Front and back pockets.
218,VISCOSE - LINEN TROUSERS,https://www.zara.com/in/en/viscose---linen-trousers-p04432415.html,"[{'https://static.zara.net/photos///2023/V/0/2/p/4432/415/500/2/w/448/4432415500_1_1_1.jpg?ts=1678438145566': 'Image 0 of VISCOSE - LINEN TROUSERS from Zara'}, {'https://static.zara.net/photos///2023/V/0/2/p/4432/415/500/2/w/448/4432415500_2_1_1.jpg?ts=1678438158810': 'Image 1 of VISCOSE - LINEN TROUSERS from Zara'}]",2990,Trousers in a viscose and linen blend fabric. Elasticated adjustable waistband with drawstrings. Front pockets and rear patch pocket detail.
223,LINEN-EFFECT TROUSERS,https://www.zara.com/in/en/linen-effect-trousers-p07147403.html,"[{'https://static.zara.net/photos///2023/V/0/1/p/7147/403/251/2/w/448/7147403251_1_1_1.jpg?ts=1678295617859': 'Image 0 of LINEN-EFFECT TROUSERS from Zara'}, {'https://static.zara.net/photos///2023/V/0/1/p/7147/403/251/2/w/448/7147403251_2_1_1.jpg?ts=1678295619781': 'Image 1 of LINEN-EFFECT TROUSERS from Zara'}]",3990,Relaxed-fit trousers. Elasticated waistband with adjustable drawstring. Front pockets and back welt pockets.
224,LINEN/COTTON TROUSERS,https://www.zara.com/in/en/linen-cotton-trousers-p07147302.html,"[{'https://static.zara.net/photos///2023/I/0/2/p/7147/302/052/2/w/448/7147302052_2_1_1.jpg?ts=1691503022604': 'Image 0 of LINEN/COTTON TROUSERS from Zara'}, {'https://static.zara.net/photos///2023/I/0/2/p/7147/302/052/2/w/448/7147302052_1_1_1.jpg?ts=1691503023000': 'Image 1 of LINEN/COTTON TROUSERS from Zara'}]",3290,Regular fit trousers made of a linen and cotton blend fabric. Elasticated waistband with adjustable drawstring. Front pockets and rear pockets.
225,LEAF MOTIF JACQUARD TROUSERS,https://www.zara.com/in/en/leaf-motif-jacquard-trousers-p02553300.html,"[{'https://static.zara.net/photos///2023/I/0/2/p/2553/300/711/2/w/448/2553300711_1_1_1.jpg?ts=1688720590938': 'Image 0 of LEAF MOTIF JACQUARD TROUSERS from Zara'}, {'https://static.zara.net/photos///2023/I/0/2/p/2553/300/711/2/w/448/2553300711_2_1_1.jpg?ts=1688720591091': 'Image 1 of LEAF MOTIF JACQUARD TROUSERS from Zara'}]",3990,Regular-fit trousers featuring an adjustable elasticated waistband with drawstring. Front pockets and rear welt pockets.
226,FLOWING TROUSERS,https://www.zara.com/in/en/flowing-trousers-p03268304.html,"[{'https://static.zara.net/photos///2023/I/0/2/p/3268/304/707/2/w/448/3268304707_1_1_1.jpg?ts=1692174478184': 'Image 0 of FLOWING TROUSERS from Zara'}, {'https://static.zara.net/photos///2023/I/0/2/p/3268/304/707/2/w/448/3268304707_2_1_1.jpg?ts=1692174477961': 'Image 1 of FLOWING TROUSERS from Zara'}]",3990,Relaxed fit trousers made of a modal blend fabric. Featuring an adjustable elasticated waistband with drawstring. Front pockets and rear welt pockets.
227,TEXTURED RUSTIC TROUSERS WITH PLEATS,https://www.zara.com/in/en/textured-rustic-trousers-with-pleats-p06861321.html,"[{'https://static.zara.net/photos///2023/I/0/2/p/6861/321/707/2/w/448/6861321707_1_1_1.jpg?ts=1691483219249': 'Image 0 of TEXTURED RUSTIC TROUSERS WITH PLEATS from Zara'}, {'https://static.zara.net/photos///2023/I/0/2/p/6861/321/707/2/w/448/6861321707_2_1_1.jpg?ts=1691483159721': 'Image 1 of TEXTURED RUSTIC TROUSERS WITH PLEATS from Zara'}]",4990,Trousers made of a cotton blend. Waist with front pleats. Front pockets and back welt pockets with buttons. Front zip fly and top button fastening.
228,LINEN - LYOCELL TROUSERS,https://www.zara.com/in/en/linen---lyocell-trousers-p06096400.html,"[{'https://static.zara.net/photos///2023/I/0/2/p/6096/400/707/2/w/448/6096400707_1_1_1.jpg?ts=1689923261327': 'Image 0 of LINEN - LYOCELL TROUSERS from Zara'}, {'https://static.zara.net/photos///2023/I/0/2/p/6096/400/707/2/w/448/6096400707_2_1_1.jpg?ts=1689923262432': 'Image 1 of LINEN - LYOCELL TROUSERS from Zara'}]",4990,Regular fit trousers made of a linen and lyocell blend. Front patch pockets and buttoned welt pockets at the back. Front zip and button fastening.
229,BELTED COTTON-LINEN TROUSERS,https://www.zara.com/in/en/belted-cotton-linen-trousers-p05777036.html,"[{'https://static.zara.net/photos///2023/I/0/2/p/5777/036/807/2/w/448/5777036807_1_1_1.jpg?ts=1689923261184': 'Image 0 of BELTED COTTON-LINEN TROUSERS from Zara'}, {'https://static.zara.net/photos///2023/I/0/2/p/5777/036/807/2/w/448/5777036807_2_1_1.jpg?ts=1689923262365': 'Image 1 of BELTED COTTON-LINEN TROUSERS from Zara'}]",4990,Regular fit trousers made of a cotton and linen blend. Waist with front pleats and a belt in the same fabric. Front pockets and rear welt pockets. Front zip and button fastening.
230,TEXTURED COTTON - LINEN TROUSERS,https://www.zara.com/in/en/textured-cotton---linen-trousers-p07484301.html,"[{'https://static.zara.net/photos///2023/I/0/2/p/7484/301/711/2/w/448/7484301711_1_1_1.jpg?ts=1690360446678': 'Image 0 of TEXTURED COTTON - LINEN TROUSERS from Zara'}, {'https://static.zara.net/photos///2023/I/0/2/p/7484/301/711/2/w/448/7484301711_2_1_1.jpg?ts=1690360445655': 'Image 1 of TEXTURED COTTON - LINEN TROUSERS from Zara'}]",3990,Regular-fit trousers made of cotton and linen blend. Front pockets and back patch pockets with flaps. Front zip fly and top button fastening.
232,100% LINEN PLEATED TROUSERS,https://www.zara.com/in/en/100-linen-pleated-trousers-p04164100.html,"[{'https://static.zara.net/photos///2023/I/0/2/p/4164/100/711/2/w/489/4164100711_1_1_1.jpg?ts=1688574157811': 'Image 0 of 100% LINEN PLEATED TROUSERS from Zara'}, {'https://static.zara.net/photos///2023/I/0/2/p/4164/100/711/2/w/489/4164100711_2_1_1.jpg?ts=1688574158516': 'Image 1 of 100% LINEN PLEATED TROUSERS from Zara'}]",5990,Regular fit trousers made of a linen fabric. waistband with front pleated details. Front pockets and rear jetted pockets. Front zip fly and button fastening.Origins special collection.View more
234,LINEN BLEND PARACHUTE TROUSERS,https://www.zara.com/in/en/linen-blend-parachute-trousers-p06416312.html,"[{'https://static.zara.net/photos///2023/I/0/2/p/6416/314/251/2/w/448/6416314251_1_1_1.jpg?ts=1687337221550': 'Image 0 of LINEN BLEND PARACHUTE TROUSERS from Zara'}, {'https://static.zara.net/photos///2023/I/0/2/p/6416/314/251/2/w/448/6416314251_2_1_1.jpg?ts=1687337221297': 'Image 1 of LINEN BLEND PARACHUTE TROUSERS from Zara'}]",4990,Trousers made of a linen blend. Adjustable elasticated waistband with an inner elastic drawstring. Front pockets and back patch pockets with flaps. Patch pockets on the legs. Pleated knees. Adjustable hems with elastic drawstring on the sides.View more
242,FADED PARACHUTE TROUSERS,https://www.zara.com/in/en/faded-parachute-trousers-p02553307.html,"[{'https://static.zara.net/photos///2023/I/0/2/p/2553/307/065/2/w/448/2553307065_1_1_1.jpg?ts=1691072083257': 'Image 0 of FADED PARACHUTE TROUSERS from Zara'}, {'https://static.zara.net/photos///2023/I/0/2/p/2553/307/065/2/w/448/2553307065_2_1_1.jpg?ts=1691072085128': 'Image 1 of FADED PARACHUTE TROUSERS from Zara'}]",4990,Relaxed fit faded trousers made of cotton. Adjustable elasticated waistband. Front pockets and rear patch pocket with a flap. Front zip fly and snap-button fastening.
243,PARACHUTE TROUSERS,https://www.zara.com/in/en/parachute-trousers-p05862360.html,"[{'https://static.zara.net/photos///2023/I/0/2/p/5862/360/800/2/w/448/5862360800_1_1_1.jpg?ts=1687354907023': 'Image 0 of PARACHUTE TROUSERS from Zara'}, {'https://static.zara.net/photos///2023/I/0/2/p/5862/360/800/2/w/448/5862360800_2_1_1.jpg?ts=1687354906938': 'Image 1 of PARACHUTE TROUSERS from Zara'}]",3290,Trousers with an adjustable elasticated waistband. Front pockets and back patch pockets. Pleats on the knees. Adjustable hem with elastic on the sides.
245,ACID WASH PARACHUTE TROUSERS,https://www.zara.com/in/en/acid-wash-parachute-trousers-p04164329.html,"[{'https://static.zara.net/photos///2023/I/0/2/p/4164/329/515/2/w/448/4164329515_1_1_1.jpg?ts=1687331083577': 'Image 0 of ACID WASH PARACHUTE TROUSERS from Zara'}, {'https://static.zara.net/photos///2023/I/0/2/p/4164/329/515/2/w/448/4164329515_2_1_1.jpg?ts=1687331083973': 'Image 1 of ACID WASH PARACHUTE TROUSERS from Zara'}]",3990,Faded trousers featuring an inner adjustable elasticated waistband. Side pockets and rear patch pockets with flaps. Pleated knees. Adjustable hems with elastic at the sides.
247,STRIPED TEXTURED TROUSERS,https://www.zara.com/in/en/striped-textured-trousers-p04840401.html,"[{'https://static.zara.net/photos///2023/I/0/2/p/4840/401/804/2/w/448/4840401804_1_1_1.jpg?ts=1689756834684': 'Image 0 of STRIPED TEXTURED TROUSERS from Zara'}, {'https://static.zara.net/photos///2023/I/0/2/p/4840/401/804/2/w/448/4840401804_2_1_1.jpg?ts=1689756835554': 'Image 1 of STRIPED TEXTURED TROUSERS from Zara'}]",3990,Regular-fit trousers made of a cotton blend. Adjustable elasticated waistband with drawstring. Front pockets and back welt pockets.
248,STRIPED JOGGER WAIST TROUSERS,https://www.zara.com/in/en/striped-jogger-waist-trousers-p02675409.html,"[{'https://static.zara.net/photos///2023/I/0/2/p/2675/409/104/2/w/448/2675409104_1_1_1.jpg?ts=1688713594510': 'Image 0 of STRIPED JOGGER WAIST TROUSERS from Zara'}, {'https://static.zara.net/photos///2023/I/0/2/p/2675/409/104/2/w/448/2675409104_2_1_1.jpg?ts=1688713594826': 'Image 1 of STRIPED JOGGER WAIST TROUSERS from Zara'}]",3990,Regular-fit trousers made of cotton fabric. Adjustable elasticated waistband with drawstring. Front pockets and rear welt pockets.
250,STRIPED TEXTURED TROUSERS,https://www.zara.com/in/en/striped-textured-trousers-p06917402.html,"[{'https://static.zara.net/photos///2023/I/0/2/p/6917/402/712/2/w/448/6917402712_1_1_1.jpg?ts=1687856106736': 'Image 0 of STRIPED TEXTURED TROUSERS from Zara'}, {'https://static.zara.net/photos///2023/I/0/2/p/6917/402/712/2/w/448/6917402712_2_1_1.jpg?ts=1687856104775': 'Image 1 of STRIPED TEXTURED TROUSERS from Zara'}]",3990,Trousers made of a linen and cotton blend. Front pockets and back welt pockets. Zip fly and top button fastening.
252,100% LINEN TROUSERS,https://www.zara.com/in/en/100-linen-trousers-p08574348.html,"[{'https://static.zara.net/photos///2023/V/0/2/p/8574/348/052/2/w/448/8574348052_1_1_1.jpg?ts=1680076347053': 'Image 0 of 100% LINEN TROUSERS from Zara'}, {'https://static.zara.net/photos///2023/V/0/2/p/8574/348/052/2/w/448/8574348052_2_1_1.jpg?ts=1680076342354': 'Image 1 of 100% LINEN TROUSERS from Zara'}]",4990,Straight fit trousers made of linen. Waist with front pleat details. Front pockets and rear jetted pockets. Front zip fly and button fastening.
256,JUMPSUIT - LIMITED EDITION,https://www.zara.com/in/en/jumpsuit---limited-edition-p05827249.html,"[{'https://static.zara.net/photos///2023/I/0/2/p/5827/249/700/2/w/448/5827249700_1_1_1.jpg?ts=1689327624756': 'Image 0 of JUMPSUIT - LIMITED EDITION from Zara'}, {'https://static.zara.net/photos///2023/I/0/2/p/5827/249/700/2/w/448/5827249700_2_1_1.jpg?ts=1689327628611': 'Image 1 of JUMPSUIT - LIMITED EDITION from Zara'}]",11990,Oversize fit jumpsuit. Lapel collar and long sleeves with buttoned cuffs. Chest patch pockets. Elastic waistband. Front pockets and rear flap pockets. Pleats on the knee. Adjustable elastic hem.
257,PARACHUTE TROUSERS - LIMITED EDITION,https://www.zara.com/in/en/parachute-trousers---limited-edition-p05829252.html,"[{'https://static.zara.net/photos///2023/I/0/2/p/5829/252/706/2/w/448/5829252706_1_1_1.jpg?ts=1689327624477': 'Image 0 of PARACHUTE TROUSERS - LIMITED EDITION from Zara'}, {'https://static.zara.net/photos///2023/I/0/2/p/5829/252/706/2/w/448/5829252706_2_1_1.jpg?ts=1689327628771': 'Image 1 of PARACHUTE TROUSERS - LIMITED EDITION from Zara'}]",5990,Trousers featuring an elasticated waistband with inner adjustable drawstring. Front pockets and rear pockets with flaps. Flap pocket on the leg. Pleated knees. Adjustable elastic hem.
261,PARACHUTE TROUSERS - LIMITED EDITION,https://www.zara.com/in/en/parachute-trousers---limited-edition-p05320302.html,"[{'https://static.zara.net/photos///2023/I/0/2/p/5320/302/712/2/w/448/5320302712_1_1_1.jpg?ts=1689327626468': 'Image 0 of PARACHUTE TROUSERS - LIMITED EDITION from Zara'}, {'https://static.zara.net/photos///2023/I/0/2/p/5320/302/712/2/w/448/5320302712_2_1_1.jpg?ts=1689327627289': 'Image 1 of PARACHUTE TROUSERS - LIMITED EDITION from Zara'}]",4990,Trousers made of technical fabric. Adjustable elasticated drawstring waistband. Front patch pockets and rear flap pockets. Pleated details on the knees. Adjustable drawstring hem. Front zip and button fastening.
263,RELAXED FIT TROUSERS - LIMITED EDITION,https://www.zara.com/in/en/relaxed-fit-trousers---limited-edition-p05842251.html,"[{'https://static.zara.net/photos///2023/I/0/2/p/5842/251/401/2/w/448/5842251401_2_1_1.jpg?ts=1689327629721': 'Image 0 of RELAXED FIT TROUSERS - LIMITED EDITION from Zara'}, {'https://static.zara.net/photos///2023/I/0/2/p/5842/251/401/2/w/448/5842251401_1_1_1.jpg?ts=1689327629194': 'Image 1 of RELAXED FIT TROUSERS - LIMITED EDITION from Zara'}]",4990,Relaxed fit trousers with an elasticated waistband with front pleated details. Front pockets and rear welt pocket details. Hidden metal hook and zip fly front fastening.
265,STRAIGHT-FIT FADED TROUSERS,https://www.zara.com/in/en/straight-fit-faded-trousers-p01538309.html,"[{'https://static.zara.net/photos///2023/I/0/2/p/1538/309/807/2/w/448/1538309807_1_1_1.jpg?ts=1691746948648': 'Image 0 of STRAIGHT-FIT FADED TROUSERS from Zara'}, {'https://static.zara.net/photos///2023/I/0/2/p/1538/309/807/2/w/448/1538309807_2_1_1.jpg?ts=1691746948908': 'Image 1 of STRAIGHT-FIT FADED TROUSERS from Zara'}]",3290,Straight-fit trousers made of a textured cotton fabric. Front pockets and back patch pockets. Faded effect. Front zip fly and button fastening.
266,CARPENTER TROUSERS WITH POCKET,https://www.zara.com/in/en/carpenter-trousers-with-pocket-p01538427.html,"[{'https://static.zara.net/photos///2023/I/0/2/p/1538/427/612/2/w/448/1538427612_1_1_1.jpg?ts=1689760695469': 'Image 0 of CARPENTER TROUSERS WITH POCKET from Zara'}, {'https://static.zara.net/photos///2023/I/0/2/p/1538/427/612/2/w/448/1538427612_2_1_1.jpg?ts=1689760701315': 'Image 1 of CARPENTER TROUSERS WITH POCKET from Zara'}]",3990,Straight-fit trousers made of cotton. Front pockets and back patch pockets. Faded effect. Patch pocket appliqué and multifunctional strap on the leg. Contrast topstitching all over the garment. Front zip fly and button fastening.View more
270,TROUSERS WITH FRONT SEAM DETAIL,https://www.zara.com/in/en/trousers-with-front-seam-detail-p06861545.html,"[{'https://static.zara.net/photos///2023/I/0/2/p/6861/545/710/2/w/448/6861545710_1_1_1.jpg?ts=1691566143603': 'Image 0 of TROUSERS WITH FRONT SEAM DETAIL from Zara'}, {'https://static.zara.net/photos///2023/I/0/2/p/6861/545/710/2/w/448/6861545710_2_1_1.jpg?ts=1691566143429': 'Image 1 of TROUSERS WITH FRONT SEAM DETAIL from Zara'}]",4990,Straight-fit trousers. Elasticated waistband. Front pockets and back patch pocket. Seam detail on the front of the legs. Front zip fly and button fastening.
271,TEXTURED TROUSERS WITH SEAMS,https://www.zara.com/in/en/textured-trousers-with-seams-p05320303.html,"[{'https://static.zara.net/photos///2023/I/0/2/p/5320/303/800/2/w/448/5320303800_1_1_1.jpg?ts=1692359829447': 'Image 0 of TEXTURED TROUSERS WITH SEAMS from Zara'}, {'https://static.zara.net/photos///2023/I/0/2/p/5320/303/800/2/w/448/5320303800_2_1_1.jpg?ts=1692359828994': 'Image 1 of TEXTURED TROUSERS WITH SEAMS from Zara'}]",3990,Wide-fit trousers made of textured stretch fabric. Front pockets and rear welt pockets. Front seams on the leg. Adjustable hems with zip. Front zip and button fastening.
275,PARACHUTE TROUSERS WITH CONTRAST TOPSTITCHING,https://www.zara.com/in/en/parachute-trousers-with-contrast-topstitching-p00706604.html,"[{'https://static.zara.net/photos///2023/I/0/2/p/0706/604/800/2/w/448/0706604800_1_1_1.jpg?ts=1688715757226': 'Image 0 of PARACHUTE TROUSERS WITH CONTRAST TOPSTITCHING from Zara'}, {'https://static.zara.net/photos///2023/I/0/2/p/0706/604/800/2/w/448/0706604800_2_1_1.jpg?ts=1688715757133': 'Image 1 of PARACHUTE TROUSERS WITH CONTRAST TOPSTITCHING from Zara'}]",4990,Relaxed fit trousers. Adjustable elasticated waistband. Side pockets and rear patch pocket details. Contrast topstitching all over the garment. Adjustable hem with elastic side gores.
277,TROUSERS WITH CONTRAST TOPSTITCHING,https://www.zara.com/in/en/trousers-with-contrast-topstitching-p05781162.html,"[{'https://static.zara.net/photos///2023/I/0/2/p/5781/162/800/2/w/448/5781162800_1_1_1.jpg?ts=1688725313193': 'Image 0 of TROUSERS WITH CONTRAST TOPSTITCHING from Zara'}, {'https://static.zara.net/photos///2023/I/0/2/p/5781/162/800/2/w/448/5781162800_2_1_1.jpg?ts=1688715757588': 'Image 1 of TROUSERS WITH CONTRAST TOPSTITCHING from Zara'}]",4990,Wide fit trousers. Side pockets and rear welt pockets. Contrast topstitching all over the garment. Front zip fly and button fastening.
279,TROUSERS WITH CONTRAST PIPING,https://www.zara.com/in/en/trousers-with-contrast-piping-p06861311.html,"[{'https://static.zara.net/photos///2023/I/0/2/p/6861/311/800/2/w/448/6861311800_1_1_1.jpg?ts=1689926675416': 'Image 0 of TROUSERS WITH CONTRAST PIPING from Zara'}, {'https://static.zara.net/photos///2023/I/0/2/p/6861/311/800/2/w/448/6861311800_2_1_1.jpg?ts=1689926677291': 'Image 1 of TROUSERS WITH CONTRAST PIPING from Zara'}]",3990,Straight fit trousers. Elasticated waistband with adjustable drawstring and front pleats. Side pockets and rear welt pockets. Contrast piping on the legs.
283,TROUSERS WITH DOUBLE WAIST,https://www.zara.com/in/en/trousers-with-double-waist-p08281323.html,"[{'https://static.zara.net/photos///2023/I/0/2/p/8281/323/800/2/w/448/8281323800_1_1_1.jpg?ts=1689926676959': 'Image 0 of TROUSERS WITH DOUBLE WAIST from Zara'}, {'https://static.zara.net/photos///2023/I/0/2/p/8281/323/800/2/w/448/8281323800_2_1_1.jpg?ts=1689926681630': 'Image 1 of TROUSERS WITH DOUBLE WAIST from Zara'}]",4990,"Wide fit trousers featuring an elastic double waistband, front pleats, front pockets and back pocket details."
287,JOGGER WAIST TROUSERS,https://www.zara.com/in/en/jogger-waist-trousers-p01538450.html,"[{'https://static.zara.net/photos///2023/V/0/2/p/1538/450/806/2/w/448/1538450806_1_1_1.jpg?ts=1678983365854': 'Image 0 of JOGGER WAIST TROUSERS from Zara'}, {'https://static.zara.net/photos///2023/V/0/2/p/1538/450/806/2/w/448/1538450806_2_1_1.jpg?ts=1678983359499': 'Image 1 of JOGGER WAIST TROUSERS from Zara'}]",2590,Relaxed fit trousers. Adjustable elastic waistband with interior drawstring. Front pockets and rear welt pockets. Front zip fly and button fastening. Elastic cuffed hems.
292,TEXTURED JOGGER WAIST TROUSERS,https://www.zara.com/in/en/textured-jogger-waist-trousers-p08574341.html,"[{'https://static.zara.net/photos///2023/I/0/2/p/8574/341/250/2/w/448/8574341250_1_1_1.jpg?ts=1688117601753': 'Image 0 of TEXTURED JOGGER WAIST TROUSERS from Zara'}, {'https://static.zara.net/photos///2023/I/0/2/p/8574/341/250/2/w/448/8574341250_2_1_1.jpg?ts=1688117601641': 'Image 1 of TEXTURED JOGGER WAIST TROUSERS from Zara'}]",3290,Trousers made of a cotton blend. Elasticated waistband with adjustable drawstrings. Pleated detail at the front of the waist. Front pockets and back pockets. Front zip fly and button fastening.
296,COTTON POPLIN TROUSERS,https://www.zara.com/in/en/cotton-poplin-trousers-p01063314.html,"[{'https://static.zara.net/photos///2023/I/0/1/p/1063/314/505/2/w/448/1063314505_1_1_1.jpg?ts=1691138283378': 'Image 0 of COTTON POPLIN TROUSERS from Zara'}, {'https://static.zara.net/photos///2023/I/0/2/p/1063/314/505/2/w/448/1063314505_2_1_1.jpg?ts=1691138436155': 'Image 1 of COTTON POPLIN TROUSERS from Zara'}]",3990,Straight fit trousers made of cotton poplin. Adjustable waist with strap. Front pockets and rear welt pockets.
298,COTTON POPLIN TROUSERS,https://www.zara.com/in/en/cotton-poplin-trousers-p06416316.html,"[{'https://static.zara.net/photos///2023/I/0/2/p/6416/316/707/2/w/448/6416316707_1_1_1.jpg?ts=1689256347867': 'Image 0 of COTTON POPLIN TROUSERS from Zara'}, {'https://static.zara.net/photos///2023/I/0/2/p/6416/316/707/2/w/448/6416316707_2_1_1.jpg?ts=1689256345212': 'Image 1 of COTTON POPLIN TROUSERS from Zara'}]",4990,Straight fit trousers made of cotton poplin. Adjustable waist with a belt in the same fabric and front pleats. Front pockets and patch pockets at the back. Faded effect. Front zip fly and hidden metal hook fastening.
300,CHECK SUIT TROUSERS,https://www.zara.com/in/en/check-suit-trousers-p05735521.html,"[{'https://static.zara.net/photos///2023/I/0/2/p/5735/521/707/2/w/448/5735521707_1_1_1.jpg?ts=1689605448931': 'Image 0 of CHECK SUIT TROUSERS from Zara'}, {'https://static.zara.net/photos///2023/I/0/2/p/5735/521/707/2/w/448/5735521707_2_1_1.jpg?ts=1689605448821': 'Image 1 of CHECK SUIT TROUSERS from Zara'}]",4990,Straight fit trousers with front pockets and rear jetted pockets. Front zip fly and button fastening.
301,CHECK SUIT TROUSERS,https://www.zara.com/in/en/check-suit-trousers-p01564381.html,"[{'https://static.zara.net/photos///2023/I/0/2/p/1564/381/401/2/w/448/1564381401_1_1_1.jpg?ts=1692353127320': 'Image 0 of CHECK SUIT TROUSERS from Zara'}, {'https://static.zara.net/photos///2023/I/0/2/p/1564/381/401/2/w/448/1564381401_2_1_1.jpg?ts=1692353127543': 'Image 1 of CHECK SUIT TROUSERS from Zara'}]",4990,Straight-fit trousers. Front pockets and rear welt pockets with button detail. Front zip fly and top button fastening.
305,RELAXED-FIT STRIPED TROUSERS,https://www.zara.com/in/en/relaxed-fit-striped-trousers-p03991308.html,"[{'https://static.zara.net/photos///2023/I/0/2/p/3991/308/044/2/w/448/3991308044_6_1_1.jpg?ts=1690815453192': 'Image 0 of RELAXED-FIT STRIPED TROUSERS from Zara'}, {'https://static.zara.net/photos///2023/I/0/2/p/3991/308/044/2/w/448/3991308044_6_2_1.jpg?ts=1690815453160': 'Image 1 of RELAXED-FIT STRIPED TROUSERS from Zara'}]",4990,Five-pocket relaxed-fit trousers with front zip fly and top button fastening.
306,STRIPED POPLIN TROUSERS,https://www.zara.com/in/en/striped-poplin-trousers-p03992340.html,"[{'https://static.zara.net/photos///2023/I/0/2/p/3992/340/300/2/w/448/3992340300_1_1_1.jpg?ts=1691146185628': 'Image 0 of STRIPED POPLIN TROUSERS from Zara'}, {'https://static.zara.net/photos///2023/I/0/2/p/3992/340/300/2/w/448/3992340300_2_1_1.jpg?ts=1691146186018': 'Image 1 of STRIPED POPLIN TROUSERS from Zara'}]",5590,Relaxed-fit trousers with an elasticated waistband and adjustable drawstring. Patch pocket on the back.
307,STRIPED LINEN-VISCOSE TROUSERS,https://www.zara.com/in/en/striped-linen-viscose-trousers-p03992342.html,"[{'https://static.zara.net/photos///2023/I/0/2/p/3992/342/600/2/w/448/3992342600_1_1_1.jpg?ts=1691415873798': 'Image 0 of STRIPED LINEN-VISCOSE TROUSERS from Zara'}, {'https://static.zara.net/photos///2023/I/0/2/p/3992/342/600/2/w/448/3992342600_2_1_1.jpg?ts=1691415874467': 'Image 1 of STRIPED LINEN-VISCOSE TROUSERS from Zara'}]",7590,"Relaxed-fit trousers with an adjustable elasticated waistband, a matching fabric belt and a back patch pocket."
308,FRAYED TROUSERS,https://www.zara.com/in/en/frayed-trousers-p02675314.html,"[{'https://static.zara.net/photos///2023/I/0/2/p/2675/314/712/2/w/448/2675314712_1_1_1.jpg?ts=1691418601750': 'Image 0 of FRAYED TROUSERS from Zara'}, {'https://static.zara.net/photos///2023/I/0/2/p/2675/314/712/2/w/448/2675314712_2_1_1.jpg?ts=1691418601758': 'Image 1 of FRAYED TROUSERS from Zara'}]",7590,Trousers made of a cotton blend. Elasticated waistband with adjustable drawstrings. Side pockets at the hip and back jetted pockets. Contrast frayed hems.
309,TROUSERS WITH CONTRAST EMBROIDERY,https://www.zara.com/in/en/trousers-with-contrast-embroidery-p00881316.html,"[{'https://static.zara.net/photos///2023/I/0/2/p/0881/316/251/2/w/448/0881316251_1_1_1.jpg?ts=1691419636390': 'Image 0 of TROUSERS WITH CONTRAST EMBROIDERY from Zara'}, {'https://static.zara.net/photos///2023/I/0/2/p/0881/316/251/2/w/448/0881316251_2_1_1.jpg?ts=1691419636151': 'Image 1 of TROUSERS WITH CONTRAST EMBROIDERY from Zara'}]",4990,Trousers made of cotton. Adjustable elasticated waistband with drawstring. Side pockets at the hip and back pockets. Contrast embroidery on the legs.
310,WIDE FIT TROUSERS - LIMITED EDITION,https://www.zara.com/in/en/wide-fit-trousers---limited-edition-p05711022.html,"[{'https://static.zara.net/photos///2023/I/0/2/p/5711/022/401/2/w/448/5711022401_1_1_1.jpg?ts=1688463998810': 'Image 0 of WIDE FIT TROUSERS - LIMITED EDITION from Zara'}, {'https://static.zara.net/photos///2023/I/0/2/p/5711/022/401/2/w/448/5711022401_2_1_1.jpg?ts=1688470612994': 'Image 1 of WIDE FIT TROUSERS - LIMITED EDITION from Zara'}]",8590,Wide fit trousers made of ramie. Adjustable drawstring waistband. Front pleats. Front pockets and rear welt pocket details. Hidden metal hook and zip fly front fastening.
